time,open,close,low,high,TradingVolume_binance,liquidate_long_binance,liquidate_short_binance,OpenInterest_long_binance,OpenInterest_short_binance,TradingVolume_bybit,liquidate_long_bybit,liquidate_short_bybit,OpenInterest_long_bybit,OpenInterest_short_bybit,TradingVolume_GMX,liquidate_long_GMX,liquidate_short_GMX,OpenInterest_long_GMX,OpenInterest_short_GMX,TradingVolume_perp,liquidate_long_perp,liquidate_short_perp,OpenInterest_long_perp,OpenInterest_short_perp,TradingVolume_GNS,liquidate_long_GNS,liquidate_short_GNS,OpenInterest_long_GNS,OpenInterest_short_GNS
2020-08-09,11200.06,11685.99,11103.0,11920.0,1035848.0889995815,45987291.14561993,19493097.56543993,405448216.00161,405448216.00161,51700.847008815304,4442592.886499999,1355511.4800000002,60261460.623,60261460.623,0.0,0.0,0.0,0.0,0.0,0.0,0.0,0.0,0.0,0.0,0.0,0.0,0.0,0.0,0.0
2020-08-16,11685.99,11921.23,11127.0,12100.0,1578971.0029990282,73734674.88653994,31728581.54164,423056580.86426,423056580.86426,105616.39799732059,14673090.2455,3738581.2845,71337306.222,71337306.222,0.0,0.0,0.0,0.0,0.0,0.0,0.0,0.0,0.0,0.0,0.0,0.0,0.0,0.0,0.0
2020-08-23,11921.32,11654.0,11385.06,12499.42,1465319.469999261,83918008.94818981,26799960.64609999,391332626.116,391332626.116,66938.1279986111,7590541.688500003,6433980.762499997,57642236.08,57642236.08,0.0,0.0,0.0,0.0,0.0,0.0,0.0,0.0,0.0,0.0,0.0,0.0,0.0,0.0,0.0
2020-08-30,11654.0,11714.14,11130.0,11831.96,1093206.7609994605,43837145.301630035,20866117.063829992,437372590.58686,437372590.58686,37398.54700110741,5359997.022500001,2799644.4825000004,60237176.8,60237176.8,0.0,0.0,0.0,0.0,0.0,0.0,0.0,0.0,0.0,0.0,0.0,0.0,0.0,0.0,0.0
2020-09-06,11714.13,10258.13,9808.58,12061.07,1963470.3339989618,113694683.31707044,41239418.31661998,344133077.45549995,344133077.45549995,72266.58000852066,14585297.490500001,3047302.8060000003,32049155.385,32049155.385,0.0,0.0,0.0,0.0,0.0,0.0,0.0,0.0,0.0,0.0,0.0,0.0,0.0,0.0,0.0
2020-09-13,10258.13,10327.72,9842.01,10580.0,1306669.2149990967,32668435.421379946,35441344.21089999,355248688.52252,355248688.52252,36175.99999630933,2336007.5865000007,1862588.8685000003,41816763.84,41816763.84,0.0,0.0,0.0,0.0,0.0,0.0,0.0,0.0,0.0,0.0,0.0,0.0,0.0,0.0,0.0
2020-09-20,10327.72,10914.28,10241.57,11177.0,1293155.1739996374,24117645.54885999,35633075.82819994,398607601.47624,398607601.47624,32015.307992506856,1469661.6395,6131131.882000001,55250511.36,55250511.36,0.0,0.0,0.0,0.0,0.0,0.0,0.0,0.0,0.0,0.0,0.0,0.0,0.0,0.0,0.0
2020-09-27,10915.52,10768.0,10132.21,10980.69,1337071.8079996416,41269003.01269999,39849844.91039008,403958181.92,403958181.92,36465.30800530816,3523308.552,4272576.206500001,58736456.7,58736456.7,0.0,0.0,0.0,0.0,0.0,0.0,0.0,0.0,0.0,0.0,0.0,0.0,0.0,0.0,0.0
2020-10-04,10768.0,10660.16,10371.03,11024.0,1105911.482999315,27532034.59556997,26278230.834690023,397187530.38944,397187530.38944,31587.370000708994,1585738.1985,1450047.3140000002,56622210.224,56622210.224,0.0,0.0,0.0,0.0,0.0,0.0,0.0,0.0,0.0,0.0,0.0,0.0,0.0,0.0,0.0
2020-10-11,10660.16,11369.59,10510.66,11494.0,1130157.3729993824,15759605.19471999,69073432.36606042,447734749.80934,447734749.80934,37846.034013205484,1161907.1395,5238119.1435,60600012.308,60600012.308,0.0,0.0,0.0,0.0,0.0,0.0,0.0,0.0,0.0,0.0,0.0,0.0,0.0,0.0,0.0
2020-10-18,11369.59,11501.1,11157.0,11732.0,1261691.7339991631,39727881.89662997,32875093.087999854,441470781.6012,441470781.6012,36218.93899180343,2483156.4375,2339221.884,56092911.68,56092911.68,0.0,0.0,0.0,0.0,0.0,0.0,0.0,0.0,0.0,0.0,0.0,0.0,0.0,0.0,0.0
2020-10-25,11501.5,13023.81,11404.01,13369.0,2096887.2619987074,79911640.15075992,172855386.46112084,576897504.28362,576897504.28362,77218.06496241053,5594863.169,16137927.801999992,65447383.128000006,65447383.128000006,0.0,0.0,0.0,0.0,0.0,0.0,0.0,0.0,0.0,0.0,0.0,0.0,0.0,0.0,0.0
2020-11-01,13024.21,13752.86,12729.0,14140.0,2408092.457997147,94380234.68285994,94375811.94725981,679319714.1165601,679319714.1165601,97155.68703271478,9296052.5695,13542440.449000001,89916640.0,89916640.0,0.0,0.0,0.0,0.0,0.0,0.0,0.0,0.0,0.0,0.0,0.0,0.0,0.0,0.0,0.0
2020-11-08,13752.87,15473.2,13195.0,15984.2,3152348.2419969086,165763298.48669994,185194314.09206054,640603539.3808,640603539.3808,150191.53603271607,19324736.884999998,19108070.90699998,57905144.82,57905144.82,0.0,0.0,0.0,0.0,0.0,0.0,0.0,0.0,0.0,0.0,0.0,0.0,0.0,0.0,0.0
2020-11-15,15473.2,15952.27,14822.0,16479.99,2303933.778996554,87164826.81601964,66873026.89096974,671712059.48832,671712059.48832,135199.54399091142,7728719.049000002,4760998.406500001,99651044.285,99651044.285,0.0,0.0,0.0,0.0,0.0,0.0,0.0,0.0,0.0,0.0,0.0,0.0,0.0,0.0,0.0
2020-11-22,15951.93,18435.2,15862.0,18986.0,3122608.1109951735,190364450.25436103,193018931.65142018,773658368.9184,773658368.9184,221218.9050007924,37545641.194499984,16868293.66,278876162.016,278876162.016,0.0,0.0,0.0,0.0,0.0,0.0,0.0,0.0,0.0,0.0,0.0,0.0,0.0,0.0,0.0
2020-11-29,18434.17,18181.09,16181.0,19554.19,3042026.106999797,456930716.15762544,135405362.4554498,649689669.7956699,649689669.7956699,202214.2640230573,49081624.63899995,13154051.9085,108112003.678,108112003.678,0.0,0.0,0.0,0.0,0.0,0.0,0.0,0.0,0.0,0.0,0.0,0.0,0.0,0.0,0.0
2020-12-06,18180.43,19375.02,18050.0,19956.0,2253295.1569970716,232201690.52308133,170222989.6957602,776489382.7866,776489382.7866,155196.17602707006,30955298.894500002,16135062.850999994,138041855.032,138041855.032,0.0,0.0,0.0,0.0,0.0,0.0,0.0,0.0,0.0,0.0,0.0,0.0,0.0,0.0,0.0
2020-12-13,19375.0,19175.07,17555.0,19446.36,1791784.4519970939,189610429.91398016,156143004.25720984,758569987.7154,758569987.7154,113649.43885401996,16074120.251,13321713.806999998,168156554.466,168156554.466,0.0,0.0,0.0,0.0,0.0,0.0,0.0,0.0,0.0,0.0,0.0,0.0,0.0,0.0,0.0
2020-12-20,19175.06,23472.96,19004.72,24376.0,2678835.3010024163,273440580.565242,515540409.50839865,921817480.14048,921817480.14048,189807.89409349576,22915772.133999996,35846300.89399999,230086112.74,230086112.74,0.0,0.0,0.0,0.0,0.0,0.0,0.0,0.0,0.0,0.0,0.0,0.0,0.0,0.0,0.0
2020-12-27,23472.95,26305.64,21920.0,28459.84,2611287.852995382,369269643.8471038,339195262.7694906,858836583.47448,858836583.47448,199920.39299289644,50612265.038999975,43535576.724499986,258034478.715,258034478.715,0.0,0.0,0.0,0.0,0.0,0.0,0.0,0.0,0.0,0.0,0.0,0.0,0.0,0.0,0.0
2021-01-03,26301.76,33054.53,25913.01,34832.25,2460453.8739967206,362552810.9280698,387979217.426726,1134603320.10147,1134603320.10147,205889.04797336704,59681264.20749998,56180890.38299998,238338378.166,238338378.166,0.0,0.0,0.0,0.0,0.0,0.0,0.0,0.0,0.0,0.0,0.0,0.0,0.0,0.0,0.0
2021-01-10,33053.93,38221.67,27800.0,42125.51,3118952.5749901375,891404516.3846539,432300330.63919675,1173722088.42263,1173722088.42263,279009.25290469563,157617660.8384999,109458275.65849993,197552354.37,197552354.37,0.0,0.0,0.0,0.0,0.0,0.0,0.0,0.0,0.0,0.0,0.0,0.0,0.0,0.0,0.0
2021-01-17,38200.01,35869.83,30448.0,40189.39,3132476.8879980817,850871321.7391415,474965351.5064806,958476794.81442,958476794.81442,275978.87902577507,75216562.45649993,59507852.54449999,183043727.083,183043727.083,0.0,0.0,0.0,0.0,0.0,0.0,0.0,0.0,0.0,0.0,0.0,0.0,0.0,0.0,0.0
2021-01-24,35875.72,32275.63,28880.0,37961.0,2313462.2989948187,585502461.6024271,269874957.0746994,875467426.5736,875467426.5736,170410.215019021,43177102.97749999,60765462.08349997,182294640.99,182294640.99,0.0,0.0,0.0,0.0,0.0,0.0,0.0,0.0,0.0,0.0,0.0,0.0,0.0,0.0,0.0
2021-01-31,32274.88,33126.21,29240.0,38641.1,2567388.9669973147,489025498.41226363,348162101.5303804,1039220288.31582,1039220288.31582,267604.2380156565,71717236.3674999,77967655.97199991,146257999.808,146257999.808,0.0,0.0,0.0,0.0,0.0,0.0,0.0,0.0,0.0,0.0,0.0,0.0,0.0,0.0,0.0
2021-02-07,33125.11,38849.25,32322.47,40992.4,1831202.0159969148,315090052.6670992,233471115.77519837,1225564780.2915,1225564780.2915,171109.8790251435,41474973.367499985,37434879.66200002,384517579.719,384517579.719,0.0,0.0,0.0,0.0,0.0,0.0,0.0,0.0,0.0,0.0,0.0,0.0,0.0,0.0,0.0
2021-02-14,38849.24,48655.21,38037.0,49875.16,2185525.42299241,497488834.15088755,588030159.3071628,1811110786.94728,1811110786.94728,218548.18801166854,60429815.9815,54018777.33049996,290215030.677,290215030.677,0.0,0.0,0.0,0.0,0.0,0.0,0.0,0.0,0.0,0.0,0.0,0.0,0.0,0.0,0.0
2021-02-21,48659.1,57487.43,45349.21,58472.14,1784900.9009948168,537483103.2691892,457794649.2866674,1900065625.80835,1900065625.80835,151941.66300824855,67277953.50350001,70422340.03699997,310835722.464,310835722.464,0.0,0.0,0.0,0.0,0.0,0.0,0.0,0.0,0.0,0.0,0.0,0.0,0.0,0.0,0.0
2021-02-28,57475.5,45163.36,43002.05,57591.87,2974388.054996617,1520158672.1384761,585476326.1574993,1334327218.47568,1334327218.47568,261642.71801480715,134623727.39099962,72130531.79049999,230776601.712,230776601.712,0.0,0.0,0.0,0.0,0.0,0.0,0.0,0.0,0.0,0.0,0.0,0.0,0.0,0.0,0.0
2021-03-07,45162.64,50995.27,44972.49,52681.51,2144521.219994273,513814075.02571815,454938851.7824755,1500104807.72796,1500104807.72796,175842.36602975783,70765859.78899999,62272225.910499915,276214679.884,276214679.884,0.0,0.0,0.0,0.0,0.0,0.0,0.0,0.0,0.0,0.0,0.0,0.0,0.0,0.0,0.0
2021-03-14,50991.35,59037.12,49310.0,61950.0,2247445.1849925113,584989709.7619549,564528620.0297465,2130786922.104,2130786922.104,187541.25601093913,88297540.81949998,78100516.78799993,390146620.856,390146620.856,0.0,0.0,0.0,0.0,0.0,0.0,0.0,0.0,0.0,0.0,0.0,0.0,0.0,0.0,0.0
2021-03-21,59037.11,57415.18,53335.0,60740.0,2133105.879992989,1036845545.1145158,322483849.2316773,1860386011.27566,1860386011.27566,182476.39198924304,99857834.1064999,61915985.983499974,373416375.57,373416375.57,0.0,0.0,0.0,0.0,0.0,0.0,0.0,0.0,0.0,0.0,0.0,0.0,0.0,0.0,0.0
2021-03-28,57415.19,55805.08,50452.08,58500.0,2087199.2089915224,887656813.2350576,380462897.4757668,1741661870.06396,1741661870.06396,160775.83199355882,93402465.25749986,51566798.140999995,358301158.24,358301158.24,0.0,0.0,0.0,0.0,0.0,0.0,0.0,0.0,0.0,0.0,0.0,0.0,0.0,0.0,0.0
2021-04-04,55804.16,58234.61,54931.15,60397.85,1583349.8389973072,503552619.6989405,262178618.34177804,1967731224.44381,1967731224.44381,118486.25200844309,77493998.3945,38647507.911000006,361866854.112,361866854.112,0.0,0.0,0.0,0.0,0.0,0.0,0.0,0.0,0.0,0.0,0.0,0.0,0.0,0.0,0.0
2021-04-11,58234.61,60090.2,55536.07,61800.0,1296995.4419982308,378130947.8075097,218216485.79852846,2069510213.5924,2069510213.5924,87518.48998833701,42995063.229499996,36050780.54799998,383743377.159,383743377.159,0.0,0.0,0.0,0.0,0.0,0.0,0.0,0.0,0.0,0.0,0.0,0.0,0.0,0.0,0.0
2021-04-18,60093.26,56140.05,50050.0,64986.11,1938187.2989936625,1462766836.749286,305723304.00001645,1591606122.5718,1591606122.5718,151959.39099939566,109242444.05549982,43505897.05450002,466597893.3,466597893.3,0.0,0.0,0.0,0.0,0.0,0.0,0.0,0.0,0.0,0.0,0.0,0.0,0.0,0.0,0.0
2021-04-25,56140.05,49063.94,46930.43,57532.7,2479401.729992066,1027969352.079148,419828505.26553875,1604836338.5752,1604836338.5752,160347.18500952228,94008661.41699989,66831633.867999986,317849144.15,317849144.15,0.0,0.0,0.0,0.0,0.0,0.0,0.0,0.0,0.0,0.0,0.0,0.0,0.0,0.0,0.0
2021-05-02,49063.93,56630.33,48763.0,58488.17,1842365.0559950243,102344341.17884958,259641180.6223307,1883641321.01914,1883641321.01914,112957.43706253245,48553434.55599999,66386815.60299992,325979839.494,325979839.494,0.0,0.0,0.0,0.0,0.0,0.0,0.0,0.0,0.0,0.0,0.0,0.0,0.0,0.0,0.0
2021-05-09,56630.34,58292.53,52880.38,59590.96,2020470.5179945661,80192990.45183995,80476002.42593996,1853265143.43994,1853265143.43994,116505.36800804429,68435741.82699998,32095269.903500002,293461881.957,293461881.957,0.0,0.0,0.0,0.0,0.0,0.0,0.0,0.0,0.0,0.0,0.0,0.0,0.0,0.0,0.0
2021-05-16,58292.53,46429.28,43866.0,59654.0,3153239.485994059,170932809.5617292,119392479.33884965,1716266506.75328,1716266506.75328,196114.77000759463,111551317.31849985,39634054.087500006,281489863.468,281489863.468,0.0,0.0,0.0,0.0,0.0,0.0,0.0,0.0,0.0,0.0,0.0,0.0,0.0,0.0,0.0
2021-05-23,46429.28,34651.6,28688.0,46655.0,6062358.788037006,198637533.87283814,150052123.62759876,1060102289.572,1060102289.572,566486.861135011,209265676.5914994,121806718.78999951,175058944.32,175058944.32,0.0,0.0,0.0,0.0,0.0,0.0,0.0,0.0,0.0,0.0,0.0,0.0,0.0,0.0,0.0
2021-05-30,34656.53,35651.81,33356.0,40900.0,4505132.885007688,54404770.943549894,50929912.32210994,1334181250.1455898,1334181250.1455898,329395.0290500277,74971923.14149995,87169120.09049985,220003282.415,220003282.415,0.0,0.0,0.0,0.0,0.0,0.0,0.0,0.0,0.0,0.0,0.0,0.0,0.0,0.0,0.0
2021-06-06,35651.8,35801.71,34150.0,39470.0,3950260.877998334,37812993.18720998,39684588.045600064,1591924001.79617,1591924001.79617,317550.96102368354,82344577.28199989,67705031.96499999,254758913.572,254758913.572,0.0,0.0,0.0,0.0,0.0,0.0,0.0,0.0,0.0,0.0,0.0,0.0,0.0,0.0,0.0
2021-06-13,35801.71,38993.65,30969.0,39374.18,5237052.662029159,79399196.42079978,78909513.77161983,1972553835.471,1972553835.471,541417.132884606,127946320.41199973,220507527.7354992,358908501.926,358908501.926,0.0,0.0,0.0,0.0,0.0,0.0,0.0,0.0,0.0,0.0,0.0,0.0,0.0,0.0,0.0
2021-06-20,38993.66,35588.64,33312.0,41413.0,4873166.058013186,80259244.87275979,73652557.42173985,1927722460.44288,1927722460.44288,505324.9920651723,174284586.91099954,106241114.75049981,364522113.5985,364522113.5985,0.0,0.0,0.0,0.0,0.0,0.0,0.0,0.0,0.0,0.0,0.0,0.0,0.0,0.0,0.0
2021-06-27,35588.63,34687.71,28780.01,35746.28,7746201.772059668,148463444.33451906,122552329.62406924,1929715671.90726,1929715671.90726,874839.1291913169,173903292.0324993,224032258.91549903,346408856.469,346408856.469,0.0,0.0,0.0,0.0,0.0,0.0,0.0,0.0,0.0,0.0,0.0,0.0,0.0,0.0,0.0
2021-07-04,34687.71,35280.16,32672.04,36623.0,4617382.922010585,57617492.65331991,58414510.885909885,2109182629.1707203,2109182629.1707203,533064.1479579962,84575961.20849979,128060609.31549984,472741441.145,472741441.145,0.0,0.0,0.0,0.0,0.0,0.0,0.0,0.0,0.0,0.0,0.0,0.0,0.0,0.0,0.0
2021-07-11,35280.17,34253.81,32066.0,35281.55,3726937.417001142,47940724.16049993,45931790.72892996,2152214015.54256,2152214015.54256,478186.24202847225,78380567.3244999,83220540.71899992,484672579.29200006,484672579.29200006,0.0,0.0,0.0,0.0,0.0,0.0,0.0,0.0,0.0,0.0,0.0,0.0,0.0,0.0,0.0
2021-07-18,34253.88,31767.0,31018.59,34662.73,3380014.7739904243,59156771.05284992,39655079.62203001,2047800917.817,2047800917.817,413099.12098852673,87790218.39049992,50324134.96549997,451788961.56,451788961.56,0.0,0.0,0.0,0.0,0.0,0.0,0.0,0.0,0.0,0.0,0.0,0.0,0.0,0.0,0.0
2021-07-25,31765.23,35370.66,29242.24,35400.0,3458136.5559976236,41075800.40824999,63106529.61836991,2555740463.5737004,2555740463.5737004,465551.64199507004,79072201.0444998,212783739.19049984,648729811.4000001,648729811.4000001,0.0,0.0,0.0,0.0,0.0,0.0,0.0,0.0,0.0,0.0,0.0,0.0,0.0,0.0,0.0
2021-08-01,35370.67,39846.78,35185.49,48168.6,4467666.6560073765,76264812.96429977,102301021.25438961,1987055436.51234,1987055436.51234,645371.6739996508,135927809.31349975,283210389.0090006,505310904.4665,505310904.4665,0.0,0.0,0.0,0.0,0.0,0.0,0.0,0.0,0.0,0.0,0.0,0.0,0.0,0.0,0.0
2021-08-08,39846.78,43787.71,37291.0,45350.0,3985777.721998551,82937241.14108983,94600120.79731971,2295617549.5997,2295617549.5997,506036.551999617,74703487.17499995,101906420.32399984,558066799.836,558066799.836,0.0,0.0,0.0,0.0,0.0,0.0,0.0,0.0,0.0,0.0,0.0,0.0,0.0,0.0,0.0
2021-08-15,43787.71,47006.02,42785.0,48300.0,3126823.2539938097,62912443.689129926,78814351.09075983,2508988058.84576,2508988058.84576,382100.4309996301,62692333.50650001,59971365.35799987,598365000.576,598365000.576,0.0,0.0,0.0,0.0,0.0,0.0,0.0,0.0,0.0,0.0,0.0,0.0,0.0,0.0,0.0
2021-08-22,47006.02,49273.28,43938.38,49833.0,2765686.7559904107,65512921.29870992,71432211.55660991,2816408800.03616,2816408800.03616,376054.195999622,67175834.5095,64357776.9155,681199095.9375,681199095.9375,0.0,0.0,0.0,0.0,0.0,0.0,0.0,0.0,0.0,0.0,0.0,0.0,0.0,0.0,0.0
2021-08-29,49273.28,48795.41,46280.0,50600.0,2560203.3289919263,57028592.00039997,56611122.65125997,2809070167.7744803,2809070167.7744803,396612.0339996381,84445011.01199988,55269636.47199995,702367434.31,702367434.31,0.0,0.0,0.0,0.0,0.0,0.0,0.0,0.0,0.0,0.0,0.0,0.0,0.0,0.0,0.0
2021-09-05,48795.42,51799.57,46550.99,51950.0,2423516.374991674,37388092.92274003,57809803.04425002,3237859705.1909103,3237859705.1909103,352235.4879997218,77378683.32899995,63758889.87949997,959508468.753,959508468.753,40662.158323633106,0.0,0.0,38775.42447690151,88.94348814,0.0,0.0,0.0,0.0,0.0,0.0,0.0,0.0,0.0,0.0
2021-09-12,51799.56,46046.73,42088.0,52950.0,2566502.4309965177,86622758.87606987,51319660.50072996,2223702775.45938,2223702775.45938,396043.05899977335,91354809.16199997,57165295.476,608674702.2075,608674702.2075,2302270.016977444,0.0,0.0,38150.19318192397,7005.412005477373,0.0,0.0,0.0,0.0,0.0,0.0,0.0,0.0,0.0,0.0
2021-09-19,46048.02,47256.91,43323.93,48850.0,1877795.5539950908,38685744.84307002,38063181.56845003,2440426980.1193604,2440426980.1193604,275574.5499999002,50741951.16050004,60450991.690999955,776734075.5260273,776734075.5260273,6587417.628000975,0.0,2516.1296566187707,604958.5917262172,615.447270961522,0.0,0.0,0.0,0.0,0.0,0.0,0.0,0.0,0.0,0.0
2021-09-26,47256.92,43150.0,39503.58,47345.0,3255166.872995785,74129107.60223982,64994200.804779924,1908976323.65,1908976323.65,494314.33599959983,61916621.413499735,64651170.15549986,639246054.96,639246054.96,7290510.037849986,1003.4604706150365,0.0,539600.7190859073,233118.9085045985,0.0,0.0,0.0,0.0,0.0,0.0,0.0,0.0,0.0,0.0
2021-10-03,43150.01,48187.3,40708.73,49304.12,2168356.0999922133,36676350.97539003,44905426.63796999,2315428436.4435,2315428436.4435,358067.6899997162,10635971.0205,13723579.491500009,763784493.8549999,763784493.8549999,10806930.256669763,0.0,0.0,398172.7504877354,175480.27952400618,0.0,0.0,0.0,0.0,0.0,0.0,0.0,0.0,0.0,0.0
2021-10-10,48187.99,54700.0,46885.29,56789.0,2031846.4269919007,46571450.48777005,55163008.69548998,2872254498.1,2872254498.1,315259.16999971354,19969143.12050002,24047657.188000023,686416134.6135,686416134.6135,25306626.721050236,0.0,579.0243001657686,2776213.087652657,290854.8938752972,0.0,0.0,0.0,0.0,0.0,0.0,0.0,0.0,0.0,0.0
2021-10-17,54700.0,61571.45,53750.0,63997.61,2193179.716991041,45541707.501590066,75654244.86309999,3277205507.27265,3277205507.27265,311637.7739996608,27201175.691000015,26356545.78350001,844001430.2160001,844001430.2160001,56380896.58634506,0.0,0.0,7922093.935123881,104950.28127238824,0.0,0.0,0.0,0.0,0.0,0.0,0.0,0.0,0.0,0.0
2021-10-24,61571.45,60902.82,59504.46,67150.0,2334510.8449892937,52064561.92434008,65073916.34984001,3468532776.02568,3468532776.02568,324242.2619996945,33758581.466499984,15368285.343500003,979036131.4965,979036131.4965,89425098.95966133,0.0,0.0,9095171.327610023,1227627.391531561,0.0,0.0,0.0,0.0,0.0,0.0,0.0,0.0,0.0,0.0
2021-10-31,60902.82,61348.61,57550.0,63795.98,1706867.1969930953,59290759.45429988,61828033.23940997,3392099307.09895,3392099307.09895,257232.6169999155,18761780.214,9522454.4205,1087874574.768,1087874574.768,56610052.91897075,14689.3083020733,0.0,9569914.026006816,20095.71945614624,0.0,0.0,0.0,0.0,0.0,0.0,0.0,0.0,0.0,0.0
2021-11-07,61347.14,63316.4,59400.0,64349.55,1314976.8389962304,45296203.345300056,36630883.030110046,3563721848.4924,3563721848.4924,209970.61700002858,8198855.997500003,3589330.6874999963,1164341402.304,1164341402.304,52226601.79431145,0.0,0.0,16165886.090768462,57796.55747483237,0.0,0.0,0.0,0.0,0.0,0.0,0.0,0.0,0.0,0.0
2021-11-14,63316.4,65568.39,62313.0,69198.7,1568334.4809946928,54965347.27843994,59825348.96679997,3782268515.19192,3782268515.19192,222048.13500003653,18786462.029000007,11374768.4555,1233593427.264845,1233593427.264845,107952953.12926744,0.0,0.0,11282686.283302208,95593.60971976654,0.0,0.0,0.0,0.0,0.0,0.0,0.0,0.0,0.0,0.0
2021-11-21,65568.38,58661.39,55604.0,66395.05,1947376.3609901739,92873828.6660397,49912102.58896004,3299160745.62667,3299160745.62667,245619.0730002018,32137592.417499997,13172406.816000007,1124196703.443,1124196703.443,59998775.33378594,505235.37123882154,0.0,6754106.7256675465,368362.25636225886,0.0,0.0,0.0,0.0,0.0,0.0,0.0,0.0,0.0,0.0
2021-11-28,58648.87,57315.73,53245.0,59624.56,1727899.9879901593,103117844.4352695,54761314.46953006,3570560948.5326905,3570560948.5326905,224894.50999998974,34955831.30050002,16821461.813000005,1122146251.753427,1122146251.753427,124417819.95830339,81351.96111653646,0.0,6316963.724850171,9694310.86828757,1150856.1582436413,0.0,0.0,14810.86684738889,104537.3969518386,0.0,0.0,0.0,0.0,0.0
2021-12-05,57315.72,49376.6,40888.89,59224.99,2331522.864990842,152075039.331129,71783782.24857992,1976133003.39,1976133003.39,332276.89499974286,46034611.222000025,22833255.536000006,613517817.6060001,613517817.6060001,124203820.83548243,3709472.5824216744,0.0,2724356.6524798414,1547198.7654635056,43462669.297662295,11003.2004382271,76716.25149162133,464068.9703056839,590706.8178578506,0.0,0.0,0.0,0.0,0.0
2021-12-12,49373.83,50057.01,46724.35,51929.0,1790893.2189909585,50355595.33831001,49799739.123919964,2177278005.0216603,2177278005.0216603,259325.71399994916,17093296.79850001,23498978.215500016,689700983.699,689700983.699,68923320.89450942,56760.6194574828,534.8563645149,4316939.391097122,5243413.091368267,49568352.9159836,0.0,18453.78361999897,642702.323345786,1241529.6977485348,0.0,0.0,0.0,0.0,0.0
2021-12-19,50057.02,46668.63,45373.11,50180.0,1934998.7859933733,46717499.11770001,37720793.80443002,2616032502.2610297,2616032502.2610297,314089.0999998171,16803649.4435,16716373.170000011,677840767.4265,677840767.4265,129659988.06563085,56378.624909656995,622.1444836736,4306296.0823896285,2731138.643334235,61598556.16013939,0.0,5662.810892144529,1598171.362250826,1399642.559189542,0.0,0.0,0.0,0.0,0.0
2021-12-26,46668.65,50765.73,45530.67,51805.0,1550789.639995486,31659709.79977003,40367706.990010045,3670211504.781901,3670211504.781901,239446.60799997652,12451724.028000005,15138363.858500006,820567295.4990001,820567295.4990001,155511281.3759004,0.0,0.0,3667243.13292876,3581645.692493815,24990151.917598974,620.6745769197246,0.0,1133469.4337410622,1495262.8658082192,15139627.0,1343783.0,266114.0,2610190.4945595446,287267.4424702852
2022-01-02,50765.73,47280.0,45650.0,52134.0,1708421.7669944044,45867759.85657001,30738272.96417003,3465520267.68,3465520267.68,284674.1059999015,16795283.62950001,16299915.439000003,727086554.12,727086554.12,152032860.81466928,191727.91632975603,0.0,3286543.070580134,12560948.668604389,31129466.224415693,0.0,21048.590781590945,2252778.06635256,1300988.784786063,50095261.0,4072843.0,55702.0,6616839.183434938,1948203.427234847
2022-01-09,47280.01,41851.22,40456.56,47575.22,2301888.2799899136,75871672.31571983,37499737.29142,3187332960.11886,3187332960.11886,411974.64999951154,24470512.721000016,21011082.18700001,707472128.256,707472128.256,186001833.7064097,508805.91841877566,0.0,2785747.927611717,2410948.122059721,52694179.14680418,0.0,24415.202900134154,2481627.2734718597,1441754.8706421545,51202463.0,3417226.0,3227963.0,3477311.48789493,8975743.537912
2022-01-16,41851.22,43060.66,39610.0,44396.68,1982615.890990295,35061347.103740014,32771133.332080007,3173778581.92714,3173778581.92714,380531.57399962755,17765673.8465,25874240.458000004,731313450.242,731313450.242,173693931.09057727,20480.26666526311,0.0,4017085.274174601,1256638.9064123034,38743745.71742921,0.0,863.5623028263356,2199278.512939883,1398226.3716026936,48698717.0,2287897.0,1227213.0,5634765.96996124,25457002.556617044
2022-01-23,43060.66,36230.01,33950.0,43495.0,3069035.1809996776,85198881.84879944,51065853.83024993,2685727126.9890304,2685727126.9890304,615708.3079995357,36986428.33549997,36903369.1395,630560233.3066376,630560233.3066376,75941036.67425169,902615.8718001279,24316.49977316,841143.2695477891,491094.379766352,82228684.3822962,0.0,567163.2174705161,1444878.2144630982,1471674.729276205,78535574.0,5003298.0,1343372.0,2667583.4271011646,2927647.66079388
2022-01-30,36230.0,37870.01,32853.83,38886.58,3009615.8410002813,59042232.31059987,57157330.306029886,2926351512.42587,2926351512.42587,598992.4489991211,24759977.524500024,40104813.17949997,672004392.2276213,672004392.2276213,69271866.52429949,480.9937599652,13050.7151061,809233.4732888441,1174823.8035745337,49182676.99750088,577.2797136334661,0.0,1718840.5488706878,1792027.2958148625,59796819.0,2172554.0,2203527.0,2028345.5398480687,5897333.629187738
2022-02-06,37870.0,42361.35,36204.3,42656.8,2305600.5339924903,36596672.356250025,38716824.26309003,3410411299.0416,3410411299.0416,452708.1099991622,14572949.098500002,24243065.602500003,820434564.95,820434564.95,69452323.38384624,3439.14237851,49610.298446739,1800913.2228534902,418155.2266568784,32977859.09700218,624.2689103030125,0.0,1732743.8927862511,2897128.420390202,114341281.0,2546522.0,7947508.0,6172612.070206382,3028491.4357337304
2022-02-13,42361.34,42041.13,41540.0,45847.5,2613181.995990718,49457422.765629984,51395685.08196001,3014327117.57127,3014327117.57127,535873.4779993285,24844781.78100001,26059584.821000014,739450130.4154999,739450130.4154999,70852426.44861111,0.0,5127.61788705,1750569.6300600658,1930111.2976623,34574677.536728896,1797.7384179185078,0.0,2385080.54131631,2044523.6149127025,140720820.0,6882646.0,2773960.0,1428101.2728377292,5484465.30693953
2022-02-20,42041.12,38368.1,37905.0,44777.0,2163374.234993743,34182914.969420016,27876144.286739994,2827109440.2893,2827109440.2893,475841.8279993768,18257289.009000015,17370308.941500008,776965327.905,776965327.905,31133236.06396448,797.4790520500001,393.7004631,3865204.288014941,403695.1093361105,27473775.984325588,2769.368203579127,45534.59615944813,2649957.939650402,2244783.096860825,100528376.0,2303490.0,965759.0,1926472.5113555165,2469029.867883255
2022-02-27,38367.9,37672.0,34303.7,40441.1,3530472.475004319,48106012.03089994,41981932.433899954,2481124595.6080003,2481124595.6080003,793053.4259994584,35156847.798999995,44746040.89150001,723026831.58,723026831.58,303694423.4449129,209711.1027085014,59876.15050555126,1425910.430616904,17742530.130665213,54216432.52747737,11041.260047385736,16830.857667333446,2299712.423729838,2096657.5006004395,57736091.0,875170.0,4332808.0,1438657.0046675887,2262762.8590946584
2022-03-06,37672.1,38401.1,37414.4,45350.0,2816548.9419929544,40964848.65360003,32363060.329600047,2780425194.1152,2780425194.1152,650271.1879996785,26353998.574500017,34000659.20850001,689899827.906,689899827.906,994323193.1981971,2200.6931532566,724608.7545387817,20714687.294025287,3375024.745919086,27835225.31316263,92297.75957162931,4344.3098851308305,1974387.8466053717,1850276.3168615832,40384013.0,2938766.0,1337332.0,1968530.2891969257,14798353.81504285
2022-03-13,38401.1,37743.7,37134.0,42647.5,2770518.8549913247,33414613.19680002,27674571.931600023,2856434270.7431,2856434270.7431,687775.9069997956,28591119.500500012,30049748.20000001,766090232.336,766090232.336,671119639.6609004,35818.86860045,3432.3504118307,3215107.9278893345,372130.177082079,25540395.48891834,674.4877228496463,29715.139838100004,2203867.3251332743,1831809.6047477864,45488486.0,1873205.0,817136.0,5522672.499740866,3718754.503925493
2022-03-20,37743.0,41261.0,37522.1,42446.6,2320847.9309961633,21568853.260200005,21317430.34870001,3106588511.499,3106588511.499,554391.4889994396,16319859.70350001,26416699.822500013,876313352.9915873,876313352.9915873,180941162.67547688,451.35040984,1398.33947584,17050065.255859688,1404093.4674157323,32269273.811061367,744.12448166683,0.0,1890239.5392413472,2407913.3629819006,338814791.0,1612223.0,45134759.0,6390448.327284925,8462864.37618532
2022-03-27,41261.1,46820.8,40430.0,47047.0,2055267.434994744,17575847.90430002,22306120.053000033,3755762076.04,3755762076.04,518102.50199957425,16248622.323499996,27907273.76000001,1125412453.496,1125412453.496,818343835.9304256,195.31333566648,296253.83704327623,1853948.2280943028,3867839.790806081,23472395.8324963,4677.4790151809975,0.0,1677273.3773015465,4039993.9067437984,542446454.0,2013609.0,227292.0,11304921.086974004,16502541.671038698
2022-04-03,46820.9,46392.4,44206.2,48200.0,1910331.9129956963,35039125.77650003,30066899.92110002,3330829529.3196,3330829529.3196,533042.5979994476,30832070.264000006,19918098.072000004,1027190735.229,1027190735.229,389164967.6933387,0.0,5271.09643547,2739733.012835726,151430.29595456272,28910709.673166316,29500.159202205254,1884.282783199603,2356177.5392729323,3169107.2422499564,167854521.0,8247309.0,2788554.0,12176015.71606512,7810527.315036964
2022-04-10,46392.3,42140.4,41838.0,47188.0,1755879.7279945123,37985322.67870001,19899629.374200016,3554669835.4464,3554669835.4464,517329.69499945594,20840015.445500005,18774932.631,978564068.704,978564068.704,535987257.92096925,69950.33135206098,0.0,26385631.42452746,432275.5845998712,19699259.835707612,0.0,18832.676031351504,3045166.5910269264,2584441.517120623,98889425.0,12506589.0,1705198.0,7535478.755510408,9236470.205783203
2022-04-17,42140.3,39649.1,39136.7,42399.9,1868436.3779933308,29569699.849199995,19130451.52129999,3312557251.7386003,3312557251.7386003,565545.363999695,20665496.592499994,16710995.939000003,1018986505.796,1018986505.796,322083314.0894812,10164325.479025085,2137.98054762,2740321.64283893,14858383.799149204,15901232.052282695,0.0,9052.326004997394,3230903.951731939,2584902.9848217946,102639675.0,4492832.0,779932.0,8147058.003272803,8422347.865868544
2022-04-24,39649.1,39433.4,38465.7,42966.0,1847071.9669925268,29274982.7195,21224330.173200026,3383147581.6974,3383147581.6974,545999.8339995653,15452613.919000003,25027699.040000003,971343179.8155,971343179.8155,156894690.03961232,284298.4721802388,9805.45714637,2644448.0667381017,1667239.9960977563,21573625.983459085,8289.97329105465,5065.527812126349,2926031.4462798587,2775583.0775472904,48593001.0,3432339.0,262388.0,9476674.63899321,8724150.692663476
2022-05-01,39433.3,38440.5,37350.0,40800.0,2411324.694986451,39759485.054900005,29112090.17360002,3174142755.1995,3174142755.1995,726284.7399996093,24029274.6065,20964727.32450001,962779713.576,962779713.576,89773665.31888339,23850.769819072295,675.48902616,3817859.967683653,1118528.7217062209,33089020.693440415,56.0164000963899,25.25746876177651,3694962.9485665606,2805910.491512944,27674567.0,604173.0,539914.0,8916563.272255853,9489164.49326223
2022-05-08,38440.2,34032.0,33665.0,40071.7,2602414.84798668,30955942.63970002,23308826.569100022,3034125852.7200003,3034125852.7200003,786992.8729997721,30587970.227000006,24963999.009000007,930226215.6775,930226215.6775,164423568.57937333,100121.26175633859,841.0378098904,7105743.047942544,3510651.983422964,31749166.738434438,0.0,73795.48394645329,4498315.12798648,3303437.695349894,80369907.0,2054667.0,441086.0,17073841.143777966,12623983.655970942
2022-05-15,34032.1,31324.4,26631.0,34243.3,5130369.830027372,91639624.0315992,84120628.74879964,2277741310.2132,2277741310.2132,1653572.659994797,63179081.22499989,64330700.47299991,788603580.846,788603580.846,421918284.72987163,798964.5740839643,204631.22402568726,9566155.41685181,2958041.460175275,56916881.36267903,3336.0003200866736,166618.36835993655,3471689.720099763,3988167.789252969,105122478.0,1583416.0,313311.0,20574113.69104489,10484514.934084171
2022-05-22,31324.3,30284.0,28629.6,31327.4,2766522.7549873623,26208612.3202,24794001.376900017,2533167807.312,2533167807.312,825234.9769994803,21797572.66399999,24253248.869000006,866001647.1144999,866001647.1144999,64051776.66940671,1187.148980355,0.0,14007799.550936587,1355434.798027084,12598203.973843027,0.0,3449.3079208508966,3242272.6207291987,4109073.163186724,41111630.0,1874773.0,354672.0,21272573.50353789,9163341.079447877
2022-05-29,30284.0,29452.8,27952.1,30658.0,2788470.0129914167,26353687.6952,19500730.21080001,2537278785.1008,2537278785.1008,952164.7819990302,14276435.718999991,20908807.81300001,893366367.372,893366367.372,68710993.33840151,26520.91348205178,997.53484984,15967010.90063742,1649068.0963747122,17746324.770916678,0.0,1501.8110318991598,3760690.3575959057,4422821.925626866,38733221.0,1606502.0,2655844.0,16724839.226939917,9890257.208385114
2022-06-05,29452.6,29909.9,29220.0,32427.5,2564003.3279904844,22253226.370999996,19750354.901400015,2481053153.8199,2481053153.8199,767092.2629992581,20304791.689500004,14557376.345500007,891010608.1865,891010608.1865,49262893.2170223,2002.5041137175,405379.1491092805,9431237.219370352,1167756.9326310474,17984337.306907803,3316.941275731324,2615.979654186216,3350399.792758716,4716246.831983432,74565100.0,2311966.0,750456.0,17089506.26571419,11229698.571849464
2022-06-12,29910.0,26564.7,26538.7,31780.0,3288800.1879896196,36663112.44499999,27483064.044199996,2287715942.2668,2287715942.2668,1185231.4839987266,20229888.819999993,30461853.717999972,850839570.0825001,850839570.0825001,108111136.32035086,40745.05743411119,809.9247926126,2702465.720563638,2505414.723531886,24892510.850786753,1274.4231265058381,321272.4591667856,3564535.0085175363,4555882.107659179,119432230.0,11902734.0,588246.0,13498307.884736665,12528870.17145907
2022-06-19,26563.2,20564.2,17593.2,26877.0,8394747.490046248,91764706.84339938,72825703.95099965,1873472918.4546,1873472918.4546,2732209.6199939614,56408834.685999915,50404232.22149994,662892869.695,662892869.695,180902731.17776918,1233115.201334254,2318330.894186215,3098476.830191397,1856714.0159013728,40030005.26815288,1791.5909071929261,38781.894056653335,4504371.148444188,6233617.971231411,125643523.0,2098631.0,559962.0,15434231.115313768,11482238.521980064
2022-06-26,20564.3,21029.1,19630.0,21888.0,4755350.883019336,33198404.493099947,32370393.712099943,2034109640.2866,2034109640.2866,1546645.02599626,13946976.287500005,23631704.62749999,741604661.8640001,741604661.8640001,87324580.79447399,682.05968902,3974.6979867685063,1517013.9109067274,1806150.381067725,9792525.129687691,2073.7069012937795,0.0,3744998.7035883297,5314259.509142013,38717161.0,277074.0,350268.0,15838468.98243047,12942938.521129606
2022-07-03,21029.0,19305.9,18563.0,21560.0,4331537.1570048565,24315926.632500008,19148329.65560001,1824175995.0354,1824175995.0354,1493337.119997156,13083675.042000005,15268138.4225,662991400.26,662991400.26,150165394.93094563,37458.416657346155,303478.5734392491,1402806.668825162,2423335.1937281503,3611548.43916077,9586.211033596404,1795.5992708561469,3878100.241119783,5299026.376963393,31524737.0,368076.0,579559.0,15830063.970522484,11501963.74462866
2022-07-10,19306.0,20853.8,19046.3,22579.9,4568676.3570078015,28339576.760699987,26740345.732999984,2177653164.357,2177653164.357,1556528.7739941184,13718020.827000003,18986789.786999993,858644944.963,858644944.963,81442263.41778544,8330.72079469,288697.27958016394,15791405.356909718,3511503.632002718,4030227.725208303,1704.1891092887945,0.0,3636167.1909163874,5101469.382173066,18681664.0,2404276.0,488004.0,11641267.205500456,13126092.51671354
2022-07-17,20853.8,20794.4,18901.0,21674.1,4594014.086006572,29206153.268299982,30721228.178399958,2340383830.972,2340383830.972,1440393.4619921714,19569235.003500003,18387319.677999996,879081715.224,879081715.224,121920079.43965587,36447.57204017346,13424.174403688112,6090309.321145602,2627266.4142112825,5629662.118563874,444.85990675365247,0.0,3788104.070814245,5271885.83986057,34745310.0,2730686.0,925230.0,13069409.455342969,14258697.775527168
2022-07-24,20794.5,22570.6,20764.4,24277.0,5378400.658020258,42400518.89529992,43970582.63099987,2608858033.7066,2608858033.7066,1653903.8099882647,23871451.65049999,34494002.61249998,946205069.8785,946205069.8785,196881837.1103128,6183.0466512477,95596.25242232294,16684761.678635951,4556733.154987584,12310658.746583892,52743.74024346887,0.0,3686697.888573166,5156933.553788476,55030324.0,9664328.0,1194988.0,12909210.301911311,14033964.595888736
2022-07-31,22570.6,23290.1,20689.6,24700.0,4279422.096003869,31510948.669399984,31591306.95789997,2641652273.2127,2641652273.2127,1253936.0569937737,14127081.064999998,20035992.08499999,927299891.736,927299891.736,127631304.79162626,24760.29934444678,105048.74383805318,2654871.4210271537,3601097.809069904,18402031.38539464,5029.442021587165,1589.076991030572,4178596.0019406993,5635828.414439047,54247252.0,952857.0,1424572.0,20750318.24497526,13282903.231150853
2022-08-07,23290.0,23167.8,22370.0,23650.0,3333112.2169919433,24826723.495500002,18742496.71000001,2545874211.105,2545874211.105,934446.0389969193,7301198.854,17179493.940500002,933131407.158,933131407.158,102314555.39685732,3420.189321679346,1657.1718970328,2267950.57743605,4827128.28721082,9589546.149881879,0.0,0.0,4006517.705627354,5342230.347561083,24504556.0,1093761.0,239662.0,20798805.90814695,12657086.856445998
2022-08-14,23167.9,24294.1,22608.0,25065.0,3929787.0839963974,27316370.223200016,26446931.828100003,2774036239.1954,2774036239.1954,1071364.17999704,12764134.673000002,14378440.839000005,1072814295.8715,1072814295.8715,160358725.6852067,1718.1008257447938,62642.1192026906,11337093.196336128,4971042.937275761,10776422.956431087,194.0668913291454,197.5138639561888,3840944.079204368,5479761.828063808,51710668.0,3816295.0,687143.0,13571794.80389188,11677055.403929075
2022-08-21,24294.1,21505.6,20742.9,25200.0,4008581.7520020204,33186818.51289996,22459433.132499997,2353251054.2016,2353251054.2016,1222443.2099934174,15785831.754499992,10228488.809500003,987119869.455,987119869.455,166416840.72517505,677027.0821068991,1475.2893696205997,5979043.394765552,4075191.487084961,14683641.28594306,7791.967805860133,14061.085117751223,4281209.584083334,5469156.262496233,35734593.0,1918808.0,140371.0,13094759.501567705,11363650.218176655
2022-08-28,21505.6,19547.5,19508.0,21925.6,3869016.8199958904,22997077.570000004,18914503.17540001,2307088624.6975,2307088624.6975,1147279.1349958647,9411398.929000001,10992475.088500002,1005058426.104,1005058426.104,180801472.2449685,24976.704224129364,3369.9314651924005,3846291.769531807,5691267.990296894,9233388.858956225,1878.7428080796706,3722.369869421189,4572412.380733725,5466640.24831656,35686599.0,1147099.0,1276392.0,12247569.825452534,17550615.591192186
2022-09-04,19547.6,19992.7,19524.4,20574.0,4120019.3610054962,21905291.386099998,16779429.412200008,2445190279.6685,2445190279.6685,1119049.485995055,9338002.106500002,9824499.7195,1093183682.596,1093183682.596,149613072.7420916,612.7090525192999,1738.6700854725,4401126.272952204,5819892.523330672,8657062.356569387,2.205170047624191,2.2327347879446835,4388434.983488702,5455757.026489891,19694205.0,1697537.0,768848.0,13344819.122615349,20948530.56046113
2022-09-11,19992.6,21820.3,18500.0,21883.4,4429732.559004553,25575519.376499992,26676652.022299998,3114890112.7414,3114890112.7414,1289977.516995853,12302103.100999996,11588693.254999999,1158721810.86,1158721810.86,199369935.49966726,150189.29924802782,61873.668124312986,7573372.872920193,6465594.91635098,11586710.833804699,133335.5917425274,70777.20489936673,4166530.634309082,5566147.272841554,28476066.0,365350.0,1350014.0,14101097.939503662,12550721.500249706
2022-09-18,21820.3,19404.5,19300.0,22850.0,4744119.39600717,33299169.157599967,23301124.062399995,2421674711.4025,2421674711.4025,1325063.2709934846,16148441.987000007,17310124.660499997,963646736.643,963646736.643,798782941.8153331,958349.6136895961,129908.6925334183,22391086.71455165,7141114.430737565,16102261.770636052,6266.495436003365,10380.952310581324,4690525.43802601,5610529.786500238,51628400.0,853840.0,1502360.0,14600612.195241584,12838079.03871686
2022-09-25,19405.1,18799.7,18084.3,20154.1,5435304.762018643,32430714.23739998,30929388.578799978,2292261633.5732,2292261633.5732,1629825.0399908323,12742104.755000003,14044887.655499997,932605922.4,932605922.4,391071413.93118167,419013.39332719886,5902.856952291025,4163509.4526809687,10047098.823579714,15970834.253968367,35000.4312606711,46592.22660383596,4609320.832661785,5481362.994086404,76422547.0,58150.0,907707.0,16473120.782467084,13467911.29410079
2022-10-02,18799.7,19049.4,18460.0,20375.0,5991956.1380141685,31710469.32819996,25685200.628999982,2411400473.4366,2411400473.4366,1716445.5969845485,16604835.89899999,22855566.410499986,1017662040.71,1017662040.71,389943789.9533761,7327.283721568721,12872.884559236172,6100132.5442431,12469827.478623403,16879312.95376017,13976.79001673234,7812.594740449527,4416045.723801237,5497582.195963437,65491602.0,521465.0,647120.0,19044148.727115978,14897517.648921946
2022-10-09,19049.3,19430.0,18950.8,20500.0,4113244.216005427,15882686.575899996,16527674.743599998,2825382109.41,2825382109.41,1207950.7779935487,9184606.2025,8026626.895000002,1240651270.373,1240651270.373,296345566.1972725,2050.68516368,4354.943551200428,28735380.96133337,29959930.579906914,13150424.403780166,5246.007929979281,2767.5992639961205,4368144.487591963,5552173.399468453,45520191.0,726193.0,527529.0,23697360.466903523,14459964.43740665
2022-10-16,19430.0,19251.9,17917.8,19947.9,4044076.6720032063,18367723.9317,13976542.4485,2752853303.6307,2752853303.6307,1134299.2859946147,14024438.7845,11039917.026500003,1189179063.285,1189179063.285,221587842.22026414,322334.2467718343,3734.358093431813,8409251.258105759,11605818.759235747,9248854.05266374,1638.1102530432786,2991.3335438152567,4292095.002462508,5554541.007127088,45042553.0,858224.0,437012.0,17082031.897873472,14458555.547434475
2022-10-23,19251.8,19560.7,18600.0,19706.4,3193060.341998172,11283604.691100007,12055736.683000004,3150083451.8936,3150083451.8936,908066.318998351,5319100.7925,5942478.691500001,1315770172.827,1315770172.827,157771112.60797974,6074.1143485265,3539.704290535,8916281.577396704,11614019.717398904,6569389.720834514,0.0,0.0,4262408.397018891,5632123.6843334185,39154428.0,1668993.0,381612.0,32826956.532373097,15432326.920557585
2022-10-30,19560.6,20615.6,19146.0,21088.0,4083816.488001296,18293319.9464,23722655.25489999,2969998391.6636,2969998391.6636,1124443.9469953794,7432885.047499997,18320294.277499996,1234072176.7705,1234072176.7705,195113924.94950318,1726.3906513656239,212937.34783828305,6762379.040365537,6099951.229715808,12432767.491593765,2776.246355211997,1435.5786028715427,4095420.3307679407,5484716.0192713775,31283655.0,367118.0,374568.0,23440752.65856856,15004809.681858838
2022-11-06,20615.5,20900.0,20026.0,21473.7,3222718.9939994435,18695126.428400014,16293092.93199999,2911314552.3,2911314552.3,873555.4089969369,7004777.303000001,11628754.682499992,1271984611.248,1271984611.248,131595614.4962735,4415.124890016,15734.248873836128,4544977.983104754,6314066.9735695245,7853650.381384052,3766.280013422258,1902.245288380201,4093009.079400503,5584229.508830013,31778053.0,459166.0,2081859.0,23786467.8722989,17653003.211126335
2022-11-13,20900.0,16321.2,15462.6,21062.6,7743644.225994777,73864095.5431998,51412014.44199983,1945736166.7968,1945736166.7968,2255303.970996719,38931969.18549991,30692895.85349995,716770598.004,716770598.004,945820685.6919798,9513906.554823944,6749299.492770538,2835301.0744452737,19216929.912335545,29605811.34999041,31110.96298784719,30489.901232648277,4394261.3058005255,5477620.689548984,75736741.0,879790.0,833773.0,22476779.97031147,19131667.34204967
2022-11-20,16321.3,16272.6,15805.5,17188.0,3417717.4090017453,19104795.68609998,13761498.118499994,1973802070.6848,1973802070.6848,939410.5839970977,6817059.783500005,12000862.658999994,809296712.466,809296712.466,329831748.26655275,6949.373210545164,27646.554847393818,9704370.694919735,29008676.935538244,6415771.579295645,130.55949130066165,245.03210660664192,4379525.001621435,5744297.367109379,53340006.0,348909.0,778718.0,20224250.494650625,22557486.629890617
2022-11-27,16272.7,16422.6,15443.2,16800.0,3016555.424999648,11822461.155600008,13050114.822799997,2081363553.7986,2081363553.7986,824909.2039977206,4580423.2025000015,8198356.760000003,920017155.486,920017155.486,613783312.6260998,35672.7152555219,7042.652969410501,51893718.27054061,21669003.100259334,6045161.075819838,7198.531100231138,8150.111160396379,4350571.047896878,6070385.949954204,25005624.0,485918.0,268434.0,25557105.356771965,31291194.699549828
2022-12-04,16422.5,17099.5,15984.1,17348.5,2731158.9599982155,10380651.601300007,11244370.494499996,2324883604.0595,2324883604.0595,794224.0739988035,4883125.980499999,6699629.243499999,945818112.432,945818112.432,429317053.12672883,6115.5143729819,2185466.0060409848,8584665.492368057,31999937.164271653,6297462.531289127,154.18596944815638,78.06596316336663,4223427.68505849,6394822.636336396,18839844.0,400965.0,256370.0,24669220.8251748,30133249.786074564
2022-12-11,17099.4,17077.3,16655.0,17430.0,2184322.118997571,6738377.8232,5345304.7387000015,1862272204.6837,1862272204.6837,560875.5809998186,1347737.4504999998,1858810.0315,1046445791.454,1046445791.454,130385695.32368052,5810.838658455899,39155.308381256094,8623107.032341542,34987366.87619909,4772611.693209293,4164.2596226654005,2109.944039918072,4334319.854195289,6596341.692374257,21537995.0,115912.0,337691.0,22763466.076688897,21494709.593683727
2022-12-18,17077.3,16730.3,16521.1,18400.0,3053777.943999223,13102025.76959999,17744721.902499996,1646872544.0166,1646872544.0166,934243.0959964735,4355856.084000001,7821284.989000001,1059914068.164,1059914068.164,370852971.4316483,53455.78260494265,927272.6354081318,10589760.59276207,28666244.722051136,8571460.336579094,8551.156228390999,5501.693804844212,4410827.324425107,7257214.7058464335,37832447.0,899335.0,1580645.0,21677785.07808541,23561525.73289231
2022-12-25,16730.4,16824.4,16210.0,17049.6,1846216.9579983074,5966871.971600002,4519833.655100002,1638714663.0544002,1638714663.0544002,530227.4579995631,1445588.845,2636320.99,1114161561.35,1114161561.35,199472983.3017903,29414.4124361345,3801.5870810162496,7342196.209401487,33316694.542762928,5610553.291635452,150.0372732247924,303.97715982332085,4386319.765687996,7602102.54742335,18604497.0,41514.0,591558.0,22466895.803967062,30341504.78255269
2023-01-01,16824.5,16610.3,16320.0,16968.0,1499785.952999109,5370763.5918000005,3587215.632700001,1808107462.7182,1808107462.7182,424170.4999996259,5441427.132000001,1122667.2295,1216469390.76,1216469390.76,52867625.161496945,6120.519008798313,1658.0005783872,9602489.843856666,34542770.396558285,5844921.469951551,0.0,0.0,4394592.788214029,8214326.372040205,8692974.0,286546.0,83100.0,22993107.05576908,32668055.73038266
2023-01-08,16610.4,17124.7,16541.2,17181.1,1496740.6329988278,3311466.8928000005,9570562.624300001,1760808438.6804,1760808438.6804,447153.19399953075,1413559.4070000001,2130364.2265,1120174046.241,1120174046.241,52681119.2401839,0.0,1037863.8309455682,9712141.146494292,32156241.96046308,7777438.492342301,0.0,0.0,4338332.387306421,9259500.014794791,4364536.0,309078.0,265239.0,27112822.083331566,33755298.61780684
2023-01-15,17124.6,20882.7,17098.2,21544.0,4297525.815005129,17762182.68779999,42648077.44979994,1968554973.0501,1968554973.0501,1277571.5429886552,11020419.441999987,13652662.943500008,1054428650.132,1054428650.132,782911358.6043991,10379.9781886491,2451716.0175491483,33822098.68080183,10348911.327583332,18876255.87244208,191144.67998137555,158256.97374054042,4803335.608356208,9742816.192408836,47826137.0,1447881.0,1434707.0,32489637.333564684,29692909.24198704
2023-01-22,20882.7,22704.6,20386.0,23390.0,4369137.429002429,21035076.9719,30936568.29439997,2140637095.2048,2140637095.2048,1346306.1899909927,11984739.983000005,16061729.130500004,1038760886.5795,1038760886.5795,348630985.3940284,81367.15368964401,3173582.5499559743,50791957.16426497,5238928.485464279,11746242.795211053,256031.5974217317,163256.2986158546,4765419.924362631,9659627.578166548,76483625.0,1589006.0,1359626.0,30663372.870580137,26229394.811833862
2023-01-29,22704.7,23740.3,22310.5,23962.7,3410088.6009956105,16588747.613800008,27628805.622799993,2451825230.0581,2451825230.0581,1004693.0539978736,8591814.161500001,12479518.191000002,1095208655.85,1095208655.85,379275552.96796584,94467.2250726304,361137.77121290733,62711237.00224446,5450216.981776289,9871310.85688104,28912.101542829707,14579.382966778727,4854219.498634663,9767953.792591086,51459729.0,1737477.0,598054.0,35293769.66334176,30380497.983221147
2023-02-05,23740.2,22929.2,22484.2,24281.4,3187838.58499477,19142839.92980001,16493088.718100008,2352730818.2000003,2352730818.2000003,908011.9519974214,15128738.076500002,9069309.495000001,1131609840.812,1131609840.812,521513406.56031895,562851.709225915,1632188.6520110087,57302026.62497298,23101619.98486756,8327549.157346919,8317.100071467934,4238.64127740335,4980635.769286508,9782807.4662658,45733377.0,1378661.0,461472.0,40226708.21762563,29208487.582008854
2023-02-12,22929.3,21771.1,21405.0,23450.0,2886031.4219973055,19353319.744100004,13405737.612600006,2155186959.4931,2155186959.4931,789596.2369987677,7455375.534400004,9783307.0086,1073775907.8456,1073775907.8456,618321231.780555,1181483.7123148919,4896.2905098466,34192052.85558119,29620360.508443505,7548268.019224777,940.7543816610788,1651.722010829537,5117757.966864598,9845493.467490507,21047824.0,590081.0,146322.0,35698199.51667864,35366527.847170085
2023-02-19,21771.0,24265.9,21338.0,25290.0,4621708.687008243,31469413.946799975,37169118.16019997,2595550015.9422,2595550015.9422,1366039.5179888036,16366333.656199992,17659866.465399995,1118792227.3808,1118792227.3808,628049977.4178401,23607.8210437042,117330.42196286567,73683652.45060687,22407388.90551921,11885747.032133661,262544.88591050764,132508.27059041493,4799797.414839818,9815990.237586595,61986446.0,842000.0,256168.0,44558502.72634887,30207893.192168903
2023-02-26,24267.1,23545.3,22700.0,25347.6,4266927.754007126,36458929.57289996,26611207.980600007,2513906817.1632,2513906817.1632,1179198.5239925669,20106268.816000007,15603085.999399997,1184367564.9301,1184367564.9301,500047689.3699841,227067.6494250407,5016.117445814288,8703070.277759064,25680876.892130528,12065070.72181545,166.6738759219977,300.28535716325075,4866348.014748434,9968054.846822696,30604395.0,1407486.0,807644.0,43144375.86515188,30053307.52350814
2023-03-05,23545.2,22419.4,21883.2,24022.7,3136167.645996016,25263528.169899993,14378080.65330001,2229491628.15,2229491628.15,868223.9829967532,10476260.4408,11477852.8112,1133256887.631,1133256887.631,256615138.29304048,3071429.515800906,6222.7259443657,10204036.527522586,37178783.73350083,9006033.651610432,1241.5661483427386,2500.175189356269,4935610.630339241,9854016.584445693,31310824.0,1010068.0,324933.0,37755343.97755288,39103624.85648838
2023-03-12,22419.3,21986.2,19521.6,22594.5,5220171.832011749,34257726.87839996,26367563.19749996,1925302995.9124,1925302995.9124,1470868.5939935157,14579697.548399998,17422847.875500005,1093298159.0331,1093298159.0331,599250714.3319275,1746594.0714868233,6497333.81011339,27880130.09619606,10759116.14656341,17443799.27187883,65444.79878249789,115486.44777364665,5085902.78554169,9977684.941011615,39635369.0,2756718.0,1514725.0,41579854.18181109,36790902.81256116
2023-03-19,21986.2,27955.7,21804.0,28397.0,7784914.098008165,51601512.23359991,53910898.38009984,3131239093.9703,3131239093.9703,2215728.724983258,34618389.29089999,35024198.49569998,1511871544.1358,1511871544.1358,993155273.1560891,926057.6578820492,8934827.426516553,42132227.44083007,15902886.220412478,26791931.081530318,409037.9418231666,250661.84620378265,5065514.600397999,10125464.092230542,81987366.0,2149615.0,1720027.0,55054383.88068105,35826254.87893795
2023-03-26,27955.8,27954.3,26590.0,28881.0,4940124.2010144,32238151.596799966,28608088.172000002,2863739295.2058,2863739295.2058,1400068.2019914512,20546808.569700003,16018085.100900004,1465203641.2991998,1465203641.2991998,830692733.3337969,498059.4977219483,221545.55572051974,66963665.70399642,29271469.110870272,15242215.206356311,41765.17296935514,60690.36550459138,5188429.133999038,10250016.719985023,9248193.0,7220.0,271495.0,45302935.87031695,28779708.287472323
2023-04-02,27954.2,28161.2,26480.0,29184.8,3838514.2760026897,20174347.851800002,21617616.750200015,2954738353.5004,2954738353.5004,1123210.3549957538,14046833.889699997,10658253.742200002,1519950029.5122,1519950029.5122,1138548923.459791,1021931.9592076504,237028.39167982154,67360124.32992034,34277314.68835964,17588382.501533896,6802.716439060102,3918.3718363960193,5347451.184280756,10294877.107692853,23689158.0,0.0,1710006.0,49117370.04713454,32728569.61573826
2023-04-09,28161.3,28309.4,27166.0,28800.0,2757654.962997723,14810136.232000008,14125809.732700001,2935242728.719,2935242728.719,785987.7759979949,7248285.5051000025,8223872.113200001,1536373477.2758,1536373477.2758,856533694.1628432,939931.996114754,17747.015732896754,68180667.29459313,38633832.800822765,14447368.268337438,5488.858485953641,4579.673805850952,5134062.339698325,10162657.786522005,6381904.0,0.0,118719.0,46406969.98407005,36331858.68386186
2023-04-16,28309.4,30286.6,28153.6,31059.0,3183894.8569963886,17674114.007600002,29418477.451899983,3031011784.7766,3031011784.7766,943849.7789974996,8083560.210399999,5124984.5292,1666264381.1694,1666264381.1694,824955890.2681259,11199.996557056991,2896643.3633298636,85938221.82509892,19554951.581118867,18157956.862327423,94329.22396317068,68930.39607542145,5303698.647537485,10218442.786519015,5960325.0,3483.0,372875.0,63711020.06312846,30217096.08654976
2023-04-23,30286.6,27576.0,27100.0,30480.0,3636658.1019976563,29251468.701500013,20446051.216699995,2852032633.2,2852032633.2,1127053.8449965403,10841156.842300005,9392617.067200001,1516971441.6784,1516971441.6784,657227981.2417064,18763754.803495176,1960.6788520452462,37840348.119281806,31405818.55978281,16098844.31759362,616.8374851710958,1249.2455184326755,5384654.063989879,10124483.476169506,36754338.0,605308.0,528332.0,40686500.79052145,46231038.74603894
2023-04-30,27575.9,29223.0,26919.3,30048.2,4470760.185999999,24322344.266000003,36131206.59659994,2877922975.005,2877922975.005,1365755.3789999597,18725544.241600003,18449839.200899992,1491738300.051,1491738300.051,502627952.42493886,4772031.4699378265,251121.3403737984,26895395.232323512,9095661.861144183,22711294.602558203,1109.7299777828352,1765.8576959588547,5510042.922496725,10188575.209250633,50762417.0,4586849.0,492724.0,49419048.25398517,30504235.84383796
2023-05-07,29223.0,28419.4,27650.0,29840.0,3590021.272999993,24033685.562399983,20926779.40219999,2842650200.806,2842650200.806,1083656.494999954,9558063.021800004,9130368.771100001,1425689936.3088002,1425689936.3088002,392185145.34929997,374885.19951656973,8334.29923624421,26751327.527850024,9625775.640971832,18221028.298505705,0.0,0.0,5558894.631263124,10331244.033110471,26487945.0,856031.0,164948.0,47443530.786596015,34065966.39149003
2023-05-14,28419.5,26901.9,25751.0,28624.6,3391097.242999956,27236906.594499983,22334362.090299986,2900365882.2882004,2900365882.2882004,953136.1439999684,7905890.323600003,11361587.346100003,1413510173.261,1413510173.261,417541373.72157717,1540381.563669412,6639.667346149873,29705114.88168301,9740379.75475267,16672623.59189627,27541.48015305293,54957.844457147716,5645870.837134608,10194105.03187865,15730600.0,660825.0,110961.0,42852098.15528479,35849983.07693117
2023-05-21,26901.9,26732.8,26335.3,27650.0,2558683.8149999273,12612334.25630001,12692011.8787,2835724238.4192,2835724238.4192,716828.1429999343,6110537.881500001,5378214.163999999,1522654729.9299998,1522654729.9299998,216062493.31039274,7995.525729120788,6100.962260010238,34208284.575472586,16762972.984081604,17483879.239720494,72.08196161982168,81.20261983690591,5672067.29378483,10162031.86829677,13567243.0,329756.0,96355.0,33921563.62087839,27196774.48134033
2023-05-28,26732.8,28055.7,25850.0,28252.8,2554468.025999959,14026810.922199998,14814071.137,3116875963.0329003,3116875963.0329003,715809.1009999407,6280739.341200002,3879530.1225,1729083323.6381,1729083323.6381,170582072.08343273,2005132.185975015,68708.24906954585,15532477.752808409,14995338.78046763,15633436.2034319,19.60457029826028,19.85272941595977,5583099.443325836,10355861.635051224,19593559.0,389122.0,203170.0,40978046.31968392,25224486.21334065
2023-06-04,28055.8,27102.4,26477.6,28442.0,2413450.3519999427,13828694.590500008,11767660.819600005,2948288455.7152,2948288455.7152,648841.1399999728,7787620.917899999,5336502.6169,1548232901.5515,1548232901.5515,169727924.00214,12988.356061197532,5617.615204520057,30793798.026769973,10978168.953331502,18991907.911895327,44.928122515836336,45.496832927429196,5707912.469723701,10223772.262373608,17949155.0,297869.0,159871.0,36493306.15334135,27570031.46257317
2023-06-11,27102.4,25909.9,25300.0,27394.4,3591246.826000013,33598840.41439996,26294409.054799996,2573557326.9919,2573557326.9919,1000220.5229999579,15896438.041300002,8761305.752100002,1475174126.1792998,1475174126.1792998,382647040.56563604,2598379.2232652004,4216.804502035254,20186495.32553144,7932387.093743399,13416592.76008665,6369.081163361885,7961.243120687702,5797961.974125632,10276231.549510702,30028767.0,458569.0,2006409.0,38778335.07562299,40782861.71320935
2023-06-18,25910.0,26329.7,24777.0,26900.0,2752221.6079999767,11160804.951400004,12004486.851700006,2745134600.9891,2745134600.9891,793060.9349999689,5793400.845300002,11263660.673499998,1641762320.835,1641762320.835,244155978.42262238,3522068.7331393706,13003.618904715515,17720564.745039348,12321820.069173066,16901211.00614375,63804.51109586022,64666.06329769098,5592744.068538734,10229324.621905783,22908914.0,211156.0,1010548.0,59387637.64264292,27106119.898089062
2023-06-25,26329.6,30458.0,26241.2,31500.0,4123337.8429999873,24419708.182499994,37081289.14169994,3468368870.476,3468368870.476,1280489.6769999363,16069627.4471,14872133.564300008,1956855941.1654,1956855941.1654,679619421.8118597,8348.6185474212,2331862.952817669,34765860.16559687,15965693.350366816,13392115.03056661,336502.26015656075,170014.0130768963,5555558.88353681,10212878.164386986,25749125.0,496198.0,405313.0,54498894.39190759,24408433.861143805
2023-07-02,30458.0,30612.7,29500.0,31300.0,2796498.271999953,15852294.864700014,19428135.042100005,3323519664.0265,3323519664.0265,891340.2879999827,9880329.7017,7339009.510500001,1802875470.8979,1802875470.8979,529589422.56868404,251900.4726079028,2565.134480141988,33161393.591299664,19669994.458012808,6164799.092818238,0.042682879630128,0.0432164156255046,5405844.948415659,10213159.823782476,47598991.0,1658709.0,399127.0,55130873.4414536,25924281.07296441
2023-07-09,30612.7,30147.8,29680.0,31568.0,2326025.85599997,14326505.498099998,10038792.540300008,3079356617.7478,3079356617.7478,691215.100999985,9816179.3065,7608286.194599999,1870959546.45,1870959546.45,257365762.63971668,6473.042429982601,16614.94462505999,43353260.00950742,15841266.949752798,5586643.915736272,438.3796724055434,221.796381318628,5535853.850621457,10276566.417104147,13681939.0,239376.0,270386.0,42147905.099250935,30256002.164989
2023-07-16,30147.8,30216.8,29876.6,31850.0,2672804.2269999553,15451599.406000005,18355826.574900012,3049936696.6176,3049936696.6176,768835.8459999812,13575144.417299999,11285815.407499997,1948818698.3364005,1948818698.3364005,410834446.57427555,14949.155178987867,90844.01730124124,40356974.49358778,15865516.846520802,6359730.393292147,1184.3452950607439,601.7564000208,5545772.683120928,10299442.512090787,38752490.0,976264.0,621916.0,47241867.02530542,27357806.71858819
2023-07-23,30216.9,30070.8,29400.0,30420.0,1979357.5779999527,15545404.911200004,9385478.616000002,3017656020.6432,3017656020.6432,536506.5939999932,5477389.721999999,4583727.961500001,1884419254.0638,1884419254.0638,129422061.41964516,802724.8417096435,1977.6362725776312,28310608.55178849,19153335.56097068,6227864.35051029,0.0,0.0,5501973.880914578,10246255.150385194,34204885.0,191763.0,185567.0,44610881.46251727,28100570.060575884
2023-07-30,30070.9,29271.1,28830.0,30091.7,1650589.9679999535,8742100.192200005,5980180.9207,3111452128.5672,3111452128.5672,463188.6569999843,2181793.080400001,1531954.1974,1933259251.5387,1933259251.5387,102106589.50724351,3281086.344124316,1846.2675788886097,27042734.600579385,8671672.511108026,5501121.907589016,133.1930807855834,134.87906914995784,5582431.872236421,10235440.287530564,7410955.0,214653.0,378895.0,47801719.17362927,28286603.201969285
2023-08-06,29271.2,29075.9,28550.0,30059.9,1831321.5279999434,9914372.610900002,11746333.219100004,3231340144.3904004,3231340144.3904004,569150.9929999695,6533121.117900001,2930925.7084,1980957737.8794,1980957737.8794,130646982.04226653,102097.54729378669,3273.4567507761444,25183834.060979933,7432531.59062337,4664394.491607433,377.7309217487218,707.2635317154633,5511572.061526504,10182742.79832321,8713566.0,307549.0,210884.0,52778829.152771935,29109860.57384622
2023-08-13,29075.9,29293.3,28682.3,30250.0,1667343.2089999353,8571586.2759,11368374.189299999,3361315805.1695,3361315805.1695,549116.6799999955,4167642.6943,7270299.949899995,2060403744.2751,2060403744.2751,74669467.47550605,5144.985005898252,2032.1629159698377,24295876.841685683,6278505.240586142,7852006.883750396,0.0,0.0,5482836.600092947,10200652.45226766,6341203.0,124404.0,227982.0,48668974.78904267,25971094.02909436
2023-08-20,29293.3,26175.9,24581.0,29686.7,2501025.8739999216,36473760.42709999,14565811.035700003,2348538211.0287,2348538211.0287,888050.2549999555,14266735.623799998,9339448.9581,1525677774.831,1525677774.831,167612801.28962764,12441184.887837969,1077.109533054515,36019810.21751914,3261701.7505717264,8762021.865532504,41084.39134033233,65103.724072740624,5696663.277810251,10384597.959459407,7542285.0,237197.0,141292.0,39035301.97701318,25265803.25002075
2023-08-27,26175.9,26087.7,25280.0,26806.0,1670526.7179999202,12852205.958100006,12094612.039899997,2258502530.7051,2258502530.7051,643624.4739999869,4504254.148400001,3607783.5437,1492794533.3070002,1492794533.3070002,78481180.79255264,141143.38044917886,1577.8680926882096,34365025.07062418,4124922.2608134975,7260866.818500174,4678.463418674787,9301.29764497184,5617394.995233485,10316475.910247551,1834113.0,10484.0,59280.0,42062324.92681316,27122650.207196742
2023-09-03,26087.6,25962.1,25312.0,28168.0,2340229.840999941,14917337.984200003,12252874.901600003,2087664411.1621,2087664411.1621,929999.7279999709,8304565.911200001,6600631.431700001,1502400371.0511005,1502400371.0511005,133433130.46051134,179059.91247507502,1042531.2364939493,32317567.361905225,4062943.484334384,8281132.876295122,156.3893466269467,265.09914893893136,5633886.36878889,10337121.52616833,14747450.0,30296.0,92017.0,40073265.53758916,32477056.395228747
2023-09-10,25962.1,25828.4,25326.0,26451.0,1347870.259999897,10180817.668300001,6317752.529600004,2112165683.2796004,2112165683.2796004,482660.57899997156,2559575.6304000006,2715505.1484000003,1504583150.8896,1504583150.8896,37295991.91199074,1218.0527150742853,6192.402361972032,31908618.998961244,3726413.669583166,5468113.584935341,212.15444946217062,161.3917941782479,5680711.123411959,10330330.81562604,6993823.0,273948.0,55064.0,42142309.37443317,27001719.8147429
2023-09-17,25828.4,26514.2,24888.0,26890.0,2236764.4219999146,12233900.590300009,13289907.75180001,2247576068.5056,2247576068.5056,801711.6840000479,5925190.784900002,4889745.7530000005,1561800725.9903998,1561800725.9903998,63922476.10727487,136978.79652679557,12132.329180483324,31897748.197812576,5927892.123834809,8848565.96219356,151.47056613635414,153.38781609900502,5565455.115682312,10358961.316586811,7605097.0,217628.0,133059.0,39157565.13302117,22709614.536670767
2023-09-24,26514.2,26232.4,26081.0,27480.0,1950781.9539999086,13703465.728300009,13724699.858100003,2371600167.9636,2371600167.9636,717704.8939999673,5851339.3554,9200599.776099995,1494091776.4836,1494091776.4836,153551157.93031597,51307.31427351638,6836.426048577564,37703517.72952562,4979241.480650142,8004985.762003759,0.1760196775678206,0.1782199235374183,5816036.022049696,10383973.265142905,8136332.0,351084.0,144786.0,39232329.50623316,26009787.907494765
2023-10-01,26232.4,26208.8,25965.0,26440.0,448783.3869999688,2569259.3913999996,2393099.6368000014,2390430791.6016,2390430791.6016,167804.21099998802,708752.5763999999,4239619.3242000025,1623228463.8534,1623228463.8534,27802121.596369736,1168.9126218103795,0.0,38729332.44976188,4376708.775043193,1191280.4957239095,1008.870104109944,2038.175166574328,5717590.332251929,10397695.74003892,1947555.0,50856.0,28066.0,40518376.89708677,26149694.068679195
