time,leverage_long_GMX,leverage_short_GMX,less_than_1X_GMX,1X_5X_GMX,5X_10X_GMX,10X_15X_GMX,15X_20X_GMX,20X_25X_GMX,25X_30X_GMX,30X_35X_GMX,35X_40X_GMX,40X_45X_GMX,45X_50X_GMX,more_than_50X_GMX,leverage_long_GNS,leverage_short_GNS,less_than_1X_GNS,1X_5X_GNS,5X_10X_GNS,10X_15X_GNS,15X_20X_GNS,20X_25X_GNS,25X_30X_GNS,30X_35X_GNS,35X_40X_GNS,40X_45X_GNS,45X_50X_GNS,more_than_50X_GNS
2021-09-05,5.274739311206755,15.55764751649577,0.0,82.65940759762267,38250.63492830388,0.0,0.0,0.0,1154.4319938658036,0.0,0.0,0.0,0.0,0.0,0.0,0.0,0.0,0.0,0.0,0.0,0.0,0.0,0.0,0.0,0.0,0.0,0.0,0.0
2021-09-12,18.57593282078958,24.5404595207903,0.0,494.69927811530323,15801.881874173756,14695.351333501625,14355.762205867934,32749.15978151291,1077527.2892363714,0.0,0.0,0.0,0.0,0.0,0.0,0.0,0.0,0.0,0.0,0.0,0.0,0.0,0.0,0.0,0.0,0.0,0.0,0.0
2021-09-19,9.643913853035112,16.661372015630118,0.0,275879.64229152905,1126419.4669031345,488790.8191957194,773786.3853548144,136817.25553832634,672602.4139572384,99622.04766461454,0.0,0.0,0.0,0.0,0.0,0.0,0.0,0.0,0.0,0.0,0.0,0.0,0.0,0.0,0.0,0.0,0.0,0.0
2021-09-26,11.460195114649677,11.724643815350797,0.0,305458.061751284,890186.2011529602,312617.19513365,316882.24950375047,315907.6866976095,1403283.78196679,184492.6370156117,0.0,0.0,0.0,0.0,0.0,0.0,0.0,0.0,0.0,0.0,0.0,0.0,0.0,0.0,0.0,0.0,0.0,0.0
2021-10-03,9.13722753703566,21.094286084830255,0.0,547863.5332103064,499458.8331640694,483872.5004336166,803187.1674813454,620794.7540942514,2194836.3249456882,153918.71621622238,0.0,0.0,0.0,0.0,0.0,0.0,0.0,0.0,0.0,0.0,0.0,0.0,0.0,0.0,0.0,0.0,0.0,0.0
2021-10-10,9.594727156703954,18.107121921555965,0.0,1195696.4109920128,3202915.395224188,3921442.7469854644,1275743.7331041999,350141.6392175092,3838143.885373228,89748.64551381979,16086.921001939898,5532.2589531852,4569.199917678,0.0,0.0,0.0,0.0,0.0,0.0,0.0,0.0,0.0,0.0,0.0,0.0,0.0,0.0,0.0
2021-10-17,10.36282978987507,16.56351210553956,2773.8428467095,2467708.909718226,8009052.7569148,5788239.063179925,6954240.376350722,3023770.090214704,4295405.500207606,126271.79727652264,1950.607854,0.0,1023.4660434635,0.0,0.0,0.0,0.0,0.0,0.0,0.0,0.0,0.0,0.0,0.0,0.0,0.0,0.0,0.0
2021-10-24,9.701641697321312,16.4332385712532,0.0,7821447.751236912,9127001.88487516,7512235.200979323,5416177.335048042,8635098.040563537,7052280.999144891,273716.6860772978,12053.59866926347,10415.2346088984,0.0,0.0,0.0,0.0,0.0,0.0,0.0,0.0,0.0,0.0,0.0,0.0,0.0,0.0,0.0,0.0
2021-10-31,12.026524958691697,17.10410743239591,0.0,2486499.0559588536,4520461.911590775,2422108.420714698,2247799.272144233,3792780.4762267955,12468982.836010713,0.0,0.0,0.0,0.0,0.0,0.0,0.0,0.0,0.0,0.0,0.0,0.0,0.0,0.0,0.0,0.0,0.0,0.0,0.0
2021-11-07,11.309629382016164,14.306841383006693,13.5475875,2053810.2117648404,3541184.4982938105,16721707.379060373,3295481.7328834664,313645.48821354785,4918067.182502544,0.0,0.0,0.0,0.0,0.0,0.0,0.0,0.0,0.0,0.0,0.0,0.0,0.0,0.0,0.0,0.0,0.0,0.0,0.0
2021-11-14,8.991814955255702,20.115448477958175,14405.3895948538,6173808.609395262,6080745.873033829,13027192.087683499,14154983.327374399,3329500.107909484,8766364.733890697,0.0,0.0,0.0,0.0,0.0,0.0,0.0,0.0,0.0,0.0,0.0,0.0,0.0,0.0,0.0,0.0,0.0,0.0,0.0
2021-11-21,12.718011712320854,14.752941865691396,35527.2967600619,1640663.4743399245,5546114.972810334,4350176.388116287,3975012.1635195706,4650190.356567804,7673797.559282902,0.0,0.0,0.0,0.0,0.0,0.0,0.0,0.0,0.0,0.0,0.0,0.0,0.0,0.0,0.0,0.0,0.0,0.0,0.0
2021-11-28,19.537209193916073,19.90138863673085,1872.3648279001995,1620900.408274157,2129801.213375464,5767212.292766808,5896623.129445482,7696615.246523038,43540288.129492804,0.0,0.0,0.0,0.0,0.0,0.0,0.0,0.0,0.0,0.0,0.0,0.0,0.0,0.0,0.0,0.0,0.0,0.0,0.0
2021-12-05,12.67296072472284,12.270213565639281,5225.60653216,3252983.013659121,14719734.425802976,8110687.516849675,3553573.7956020907,5271356.262595642,21318490.209102362,0.0,0.0,0.0,0.0,0.0,0.0,0.0,0.0,0.0,0.0,0.0,0.0,0.0,0.0,0.0,0.0,0.0,0.0,0.0
2021-12-12,14.300065268240617,10.477853678797109,150246.13063489168,3185065.928787896,5105677.216602419,7233449.112587044,8369477.28733769,1793568.0013800901,11268575.302185692,0.0,0.0,0.0,0.0,0.0,0.0,0.0,0.0,0.0,0.0,0.0,0.0,0.0,0.0,0.0,0.0,0.0,0.0,0.0
2021-12-19,16.852053088134294,17.097088112360474,22045.507743237,1432771.4113679514,5321512.793118655,7699000.906349486,8714998.660766108,8409936.668777246,31968269.206321992,0.0,0.0,0.0,0.0,0.0,0.0,0.0,0.0,0.0,0.0,0.0,0.0,0.0,0.0,0.0,0.0,0.0,0.0,0.0
2021-12-26,16.12218001281065,22.79294220655029,21932.3303320366,831088.3846878251,3030224.885190719,2093071.1111279272,7826003.580538829,17302857.37831138,46756190.06761083,0.0,0.0,0.0,0.0,0.0,68.5438708295329,77.37496790845252,0.0,47048.3175030563,42929.704545454544,145624.15922498555,48920.71282051283,17993.71282051282,224871.35555555552,16374.928571428572,143362.11904761905,41555.380952380954,37845.0,164938.2051035761
2022-01-02,11.124112436682028,22.47343189122964,16457.1271149384,4923917.190119159,6751506.308285795,2664301.7744051972,5371709.750458953,6230002.838958413,54357836.87487316,0.0,0.0,0.0,0.0,0.0,61.00484108834289,68.6105901607518,0.0,16484.97313103563,48027.3218981779,53627.710918710916,131132.4055944056,184357.32442067738,473069.7238095238,332992.96153846156,475129.7,1396614.6,10278.0,552700.6113199354
2022-01-09,13.112777732083481,15.988172090847558,43864.759438767,3151790.6515142815,6321262.5376293305,20999795.108506106,9373327.389927264,20795226.383277148,26079080.659341224,886323.30546816,0.0,0.0,0.0,0.0,47.06214502545572,55.049832806464195,0.0,20380.871212121212,31952.42635412092,205637.39842472342,275281.65,321741.6785714286,937917.25,186786.57142857142,225664.99047619046,234230.0,257002.5,677048.8202752576
2022-01-16,18.253026015976914,22.665231759663754,43831.834280497,1220043.2575441862,4918483.607998925,2257717.8771904316,7598612.329671787,27627785.224478316,43219005.47958223,0.0,0.0,0.0,0.0,0.0,68.07230903483995,68.79252318968462,0.0,64536.66264193896,112373.98771367522,344765.0002253972,680647.9586783989,360812.9730998168,242663.21944444443,162814.0725274725,320722.6309523809,308845.3246753247,1364731.0,144262.40921543274
2022-01-23,17.12741279176429,14.696879645513102,14257.3453416,3539037.7881957097,1004382.6777073755,940163.0797550655,9603436.945046527,3333146.0717397756,17550494.58206692,14856.5816365,0.0,0.0,0.0,0.0,72.54487020409249,70.9785568386016,0.0,38597.62784090909,123084.69504739749,360458.0287191962,820324.4493506493,454903.8525030525,217296.6285714286,363504.95,1329641.6785714286,1684022.0666666667,141093.33333333334,502439.6556276446
2022-01-30,14.521610431300818,12.642329180361449,328534.79026650504,3214662.7393296557,5906548.805254729,5349420.403129944,3994556.153418387,1917815.950833093,14250304.233692063,0.0,0.0,0.0,0.0,0.0,57.06562543484925,39.974380650869705,0.0,99525.610361508,133654.60707838112,328469.420443391,399802.10090311983,218201.41375661374,67258.65360538155,193090.5435897436,54775.66666666667,156535.44615384616,63269.86666666667,238497.88301391693
2022-02-06,9.694959966881916,12.665744831651551,2192.085476728408,3559993.7372929207,6135379.846267113,14613741.115082182,4982042.282256114,1999973.330824654,3550344.8810469024,0.0,0.0,0.0,0.0,0.0,63.80064118184795,56.38920010394934,0.0,178425.4958890636,172635.80576676474,373462.2732320099,126071.4782410572,279032.5540472599,79645.72053767489,834453.8754012395,64803.185714285704,2075628.391161616,179446.47619047618,279685.34725932975
2022-02-13,11.548705674676684,13.121002158429942,15522.43867107,4786931.733832207,8349178.430391684,3428744.9685885357,1675528.201029677,8162480.956826759,9738632.734071622,0.0,0.0,0.0,0.0,0.0,61.71243276063423,61.842570391336366,0.0,35527.53547127827,70691.14555249776,219205.0851590571,132859.15638148668,364994.59004505986,66428.06161616162,459074.7106227106,247592.6277056277,1454976.8333333333,323940.6666666667,332428.66450606735
2022-02-20,20.057911388915873,11.675920787228096,2288.0418134367,822944.8463404882,1889516.3961592258,622848.6756912444,899396.9767008808,420526.0296137281,14056018.544555387,0.0,0.0,0.0,0.0,0.0,90.08321994018777,77.91668447706206,0.0,83921.77776209987,76924.80652156123,117509.20914985397,312061.59924242424,204371.2825630252,140968.83333333334,90529.33888888889,715164.6590909091,1995949.3888888888,3414052.532467533,319176.16756760445
2022-02-27,17.532500900184107,6.25050838688827,643.6977376947999,75457961.72962892,6355269.124033758,7998841.596303752,5248006.533636069,17432518.257076032,46803741.366005704,0.0,0.0,0.0,0.0,0.0,108.65507789814521,70.39367986190825,0.0,119700.05366161617,93628.1462998405,149119.0058038953,129282.23139801374,200564.15973602486,463452.7472495895,431085.9492481203,325855.373015873,292518.5819327731,250862.45454545453,108304.81327941775
2022-03-06,14.32349870727386,4.704022578392027,0.0,140405896.3229664,22298717.599936888,3800628.36758599,15011971.073497005,60844618.752120085,257260400.22232318,0.0,0.0,0.0,0.0,0.0,97.60686944575933,75.67501340043565,0.0,85110.43217893217,107670.21237183869,59256.986644919205,58230.62816131237,143362.60196078432,74950.40567765567,69005.49722222223,173257.83333333334,247131.40476190476,56640.0,123910.34845936329
2022-03-13,13.393485171469592,4.1768265428273805,24539.675385958904,174217171.06883565,12663310.950920021,20141570.991415516,1631303.692469086,21096096.63835777,95534589.84557982,0.0,0.0,0.0,0.0,0.0,88.51801669035045,79.37272852234045,0.0,121256.01190476191,154860.3828088578,82108.57463630613,90384.44761904763,74543.41471325372,77908.56893939394,64247.41969696969,55906.875,135784.69047619047,94865.57142857142,200964.31663499522
2022-03-20,11.2010640663043,13.63658379592377,0.0,17560870.166288607,12372193.551637974,11736986.441325122,14349320.064227661,2945418.5637032795,38939252.859707795,0.0,0.0,0.0,0.0,0.0,95.0582315516625,76.78619611722272,0.0,336848.88095238095,229846.18095238094,120449.91002331002,39747.28205128205,854873.8421052631,1104069.181875314,139385.46048387096,280360.4,87893.41666666667,9360.0,2692553.8958207425
2022-03-27,21.70888874940704,21.533647438270656,1216.88134876038,4128215.72561153,10896381.421651242,5434888.964694462,36568611.4955079,60899257.641948864,284877160.48226255,0.0,0.0,0.0,0.0,0.0,91.20270014816803,82.18413714832674,0.0,70968.06547619047,106007.59761904762,183038.97542369913,46690.50268065267,278349.6054615706,999067.6444805195,123362.87727272726,145200.36190476193,50288.833333333336,20556.333333333336,3345147.703850477
2022-04-03,11.834870638778032,19.56093281594338,18.681219306,8665323.609142331,20919285.06713684,11337401.80790535,17876891.556019045,61560186.846404016,72808063.92378739,0.0,0.0,0.0,0.0,0.0,84.05684559846641,82.76506717388692,0.0,135769.25985663082,129086.41016483516,398356.5403615992,71680.92727272728,255434.72544492543,330192.7846320346,146161.80622710622,229824.68589743588,621803.8845154846,63726.833333333336,777404.4003670253
2022-04-10,15.484627558787233,16.918692996811714,1059633.1564305904,8027805.994609947,16772457.432331754,36064331.078248024,7483900.256983198,21309389.671408817,189239483.22064084,0.0,0.0,0.0,0.0,0.0,76.9313695930975,74.57042390718253,0.0,207790.77651515152,338689.68049335724,197102.3179347826,99323.29079616036,102216.48349567098,115042.52777777778,193109.12792207793,48824.33333333333,50939.72063492064,139732.41666666666,658289.2174384883
2022-04-17,13.132213967156124,21.704823215381747,358622.0252521843,916364.0285262314,6802658.332465073,2044594.0827573147,5555770.655411298,1013658.5454049666,139740388.59135392,0.0,0.0,0.0,0.0,0.0,86.19773795734436,78.18198644650091,0.0,128768.48926237162,195725.85525310604,227870.69791666666,67740.86921871704,114286.93506493507,25662.1,360475.6478021978,241013.66666666666,75241.63888888889,291395.34285714285,522254.5065718737
2022-04-24,15.925746266580196,16.94588037818053,4020.6807888805997,846591.228265744,4203800.989202103,2487571.5504223374,2430751.8042974337,3989684.404956569,57837596.37526821,0.0,0.0,0.0,0.0,3819.29702872,89.84971185530686,85.66295448138017,0.0,543995.0833333334,270700.99417249416,183851.67857142858,57854.69682539682,68519.53571428571,134721.84166666667,36087.42222222222,59701.400466200466,73420.0,26650.333333333332,353285.2150403737
2022-05-01,16.02016270868425,18.064328366722542,20655.821909077502,1333440.861519217,3917099.6469541844,2488110.623581063,4652113.65714171,14332645.343070291,18455117.018543165,0.0,0.0,0.0,0.0,0.0,71.00977538503126,73.75267799415784,0.0,307563.0999373434,235171.60775335776,175971.80448646643,302291.11706349207,381613.67715247715,116763.52228327228,78072.8051948052,16335.0,65998.60303030303,5554.0,151778.16338420496
2022-05-08,14.541543804852381,16.90085496375391,20756.8037942906,4711722.363342084,9927490.837644326,8772583.068665732,10880189.350872245,7463426.656366939,43236514.459032044,0.0,0.0,0.0,0.0,0.0,72.22266588674529,73.65704636397405,0.0,190030.27065527067,144512.2451048951,259339.16668571444,113272.83771929824,152879.14736842105,440344.7230710312,254554.30076296255,22052.333333333332,334744.7727272727,68999.23333333332,403807.0513092199
2022-05-15,10.047407171157108,14.425837065526327,782600.0171170059,9348896.016857242,30416212.327946182,19203772.97019138,80798814.23176724,35878115.37142989,35482316.32117325,2316.0312842099997,0.0,0.0,0.0,0.0,66.90327956059343,63.29390751793128,0.0,173041.3220089252,165832.99775516195,159205.51259504628,232711.02861073674,227182.1743596681,400862.51880877744,142321.1963116747,354366.5207792208,227682.21097615833,222140.2857142857,207500.38058408612
2022-05-22,11.628658196703242,12.87180017561336,15689.350640739998,3065988.8966347924,4281067.699650481,3023390.5461171395,2265506.7608082984,1703847.8023090558,18605159.01327114,603.0012399999999,0.0,0.0,0.0,30105.0,71.95742673873823,70.00906275428918,0.0,172704.87887780496,147717.3173030673,96734.76735578288,78494.52580645161,67933.5976608187,231880.81919191917,73222.31209150326,24543.87612387612,45878.56791125541,64678.87007422402,168546.29902427405
2022-05-29,8.762359529181476,12.102213072909706,335297.9058227104,3173708.3894362007,3613102.2090562438,2710820.460918489,6358615.983312065,2887961.5767531227,16067272.006813172,2211.36032,0.0,0.0,0.0,180881.23874474,82.43198566696275,82.22109266779502,0.0,31142.857142857145,29744.909090909092,213454.130351545,90740.27619047619,66364.66162464986,201059.46666666667,233866.8529953917,343162.5083333333,205479.71323529413,3594.6,156033.30475833995
2022-06-05,11.22275494136579,14.118019233617819,22911.189892712504,3737548.7491723946,2890448.767331028,2366154.2091118605,2202666.8352813893,1239538.360697776,7849998.002571221,1480.2519474,0.0,0.0,0.0,0.0,81.91587130265978,74.34042767450289,0.0,12105.0,12105.0,187954.20476190475,23529.479166666668,122148.319828722,60805.07792207792,344635.39844455064,58464.0,129884.5619047619,14382.166666666666,442623.2317074514
2022-06-12,14.170371416109644,15.749265930056692,175686.8030299352,2721339.5097233346,4981974.616946336,4454948.352869096,3594811.288723512,3092067.753917918,32337395.047657855,1787.9333545,0.0,0.0,0.0,0.0,78.26534632389715,80.34076796507107,0.0,21100.0,21100.0,227660.569519696,205369.15809884557,169824.30855753337,131041.00833333333,106058.9981962482,1662087.1166666667,365680.4285714286,1267023.4047619049,445045.4575612533
2022-06-19,9.752439172226673,9.775205095885983,103470.04261032831,12927084.122896424,12522916.016887477,6451184.701447099,3608958.409055284,5994770.7883429695,48373467.18096362,6017.34768,0.0,0.0,0.0,0.0,73.1190453433155,66.09446735374377,0.0,11181.0,11181.0,127335.53589812983,64290.36398885804,56750.45121834687,122188.59455128205,162305.9505548584,241607.9756021756,227956.24674185464,752062.4142857143,298915.01040152245
2022-06-26,11.155475664159672,10.68341226870463,51532.533325504264,4558129.579291979,4000332.311439861,4364855.784048915,4108423.525430806,4534085.931351774,21223504.798330296,2000.9448,0.0,0.0,0.0,3411.712158687042,63.931115893244574,62.634514291050344,0.0,0.0,0.0,66361.85652038701,79865.5060629026,143278.00497076023,53443.17671287924,151104.2067359388,26139.353787878787,31964.57505827506,325127.3869047619,197408.95743303536
2022-07-03,15.936137875181176,19.409165860613655,7794.3081124032615,2001772.640068392,2433923.8561550216,2181354.61697349,1914912.1377037496,1940632.9507857547,64852606.1097323,0.0,0.0,0.0,0.0,0.0,65.27062207298003,57.764550583258256,0.0,49916.183333333334,32344.083333333336,126097.85676297132,83035.0505050505,150330.0056492953,65919.52976190476,169673.35868079288,334974.2833333333,92228.16612554113,222459.4007936508,265468.4186340767
2022-07-10,15.844181652722492,10.090058285229846,68134.12295857884,2700011.7942340453,10589500.285654122,3963115.3410718283,3483209.129802555,2966768.829028403,24688215.769322734,0.0,0.0,0.0,0.0,560.0,74.89199477747643,56.82641276773969,0.0,36390.94943977591,53576.15277777778,103742.96380090498,58424.09469507101,228300.2286713287,32192.246212121212,300308.2031746032,33021.04761904762,72986.05952380953,29215.333333333332,84861.9952384539
2022-07-17,11.58321115661496,11.457549445786574,225622.04584114303,6997080.269802663,8942844.716836577,7121817.901511559,4273374.694755826,8171031.246902788,19935602.2173996,0.0,0.0,0.0,0.0,0.0,72.54982113738535,68.04945534576703,0.0,47122.53676470588,63912.9766214178,83549.05175627104,50754.481476856476,178095.85543672016,161833.725,142225.40109890111,54499.416666666664,1066436.6111111112,58990.6,153106.20197857532
2022-07-24,12.518986707142462,11.746212146943082,207234.3996539869,7102415.786294958,15363382.842249705,20015926.44242351,13824876.510819381,8437039.320139715,35055548.63270846,10454.169999999998,4660000.0,0.0,0.0,26000.0,86.78838535933814,65.2061680053638,0.0,113618.99042950512,70757.60176767677,116864.87246841323,96107.45216092817,338830.7248925481,133406.2332167832,128615.17777777778,112395.79904306219,164345.2527777778,66861.29166666667,161659.35124028174
2022-07-31,15.596992154962797,10.358819860604996,104001.0917750959,4604553.420370667,5518447.875586954,7386180.899432239,8863909.168122515,6458374.662822761,23384370.17182611,0.0,0.0,0.0,0.0,0.0,81.58131080646402,59.187672382584715,0.0,37526.984032634035,98253.3780657748,134770.92981695532,428960.05,444548.0508785332,196348.36666666664,294050.3333333334,863251.2222222221,703304.5077380952,127208.16666666666,156833.0273919485
2022-08-07,14.19659624081845,15.194123851237261,138840.7109767478,2835433.560262987,5041511.775206253,3540599.500173591,3504817.821301522,5298036.4500929415,31134509.261431444,6143.351518439999,0.0,0.0,0.0,0.0,70.11008855878312,52.86398675036669,0.0,19546.591228070174,132122.92272727273,83774.79064294582,67927.19491341991,76428.14002525253,74387.42683982683,98400.09087301587,31148.916666666668,137670.35555555555,68766.0,165032.64960440592
2022-08-14,15.06293407261532,13.164732282182174,23212.908325904697,5548592.712502825,7076515.460518492,11750147.450279702,20397199.736297224,11817969.93666171,28172244.688932754,8.583567271,0.0,0.0,0.0,0.0,71.9603458241909,67.83971755529718,0.0,55282.308333333334,49698.16666666667,108230.56312576312,134703.39210526316,196012.80076137313,156280.0126984127,139126.67012987012,89568.56666666667,1502234.280952381,212502.83636363636,259028.57577424834
2022-08-21,16.582493226726008,14.6568121032927,32228.806158741227,3665087.9689687695,13442410.606146514,10882134.279512117,11243313.44811429,7583448.689547699,33189757.752017923,584.18624076,0.0,0.0,0.0,0.0,80.40450443201117,73.02116469615784,0.0,67989.78214285715,110698.03571428571,145150.92832125604,413669.77813852817,102209.10952380953,313736.8333333334,48063.39230769231,772368.0,140676.45476190478,384427.13818860886,126246.25907311842
2022-08-28,15.079432813789508,16.541336392876435,89383.04545845395,2608322.7393263904,12714121.278197112,14348600.250976076,13796267.855543595,4384003.245646736,42180011.14632497,0.0,0.0,0.0,0.0,0.0,75.07465409241442,62.147683239766245,0.0,45030.06197478992,88580.33333333333,162960.30900464454,128396.04945054946,291349.7228976267,310846.4944444444,97096.65,30109.39880952381,138010.80303030304,53149.333333333336,185174.91825270894
2022-09-04,21.007034385127152,12.976479864802855,89824.4198388667,3961483.221211278,6683281.39949085,2958679.1556509775,13485498.870401032,5679468.635245186,42269768.307434715,0.0,0.0,0.0,0.0,20261.88,77.00466175046697,63.74603014551537,0.0,156818.82987012988,144796.14102564103,59787.606060606064,29864.25,152010.09200603317,27855.555555555555,101772.54761904762,32955.694444444445,34714.96428571429,63857.83333333333,225502.06735651268
2022-09-11,14.782153300534643,12.76076924756485,169158.33312938904,9851473.473563751,8299145.39477088,10280087.893926233,12547673.656030595,9345793.526990708,50994167.78791628,0.0,2508.748,0.0,8643.432,95290.0,75.70522942368622,72.43615012268222,0.0,284382.34065934067,347441.5193277311,143460.0372294372,46760.7311942959,69300.83203661327,64928.15909090909,51487.70750609544,27519.619047619046,68091.12380952381,61817.12698412698,135132.9373926494
2022-09-18,16.12307906068258,14.850386869299223,717994.0233113201,20626620.477448434,36778803.123610705,34573644.34817144,36488738.00626348,33656221.44413469,244268906.89824378,14102.064491840001,13057.2,0.0,0.0,0.0,66.47313683824481,69.5919023614989,0.0,97409.67261904762,208850.36798105275,278300.6082917083,141122.18492063493,123579.64523809524,29531.333333333332,79494.67640169815,20504.2,658604.8666666667,265477.6,194537.1704401828
2022-09-25,12.806033180723034,10.601360448572605,77288.30012423667,22404267.749866378,35847035.83895587,15828726.53989394,16781588.37402011,17328921.096086033,79592218.17566848,12487.81913195,0.0,0.0,0.0,1360.5300000000002,75.84798918972832,73.73546723575905,0.0,101622.26837606837,355665.2263888889,300547.8178184592,616818.615551048,468128.02149029355,55754.148160173165,98776.95437394147,27014.557142857142,54958.00708180708,59496.555555555555,241769.6078544321
2022-10-02,16.06221423369903,9.721821534495351,113807.78680588391,34369837.5956081,16047201.046554757,7428053.266801875,9223731.932001725,11574509.55155049,118359888.99733026,31188.3731638,0.0,0.0,0.0,3352.300174156712,77.94366389640125,70.5546826624566,0.0,222471.07081807082,357880.1247863248,469988.50169779285,295735.2692679976,339140.64806674805,336516.55728744937,98579.87227427657,112292.54761904762,192723.67944221167,118842.9862745098,125835.2174879602
2022-10-09,14.347317770175232,13.811600839182573,63104.92034275463,11285281.024668783,11035221.72290961,23918660.13394227,14877372.656344412,12300105.483218966,94719628.88475926,30718.460122,779.6400000000001,0.0,0.0,3859.7367436699997,75.92649833593211,67.44472435810188,0.0,350707.73411000764,324647.22588522587,261461.06116252168,149300.3059660646,176748.64658348187,874276.2049966052,33108.407957559684,44085.34523809524,81097.46547619047,47386.05414585414,158168.5485064715
2022-10-16,12.774657651921828,11.227754435836447,97730.69445583549,8921587.440486949,7512074.792407639,29763111.12751375,5937576.372228021,4059019.5682298187,35156826.55018663,1560.617493,475.775,0.0,0.0,3837.410180972,79.82694998244891,82.87307550504144,0.0,76674.4603021978,68249.73333333334,367275.4510049474,185668.65340909094,214082.21825396828,88162.29560052861,101849.19523809524,79422.33333333333,92335.69047619047,62220.0,181169.81704514747
2022-10-23,14.808666427528635,19.011352313926466,48758.335073976,2921303.219014138,7297588.089885484,4531077.050110214,9839080.493276197,5961949.882703422,48540942.43617731,0.0,0.0,0.0,0.0,514.33647616,71.02094032030524,75.97836989254021,0.0,144043.36623376622,119342.74107142857,157526.0277605245,167945.3630952381,60393.8282051282,1240039.2738095238,77362.52698412698,50777.8,47173.78333333333,49488.69642857143,172975.1673777459
2022-10-30,11.29438491339042,12.597248549824927,96448.37551010783,10110321.494260909,14592923.534508344,7418699.078155505,24567749.47385945,3953445.5194208873,32952471.430591244,0.0,0.0,1994.202,0.0,10408.5,70.68270270237221,67.42288831599548,0.0,254097.57794117648,240965.77188914028,148380.23264957266,208984.86666666667,88016.47948396634,523034.8227272727,74758.88686868687,19773.6,151002.46666666667,170434.6,113935.11457888821
2022-11-06,15.510659155841973,12.220797777820232,31121.656176342705,3289206.9690531036,4778604.252107387,4915594.048274669,25246039.03675451,7351827.886375269,19179419.057200488,2139.136491832904,0.0,0.0,561.9240044464145,1038.3828458282367,73.76759421932535,82.72476944028303,0.0,208722.1075702076,50294.78759018759,151334.2027167277,89059.79423076923,107696.06746031746,36385.266407203904,59923.50377955378,61431.15476190476,155909.95670995672,45156.7,160165.26351773227
2022-11-13,15.424667483231909,8.068331010598397,2439295.750090394,52485616.82793607,35696595.693691924,89033317.22922163,61715214.49678858,24442471.9919226,211879309.8300998,24814.640087403364,0.0,3014.8790400000003,1462.104,402294.26442183956,74.53699305714272,65.07005695862746,0.0,91814.90558970976,78388.97825144044,199123.40621916568,154380.03992031663,71079.58158051099,85831.31845592087,91069.36484618174,108373.49875776397,60113.364941338856,300091.23550724634,122698.8121291179
2022-11-20,15.798694450611931,11.41397309207476,108979.67112597008,21139751.45675024,38340906.585358076,27704484.081418276,14553703.9208934,6403117.441656511,45225681.86269512,528808.8139067953,6875336.128833637,191554.32874047625,12117201.285219353,33596.761427119876,72.7174528119086,65.12523351664622,0.0,210444.68387902214,224260.47751291108,220299.16498827282,88909.78338214375,83570.39336080586,181202.96632298685,42110.793337991185,60982.74926470588,55227.78991596639,261158.50952380954,128476.30383931247
2022-11-27,22.76740677397932,16.84328413169112,129569.87848067454,7273895.280944447,12819039.549981544,20226921.550192136,25604371.923762213,44085835.510799944,77276446.00087951,12682208.022921328,19369683.746433128,33341121.57880656,71476773.64230229,22276.645574054055,66.40978082723709,61.694399604146206,0.0,63463.510103854955,193628.08097713097,227550.6462512724,157581.49628776242,49725.85624613482,147952.75953505954,26188.686933550092,63920.04230769231,98313.41502419149,58813.431818181816,55489.9629814825
2022-12-04,23.55070704670578,11.405157856011721,600833.1481880649,10182406.907892397,28404751.29519002,61909913.5009428,5770097.244313766,22940205.965398252,24493921.837560415,1885272.7299461667,13653639.690924054,2214058.8313899264,26068835.822412014,8918.260392282798,76.32042678525987,73.09472215965208,0.0,69924.14875222817,69420.50528973949,173350.2887926888,38956.70207426844,39459.798412698416,105323.4905050505,62756.066666666666,39434.4,76655.81186868687,42168.416666666664,71874.38262550907
2022-12-11,17.145809338275132,13.87234089671054,87463.42862549235,4169964.3178153634,8477330.930722786,2892507.55346456,3007759.4901541914,3055124.4807081125,7730887.136141781,11351862.192588225,1316780.100865368,942531.1817807569,23543722.96561721,1683.9126068775,72.57212008469487,61.478518267765345,0.0,83584.9773976024,81265.8,76820.39796606902,28206.67698412698,54092.005050505046,253885.125,27375.511904761905,33916.13690476191,42457.833333333336,1484056.75,141628.40464778402
2022-12-18,19.217369012016665,16.61159049625891,396417.05631510535,3585687.5917694056,27498772.49556959,10771319.251360029,17601669.68324312,14125618.13274757,28279389.565764226,14626209.122972446,26166803.891263798,6289225.886057563,33805794.9562946,500.0,63.26087401041298,67.76316435833044,0.0,99030.53508844097,87430.64652810957,186471.73162422056,35447.067155067154,271480.6522727272,560971.8772860593,102156.18752931795,39689.19047619047,46816.832722832725,63018.63984674329,146632.69884457608
2022-12-25,24.221827398713337,10.965610031413805,64470.0729343409,2976906.846882018,13304888.13134776,20196369.593799695,5893956.74355652,4290172.078355866,7469419.680318861,5138223.051806539,2347876.389020878,3727463.973942938,35010968.54019084,0.0,76.66788244814236,73.42496581901784,0.0,41403.15,61933.5,85708.54563492064,65116.17857142857,580071.8333333334,568771.375,49037.933333333334,10648.0,44831.2,40996.833333333336,238633.6911436077
2023-01-01,19.81182081782389,14.589764125355867,11989.268189898448,1581737.77582039,3584437.5680137263,2057601.1999379962,2921848.2812965275,2677918.1155585065,2973434.7292962545,932036.082959823,2789599.4262374807,4077403.5414433475,4537738.657427588,18647.5975,75.29762429067235,65.79573710062125,0.0,31399.03333333333,99521.84523809524,33728.82142857143,33574.86111111111,106269.26666666666,158500.29166666666,11368.271428571428,24631.5,68076.0,275073.6666666666,110741.28704373213
2023-01-08,18.937251171646277,11.654979225891452,111407.4759635271,2994778.5861224043,3147416.1658427073,966622.8032853097,1664571.7996985347,3796480.2277840003,2541212.7321943436,1372434.5295612887,1770251.6678722408,1633174.6435549397,5141497.424013871,27330.22159788152,95.25521318439327,68.41421295791044,0.0,100526.26190476191,54028.083333333336,105374.33333333334,32691.929653679654,43614.66666666667,95194.89761904762,24916.357142857145,4679.0,26982.93333333333,18206.666666666664,43757.86268337254
2023-01-15,21.977678741952676,15.551259507471304,337488.5871257423,6387398.34772833,15376130.294388564,45708240.548306406,57578284.56338344,84853398.93827672,28412710.73584225,21089401.11447814,15841882.247546325,26893226.22530526,89701210.50053228,81289.5,97.73193654060142,71.71426640992988,0.0,77684.13972398697,164883.09833333333,107294.13135935769,57835.0866518847,65177.39659007658,102623.66324327016,120190.65200632394,123479.0001984127,33935.20817221994,109793.66937799045,81292.8674044533
2023-01-22,18.071483449242688,16.075266332885434,239442.98349992014,11621019.89986311,17782392.9232845,12125757.809354838,17089148.56613468,13878934.821142,17037866.38372101,7637904.869657698,8763983.273688203,10969786.616675248,62688525.8484673,232547.19044759002,89.83070937856004,71.76852241455201,0.0,64521.712702482706,70189.74523224523,102717.22803644261,85189.67654522897,137544.94175685427,219490.25125911814,66703.01551666873,212805.11380655807,62190.2784914361,127189.16858214249,107854.32250211676
2023-01-29,15.8087803546273,17.32663922273633,280932.7773553043,20339612.094022032,11519390.41064858,18602314.04996179,24539368.272202596,28051192.202727903,10515743.438508213,6594861.820249425,9831702.357331881,4799025.8616963625,60062669.545782365,391459.0237751569,99.43433513467478,80.49213407153944,0.0,99347.6564102564,84026.22441196852,77897.00823846695,84652.15532943759,121517.07217948718,87622.05001368362,42763.49530644794,1020009.5333333334,56727.420512820514,134139.68852813853,74263.58231028759
2023-02-05,19.474631269257678,17.519954178563335,115198.51440399981,9629675.983205907,17533823.10314481,28274405.27101913,24835036.668290626,15911865.110340752,5950783.923697421,10749180.87021651,10026226.112223674,13093112.685693858,130416612.52421987,290616.2790951656,85.55295341396898,77.50233331438355,0.0,264743.0823638686,81559.71814954051,522035.20535714284,51098.55508750509,74999.06622657336,60163.846184371185,42217.13392969793,96156.66666666667,142675.3125,2020293.0927350428,89057.58921975555
2023-02-12,17.120620859127587,19.73607976569045,203502.0887283057,9797536.179069562,27190659.59136554,17804355.79597404,16075049.018660616,35563739.31719565,16315272.252182342,19251536.81343017,6850580.286456155,9152437.041655606,142617945.0634409,31739.586994136116,79.84547186782503,83.45309917046062,0.0,479001.7291919192,131659.84292929294,53500.94523809524,44298.68983516484,73686.83974358975,66955.97054334554,25296.291666666668,31191.785714285714,152162.58333333334,344874.8571428572,55540.73234418307
2023-02-19,18.260819009360603,15.491188661013632,50180.46646479771,15971047.492040435,39283382.62130315,70634092.77505183,31486728.60815714,20660847.8534824,11471327.15889515,54666736.326642364,26613341.285775397,9711838.569630414,49545852.200970046,68927.34655790737,88.84666406737018,82.19105025827503,0.0,198880.11247434857,206393.44211822658,89534.58796536797,52019.992609569075,190192.57676767677,97810.27006033182,59639.6895149092,1181685.724053724,35543.73174603174,1019304.4672556203,93418.68174169736
2023-02-26,17.097618661020668,9.895391108214799,578140.5966520124,34460656.28333485,28185355.25187455,18558327.908222083,17120049.604049925,37217571.3538178,6476176.033592939,15991523.045804832,8745328.230606714,5462147.121114318,46152339.3144728,188489.65906266356,85.6622170444865,80.48826530072189,0.0,143593.35587125586,146852.6512820513,82611.81393202208,27729.049891774892,76309.91282606282,82095.60761358525,33736.56929807304,27984.321428571428,61096.11545530493,61133.88888888889,72305.87208340944
2023-03-05,18.095304888089345,14.184690438709708,268720.657319147,3860181.667847474,18561766.376506068,16604744.97383858,18041375.145892486,7932714.820245889,10294327.24048357,12404527.09376809,8564577.911741558,11857295.115232926,26320382.351476103,78978.63127926186,88.32948856261088,88.11565995889201,0.0,64263.63128908129,91509.1258974359,73696.7620302403,130747.21508148714,37545.73015873016,70642.11965240641,27483.24175824176,48293.66666666667,65488.99595959596,2988369.2333333334,157802.02362601832
2023-03-12,21.425750578213698,17.65726792089451,383568.5388817992,16685771.296866376,20607316.963882178,22726026.327164784,27401998.192259632,25727241.855754606,27724863.738756463,25621556.511841085,37238876.79398565,14457450.884377984,71628344.51413241,4968021.249422408,84.87494077557501,81.0729477988734,0.0,44617.51587301587,75722.3025974026,98399.1294667469,69282.39947089947,110220.18908730158,48086.009523809524,62047.11087344028,44891.6873015873,50441.4,39435.315018315014,125466.48850705639
2023-03-19,11.732347519996031,12.573042526411154,2250294.048910331,49210431.649098925,87449251.75325543,81892106.40455015,43239558.431822345,46840159.93361067,18994869.154482316,30119206.025085565,42639230.75390216,23695137.19536809,72747111.53711663,7015304.341617055,78.66174875349293,78.08574278927725,0.0,158047.89237012988,133919.95186440955,92173.04666666666,85872.7976046176,267050.3071577781,154440.65065554512,144399.73079938756,211762.7919149478,66075.38721804511,178902.99509915372,94935.30966758972
2023-03-26,12.520766202100392,15.147922626367123,948314.7614408487,23389366.030284982,71806155.09091309,39342840.48967102,27715355.55459571,36575013.63259386,49409584.81556759,58738622.04154726,32754933.059577502,19095560.359828208,65195003.97216836,5127131.5296673095,5.527777777777778,67.1068624827094,0.0,57892.626797385616,80470.12777777779,46221.24163429164,37146.04901960784,54296.63644688644,103734.92261904762,105647.36111111111,17869.535714285714,52214.799999999996,18387.4,56849.38564121572
2023-04-02,21.723102175616336,13.739035323195507,469173.6879250215,15899954.859211948,44869663.45382066,49248934.51630975,46938263.46813033,39474698.47942705,92165925.84855497,83905784.09030269,30883312.5076176,18343623.527395237,130089458.61425018,7634729.111181445,2.0833333333333335,74.75151169838749,0.0,38781.38412698413,40030.61363636363,62761.08101209135,30650.425,1815120.875,88647.1,37363.3,12871.0,30884.8,24853.5,146866.6470411809
2023-04-09,24.937087006898246,14.234935908597736,1373790.1691986928,4813654.56773716,31559556.864840668,25463285.531747516,24470915.58426247,36492327.98005865,30953317.231414404,103098252.12259687,22600746.574688956,27415827.733968213,115961783.14885484,1709581.8623411648,1.4285714285714286,83.83398776536293,0.0,132960.74285714285,42013.333333333336,33641.57142857143,16889.7,116689.38095238095,93450.0,24640.01461038961,0.0,10164.0,0.0,126801.79984637137
2023-04-16,21.38348367383788,22.850301189397978,1077589.7302567647,6686117.800380554,19754030.130966343,14842628.309031878,41093196.81979659,21281891.68053146,40738371.43171955,21753700.859788068,40832377.32235524,13577226.583227884,171776305.6354809,4623285.835704941,6.0,76.1766192535324,0.0,19502.737878787877,16659.344155844155,37485.92666157372,15028.309884559883,70152.28571428571,26475.29761904762,57656.125,16845.333333333332,30352.38888888889,6480.0,49308.241908057535
2023-04-23,20.78306827630944,14.817042617454929,1095807.2365771746,8563726.443679301,38168428.923671275,31886248.088500544,14472556.902669894,11629722.981072165,16567074.53727244,6212753.37169896,12385798.077290507,7568695.860352947,152540486.63881043,8092708.88808239,68.97660624936904,80.78386531027049,0.0,35124.48333333333,678693.8705128205,371609.9259744188,34550.51730429014,113525.44027777779,197254.11489387805,584024.3888888889,90346.19642857143,55425.46666666667,960900.7333333334,106712.10836117677
2023-04-30,16.21221611116138,14.303854687296992,1121887.4033790068,9294665.095858281,35199135.11824632,20588769.159769252,11952995.032695433,28579884.1292539,12224261.477319269,19639933.07564534,21552826.18305345,15581994.347464075,57059633.60677731,955732.7748303514,86.09059988316871,85.31574093649165,0.0,17578.13843262001,30649.6033008658,68792.7740665767,99611.92863095239,235182.50527756556,106778.63392857142,268693.6933476197,166703.06666666668,140883.76518218624,553130.5333333333,142183.79147099916
2023-05-07,21.146410513145693,12.400440844570296,611369.5790264047,4016117.93681912,22166979.65075717,25057440.884686723,17310056.120817747,9818645.114311334,19078615.590491693,7878504.868124319,7059887.17749518,6226782.921775903,75872138.59517594,430048.9714891915,80.81025424982083,74.3395360838833,0.0,35453.294913419915,45968.0735930736,103315.74822677323,39438.464705882354,265592.2802426332,111237.55111111113,294135.2444444444,30277.033333333333,20980.0,33343.75,94017.60628708216
2023-05-14,13.936357824806688,21.874796227664973,531727.3338318995,23611061.863960803,21250859.14903316,11213663.513428424,16006420.178919682,11110722.51343951,6448355.192722588,3060662.1729544927,12929667.110073512,3602836.92600342,43518373.47403317,56992966.22574106,89.07139853567337,78.83481787363776,0.0,72786.1239010989,40398.980769230766,61007.85526695527,26992.177641039358,666596.0873015873,94394.36168831169,25638.326923076922,26660.904761904763,108667.00833333333,37275.47619047619,45024.68461695516
2023-05-21,20.476471048184095,16.283566708171165,826433.7040330083,2903492.026660447,10234438.548557697,4592733.712099289,24364849.289377205,11879624.389968045,5303930.289456169,4197037.542174799,4019354.3806846007,2417554.3442351706,18035252.4844811,24847802.18579693,85.92330268196487,68.7000670691659,0.0,25338.834523809524,65521.2038961039,73682.62222222221,41405.880952380954,149631.94120082815,97672.67575757575,21581.283198380566,61538.01666666666,197141.7,130031.66666666667,82630.77638391139
2023-05-28,16.245689210487146,12.558222028497383,1263301.3396375892,3725817.1685471605,9229933.262019662,11287023.525243817,8973600.162044445,5288144.8231132105,4084498.8517080834,2893882.3884296366,2767293.117955925,1175128.534187513,23698527.32893972,328089.2924467046,89.72388662323725,68.09730673842775,0.0,34596.96944444445,68541.99316239316,46438.91985171261,34256.60387331966,86396.6587121212,48600.16387121651,23722.552873563218,22674.75,69298.85154061625,47404.54166666667,97732.74714697899
2023-06-04,16.357668484603835,16.170900628519483,681697.9574743243,1645340.0045362143,5835341.195961856,20519282.422283906,14957681.280420486,6579965.3502087295,3875616.4349861057,2133248.4564444786,9230144.533417583,3261080.6603595223,19496639.739715405,1456341.4510693627,68.76294351904266,85.06810910769094,0.0,89555.89906759906,75583.13291316526,77028.9908496732,46607.58421855922,110257.33435192259,61450.066666666666,48767.42833333333,68261.12254901961,45154.457142857136,132444.15,89290.95317789166
2023-06-11,14.642160685436446,18.039973482000736,1182106.5278789024,7724435.376993957,18089193.44972114,14022818.311428377,27319061.96347627,13292844.503138889,8682331.240768364,8291637.519830308,5548339.194675034,2901902.254567526,53042468.777059056,24302082.278590135,73.38902183420976,79.24103355407954,0.0,25512.575757575756,67863.12745098039,303945.59122100123,438638.67689075635,383859.6289473684,254524.34416839198,167360.30186480185,63057.16666666667,505059.98984848487,38057.46666666667,50934.86947063057
2023-06-18,19.5259259357824,16.46942656668973,615758.0513221973,3403541.576298994,12154440.105924115,7665129.748129981,23406605.347497135,4958680.802442596,5876574.613694582,2209537.2557299687,19241879.794754557,3051633.759124449,17692372.158657823,22361842.452606164,75.88105236426802,72.76387026943058,0.0,33088.57142857143,38595.65757575758,69109.47142857143,146782.5108225108,170512.20014245014,137682.57236842107,359222.60281385283,278425.25,120716.79444444444,156056.77380952382,68427.17158357216
2023-06-25,23.59342836768897,15.155147494919685,862468.9679885625,17254436.319574703,21428515.222565778,16344252.163174815,19655070.34315928,35572309.54830403,47027058.66196506,38662570.5904,36252448.84573307,9682832.554341897,68878788.73222739,38207144.92719417,83.15096434390132,75.58832300841543,0.0,32249.987914862915,43158.41544566544,66047.25803048493,31022.773793238226,41163.087352414084,40239.52775784157,74963.72971124621,43676.54642857143,44145.163636363635,66833.26190476191,54389.24326705998
2023-07-02,18.42187123294364,22.390925983803708,1129347.5480056491,3871792.7404145445,28043311.170104276,23456911.535202377,21663325.66880147,17663458.98003547,18096671.854002867,9932354.779253002,21925380.773159705,27185060.238151908,42014065.22225094,48618474.302639216,69.37466710428804,81.49745038881147,0.0,22090.4375,629692.5691976396,372905.06817291374,325581.895940171,118747.76061304286,26205.29924242424,29992.0886150158,70259.33333333334,66407.97222222222,225496.9230769231,76975.94758420375
2023-07-09,13.863743045520433,18.762440990778565,1226700.3349196482,3600370.13436277,28664504.34572212,10711798.765009934,9466469.226646908,12527110.906824738,14404463.37694696,6249242.492597337,9069220.251648208,7516844.969192082,18221924.852856807,9956973.363094144,84.76213001172144,75.15445055127759,0.0,120109.69531772577,323677.787012987,52351.71666666666,87414.98168498169,43780.357142857145,109245.07222222222,45476.238842203544,39049.1,133815.7,64047.8,46391.68262091956
2023-07-16,16.75170185541361,26.55023713511789,1178461.4180692635,7093373.435716911,19422123.582818244,11452675.935996456,14696404.01783744,13139784.418592565,15924519.353318099,14571651.489433458,39865505.267836116,12484669.386242138,18441102.884612143,35506863.359999835,77.71279896384172,73.6516928585763,0.0,87711.03333333333,697379.3322981367,311490.7444444444,332704.63706896553,358431.9434731935,112911.2642857143,76769.05256410256,39505.77619047619,76126.66666666666,42260.0,62765.23149361726
2023-07-23,14.989847329791887,17.904634595607593,667066.7927872782,1272859.3639086804,6208766.202168418,7865083.485952747,7556110.750834872,7621972.471345454,3987454.492224143,2866783.045266986,7292393.084699641,2647308.7664717347,11801551.32587944,503551.2320217619,85.15398365962733,84.74072323267227,0.0,89388.53409090909,80392.1316017316,993204.5555555556,24297.86666666667,17177.623076923075,26149.70238095238,230816.46495726495,410136.76666666666,41141.75,32278.0,155944.5573317232
2023-07-30,15.304964592811672,18.346190302382556,221369.87605765963,1036357.6931133331,4633404.2864819765,4417021.107484732,5897484.989143055,3924853.9430172737,2673875.8141799015,2053543.6268277823,2852440.3586859596,2620805.415484241,14681552.726978915,162410.9387829838,87.74839228406493,70.66286265838417,0.0,45765.083333333336,61017.89254385965,33276.58571428571,30821.11333333333,57170.37400793651,32179.66958041958,32918.66071428572,58085.52380952381,63460.33406593407,21983.0,57171.97912857933
2023-08-06,16.33939965339516,22.27562919746914,335557.8128013395,1180885.9285040956,4704989.652818787,5125060.272784816,6403795.377950477,5858378.475741487,4309056.983718752,1131802.87732466,4029538.978947233,2571304.342907495,27886754.30311069,142353.10523317708,76.7881128845306,65.6034887678251,0.0,107036.20087719298,91794.83195488722,141949.55684210526,20577.98878205128,50189.5347985348,37720.729166666664,26974.20980392157,41467.5,170607.16666666666,14922.0,42968.12057124073
2023-08-13,14.428497143500902,21.410019409945487,358480.7231573357,645877.8403817823,2418349.001021779,1668691.8376767745,4868388.581707039,4320699.916042486,1824184.2080801136,1701382.6510248957,5496830.612438411,2614846.3643330717,10300955.233280957,95054.98394265352,81.46268161392038,71.56441087320178,0.0,35598.0262605042,46076.91071428572,42561.47543859649,16706.74603174603,42671.90476190476,42927.39682539683,19333.313186813186,51053.08333333333,61710.87878787879,141345.4,58911.91482649504
2023-08-20,8.52307145937373,16.919874034227693,807362.9055359134,2623426.6370007014,25425138.32274035,5371074.309269559,6866013.455228866,5440313.627286024,3550342.0648719375,847778.2142641314,1201312.9764876862,1561454.222573845,7070151.54373184,27395597.30873243,65.23047506424497,70.30565308794891,0.0,14590.786363636364,17785.830228392297,15658.256177156178,44796.71245421246,41292.27380952381,35132.46031746032,42978.85971673254,23090.266666666666,105900.28070175438,17198.477777777778,37873.09221003482
2023-08-27,19.40874202535215,18.060118048777497,214948.59431524744,5146161.9145103665,2288520.5163703337,1483369.7519472456,2444107.3222563462,1629243.420385303,4508509.4346291805,5342954.659174632,5802944.001505835,646365.6633698504,9280905.579554446,56777.21993094872,91.31956549197928,71.84787735849056,0.0,22123.58041958042,5233.084415584415,12026.875,5900.181818181818,7050.5,7536.416666666667,10804.285714285714,50458.33333333333,62842.666666666664,0.0,11739.141510385158
2023-09-03,14.978835435257627,15.000935527216454,985933.295868388,872581.456724886,5037503.753481203,5505676.634655339,6948946.008206368,9321022.166339073,6975880.4473881,869567.3965586475,2558134.083319817,3173702.0051584207,23299339.20261616,87608.15868135409,75.0924545374511,81.97376747235295,0.0,41556.78234519104,35934.57142857143,85088.88333333333,59160.0,57738.98648018648,59274.6,17165.916666666668,44767.783333333326,102781.5,40207.333333333336,136078.32183738833
2023-09-10,27.77376186912228,23.912523690525227,164325.55280833525,274097.47642554925,353753.27446860325,428477.1043219998,1573768.047879687,1352626.586597755,2094447.7656540412,1275335.2478187622,2685883.7696932913,151132.27021382216,7892092.727549925,29302.043716000677,83.11841276914807,82.29255826944582,0.0,27030.416666666668,30629.89393939394,17139.246153846154,44403.6,72981.3,70998.95833333333,34160.25,34651.066666666666,288013.6666666666,98875.5,67153.39794657295
2023-09-17,20.96703391215771,17.560300575292967,151209.03103836867,2928331.2109789555,3028860.92670706,364072.70425046387,1283223.4776016104,2130664.782247184,4464840.468349964,1726434.1354986557,1441137.5646373278,2665471.786976044,12727351.115134733,144944.67676855455,71.70833518174977,71.59630865251027,0.0,60255.49230769231,27435.04761904762,35324.04757199322,60807.452947052945,53948.26666666666,20180.4375,22668.962362637365,32771.25,78902.16666666666,47122.5,49218.51123699546
2023-09-24,28.438807143752918,23.80930534784789,79484.60845666642,2616087.553531433,1155915.7905555728,1851259.1658947002,5128584.172072629,1212051.7059389628,2724963.4070219924,250719.2547743094,922478.0048471022,8941586.544043638,17676194.199737854,36644814.00254732,83.49465096511574,64.19581680913295,0.0,42294.208333333336,55846.51111111111,45674.036414565824,53156.229166666664,52420.014285714286,212768.9264069264,77734.79047619046,31673.90476190476,109802.53333333334,23603.642857142855,44940.868622689406
2023-10-01,27.0889992267861,37.86703954497214,390.02992826047137,140100.5867292165,138078.53295111252,41866.51952293841,1144212.641241383,315962.6002742077,1182621.8177251075,36311.725054934126,69840.75991326354,1588610.8162416797,9313579.684426872,140261.66810048852,84.75430597771023,69.18608597285069,0.0,7995.5,5574.833333333334,18283.809523809523,31855.33333333333,46455.0,46268.91666666667,4402.5,0.0,6266.666666666667,8171.0,9872.75366568915
