time,LIQ_short_binance,LIQ_short_bybit,LIQ_short_GMX,LIQ_short_GNS,LIQ_short_perp
2020-08-05,0.023171183340195637,0.015474132413788852,,,
2020-08-06,0.009103592827276132,0.003345758695460097,,,
2020-08-07,0.0047162320146238446,0.00039453577499926474,,,
2020-08-08,0.00811970441428989,0.0024620523656490776,,,
2020-08-09,0.0025194234863175325,0.0002868223458460793,,,
2020-08-10,0.030660073637253028,0.008331324327882817,,,
2020-08-11,0.008636158142763778,0.0047549085272676405,,,
2020-08-12,0.007040923641271972,0.006299444960277874,,,
2020-08-13,0.012973586208654313,0.014213617578237995,,,
2020-08-14,0.005394959353134913,0.0026419661722419624,,,
2020-08-15,0.009676279434080762,0.01105304653520659,,,
2020-08-16,0.0028354361580653024,0.008386394443297595,,,
2020-08-17,0.04006930601926855,0.10846940050144094,,,
2020-08-18,0.003336359017677914,0.002596723271497693,,,
2020-08-19,0.004638812686510606,0.001056743490736603,,,
2020-08-20,0.0024645119085684787,0.0007246421004209764,,,
2020-08-21,0.002575272455315031,0.00010147284558851272,,,
2020-08-22,0.005311400397196106,0.0024232543652262404,,,
2020-08-23,0.003421725807249919,0.0014034341049456388,,,
2020-08-24,0.0027555486026365327,0.01694243389964252,,,
2020-08-25,0.003529523433123136,0.001171710039661227,,,
2020-08-26,0.01045196760223603,0.00703910070191516,,,
2020-08-27,0.013452102059134774,0.003968510237150304,,,
2020-08-28,0.004617671305524511,0.011434770727217066,,,
2020-08-29,0.0019046106130929086,0.0011071060661521268,,,
2020-08-30,0.01316348497845938,0.007664344255921371,,,
2020-08-31,0.00492401947615095,0.00226062763078456,,,
2020-09-01,0.015394941117730947,0.00591342428603055,,,
2020-09-02,0.004581456668412276,0.0024426217473421472,,,
2020-09-03,0.015499930394456973,0.006815134310666882,,,
2020-09-04,0.032715448323850094,0.024583336906737186,,,
2020-09-05,0.0331174536532092,0.02711845024218769,,,
2020-09-06,0.009575271966340103,0.007466712745634498,,,
2020-09-07,0.02617759780626549,0.008202262236262012,,,
2020-09-08,0.021649923263743195,0.009557424075384355,,,
2020-09-09,0.011923356506840845,0.009851445831916559,,,
2020-09-10,0.01587614565417574,0.012430971281179655,,,
2020-09-11,0.004664627522802582,0.006083423894634237,,,
2020-09-12,0.00734157176534801,0.003131471801953802,,,
2020-09-13,0.011873476837375021,0.003695448088505168,,,
2020-09-14,0.02487093325506734,0.009955444040842663,,,
2020-09-15,0.020077073534394876,0.018680841626843837,,,
2020-09-16,0.01806376391917071,0.0424517226006619,,,
2020-09-17,0.008522310917632036,0.0032580330189960704,,,
2020-09-18,0.004397738153846471,0.02003955287118152,,,
2020-09-19,0.015127859416015764,0.021686269866866986,,,
2020-09-20,0.0026915262171284776,0.0008638669005071812,,,
2020-09-21,0.006842001730867818,0.012669538596382516,,,
2020-09-22,0.006109573629048624,0.007668064706793252,,,
2020-09-23,0.003087059529355886,0.018722142543256024,,,
2020-09-24,0.0629365190726006,0.028964103123303112,,,
2020-09-25,0.006074250106053256,0.00716490462218888,,,
2020-09-26,0.00902848443402199,0.002676810781076097,,,
2020-09-27,0.0059782981013571015,0.003302339141611856,,,
2020-09-28,0.02637968318972481,0.0038886602030240446,,,
2020-09-29,0.005944741825345605,0.005077341075820231,,,
2020-09-30,0.00164329262638012,3.8275807114985395e-06,,,
2020-10-01,0.014471861175277703,0.005187994480999515,,,
2020-10-02,0.011764425598207392,0.0048610409906848255,,,
2020-10-03,0.0015295644288813178,0.0017757116646096307,,,
2020-10-04,0.008397742948902711,0.003920383734966086,,,
2020-10-05,0.011813260208788041,0.0024486613114775495,,,
2020-10-06,0.00263317649346301,0.00024530456065861996,,,
2020-10-07,0.002501283646297461,0.00014642958542727044,,,
2020-10-08,0.03366638258318231,0.025282335318211828,,,
2020-10-09,0.019196217256824955,0.021901075678567083,,,
2020-10-10,0.08562012649624484,0.030217245389149293,,,
2020-10-11,0.0050601540994411704,0.0017192379346471862,,,
2020-10-12,0.042829365335407446,0.02803304665368991,,,
2020-10-13,0.002021137616733432,0.0009259335290775582,,,
2020-10-14,0.006461765828297059,0.0003494813079343032,,,
2020-10-15,0.016042408282027545,0.004812800800050002,,,
2020-10-16,0.0020691908442205765,0.001445547539058936,,,
2020-10-17,0.0015474373228844581,0.00024269658622742702,,,
2020-10-18,0.005817076066927225,0.003779727271237277,,,
2020-10-19,0.033544485261047106,0.038733212071184936,,,
2020-10-20,0.03169956602462599,0.011654134166069292,,,
2020-10-21,0.198617338249535,0.17294286895865046,,,
2020-10-22,0.009705224193485483,0.012213861229494418,,,
2020-10-23,0.00352572750548397,0.0013191562144980527,,,
2020-10-24,0.008916006745506118,0.0038073110758140394,,,
2020-10-25,0.020702100402653995,0.007105750830258008,,,
2020-10-26,0.007917503486399078,0.019198507573162025,,,
2020-10-27,0.04342379060237853,0.09688519087874857,,,
2020-10-28,0.014583102191333065,0.03059101701025161,,,
2020-10-29,0.018018552822680785,0.022968875571995135,,,
2020-10-30,0.01456490955407182,0.014263618949586743,,,
2020-10-31,0.045401466080161386,0.014639369591150966,,,
2020-11-01,0.002909557516949762,0.0008817333476873692,,,
2020-11-02,0.008351335360812052,0.006372799828480548,,,
2020-11-03,0.02815683153800443,0.009552533058833329,,,
2020-11-04,0.029478634198952112,0.014530681632354431,,,
2020-11-05,0.13302074772197275,0.12743613088295141,,,
2020-11-06,0.028320677637841515,0.014042271529915773,,,
2020-11-07,0.01912165468750033,0.014695072858284131,,,
2020-11-08,0.021528546616102782,0.0300902606221994,,,
2020-11-09,0.022831134123510056,0.00953398518039377,,,
2020-11-10,0.004629116311430479,0.003090025241634538,,,
2020-11-11,0.018736144756302912,0.009668454038606488,,,
2020-11-12,0.033595526982669426,0.00805868635993836,,,
2020-11-13,0.012702308152560658,0.006920972816431024,,,
2020-11-14,0.006217074997164,0.006782479152685273,,,
2020-11-15,0.002498122904892078,0.001853537284283162,,,
2020-11-16,0.039068079921042415,0.023439530699720195,,,
2020-11-17,0.08913320334226504,0.02110909357954173,,,
2020-11-18,0.0736554646861635,0.010057391483002585,,,
2020-11-19,0.014750240115967584,0.01628042298619355,,,
2020-11-20,0.02723082983213211,0.012535155669675307,,,
2020-11-21,0.010315340069671964,0.006088809939871998,,,
2020-11-22,0.010308778932424607,0.00416636280813897,,,
2020-11-23,0.013813598733428748,0.003520564405576259,,,
2020-11-24,0.03075550466735356,0.010648048007050033,,,
2020-11-25,0.012638260098183316,0.00843254684360163,,,
2020-11-26,0.062411373788322955,0.04421852516967156,,,
2020-11-27,0.02341353321988483,0.009641355236196832,,,
2020-11-28,0.03219416307693022,0.009700827090740695,,,
2020-11-29,0.025190570767974697,0.01144191386632974,,,
2020-11-30,0.11242961439569055,0.07244696859375754,,,
2020-12-01,0.04981939540772142,0.03625835771242471,,,
2020-12-02,0.020524365289143066,0.010611216394964523,,,
2020-12-03,0.01613801647254589,0.009135698235021753,,,
2020-12-04,0.007704181214222384,0.000839720601512808,,,
2020-12-05,0.01035972329365587,0.0015361835484891176,,,
2020-12-06,0.016468368381431328,0.004785038044054672,,,
2020-12-07,0.0029272534373908626,0.00016217636520175213,,,
2020-12-08,0.008290738200532305,0.003430250880904745,,,
2020-12-09,0.03306638990655417,0.014542698832763892,,,
2020-12-10,0.01108860667922539,0.014508368549719031,,,
2020-12-11,0.02135194080761215,0.01638711137727939,,,
2020-12-12,0.09296756899231412,0.017453032576179413,,,
2020-12-13,0.04301482651006486,0.018709932580333266,,,
2020-12-14,0.007079105012018159,0.001043816288333253,,,
2020-12-15,0.02469883867831188,0.01267171110893326,,,
2020-12-16,0.25569747811329596,0.09646783227075152,,,
2020-12-17,0.2135903840865642,0.03699032417445311,,,
2020-12-18,0.01795241351481278,0.003806856959906463,,,
2020-12-19,0.04296912720284598,0.0244420843409647,,,
2020-12-20,0.025929337035393813,0.0037373368529708155,,,
2020-12-21,0.03237615643667102,0.014847493796156026,,,
2020-12-22,0.0340713919668134,0.014724492471814881,,,
2020-12-23,0.04540026936834132,0.060345193325290945,,,
2020-12-24,0.022815852640974757,0.01681259159107739,,,
2020-12-25,0.048207473222054306,0.01694171257884344,,,
2020-12-26,0.11249844530884719,0.07170617395820553,,,
2020-12-27,0.09562559639249545,0.028856409645643007,,,
2020-12-28,0.02088025870998662,0.027082420613913204,,,
2020-12-29,0.016468951506363513,0.011628142902258847,,,
2020-12-30,0.04453350029004359,0.02233827296996982,,,
2020-12-31,0.02169559903788852,0.03530361054203724,,,
2021-01-01,0.014376899202554435,0.007171149265903618,,,
2021-01-02,0.17691697885661148,0.10049089517578991,,,
2021-01-03,0.06446491395432226,0.07866086935836367,,,
2021-01-04,0.038852622375403656,0.18516029044414367,,,
2021-01-05,0.06522370787799252,0.04499084535829432,,,
2021-01-06,0.07271650750515272,0.04945311539879562,,,
2021-01-07,0.0846501687315956,0.07375842110323984,,,
2021-01-08,0.07813153849529249,0.15472586207599603,,,
2021-01-09,0.019242241707487565,0.010223764984247534,,,
2021-01-10,0.035831954036904874,0.029955406653450964,,,
2021-01-11,0.14751489492040437,0.0691959539721485,,,
2021-01-12,0.07634112152118906,0.08089282438923281,,,
2021-01-13,0.08141629033628109,0.03096004591753847,,,
2021-01-14,0.05859398386847083,0.02460593445276996,,,
2021-01-15,0.049486263334398324,0.05504496904294488,,,
2021-01-16,0.03335300133253903,0.01714610076388731,,,
2021-01-17,0.04208929659525119,0.039806089329661044,,,
2021-01-18,0.032548955492250876,0.018406482998621954,,,
2021-01-19,0.017416602662680674,0.013297790246948334,,,
2021-01-20,0.029093041067091097,0.03150699011086237,,,
2021-01-21,0.05911827560757404,0.1589613037946255,,,
2021-01-22,0.09785523455144461,0.047452333740913566,,,
2021-01-23,0.026247696330979838,0.01744645728128475,,,
2021-01-24,0.029375234103798945,0.03218726467291968,,,
2021-01-25,0.054690417592878904,0.13150660133627667,,,
2021-01-26,0.041040183789808025,0.048876418685098046,,,
2021-01-27,0.04844032024707571,0.03526393126003593,,,
2021-01-28,0.06460557730916944,0.04516404852995226,,,
2021-01-29,0.12412139122613756,0.1429379365052298,,,
2021-01-30,0.020660582486123145,0.029817287006489182,,,
2021-01-31,0.009127794865805436,0.009895047176221807,,,
2021-02-01,0.023959496162195403,0.024584405687785662,,,
2021-02-02,0.033907568017107974,0.027588810062465125,,,
2021-02-03,0.030698487017868238,0.02213053951767094,,,
2021-02-04,0.03197255542689608,0.020120703827161565,,,
2021-02-05,0.017544469089645378,0.004993475001750667,,,
2021-02-06,0.0442390397645673,0.023810856409686526,,,
2021-02-07,0.021520174010081095,0.013144834808836827,,,
2021-02-08,0.187687790575048,0.04165187637597121,,,
2021-02-09,0.04874230347729949,0.02548828643415127,,,
2021-02-10,0.018259630032073437,0.010516730440164502,,,
2021-02-11,0.046457635286293285,0.029690943350102438,,,
2021-02-12,0.0157550530019945,0.014080269466381416,,,
2021-02-13,0.006759394560869325,0.0031157740731505945,,,
2021-02-14,0.03219098819859585,0.038017953449074764,,,
2021-02-15,0.019824565973314928,0.020082427229781957,,,
2021-02-16,0.04305978278597868,0.015769875936178367,,,
2021-02-17,0.04812002520672178,0.03722901437355328,,,
2021-02-18,0.00771371532003976,0.0060664460743279575,,,
2021-02-19,0.07749529103314592,0.0841930566789024,,,
2021-02-20,0.028627405440711372,0.028226440953494022,,,
2021-02-21,0.01937982584633307,0.02091540818559861,,,
2021-02-22,0.06113294835981299,0.03802443032070578,,,
2021-02-23,0.1365234736885557,0.07022047950011671,,,
2021-02-24,0.04501017868691098,0.0285922716573094,,,
2021-02-25,0.04130181346297449,0.03134298559184209,,,
2021-02-26,0.06770519922701632,0.06452902499790718,,,
2021-02-27,0.030137222589798455,0.026666818481055655,,,
2021-02-28,0.056315357635709516,0.05278974189594594,,,
2021-03-01,0.07607599202918176,0.07240055288599828,,,
2021-03-02,0.024268549745142403,0.020313538043343706,,,
2021-03-03,0.06636286642331854,0.060789393402706615,,,
2021-03-04,0.03775575236350083,0.026943883390882474,,,
2021-03-05,0.042267407558545474,0.0239447956696625,,,
2021-03-06,0.02357362656522308,0.008925800318362525,,,
2021-03-07,0.046295438880183455,0.027600923709781455,,,
2021-03-08,0.028165086845090028,0.023725010276852764,,,
2021-03-09,0.057151364010718166,0.04227467625575748,,,
2021-03-10,0.06089960277408558,0.08025646740654474,,,
2021-03-11,0.03496772279337886,0.019607236353484676,,,
2021-03-12,0.021482982641135153,0.017044783351570128,,,
2021-03-13,0.07933736900643092,0.037695140631620085,,,
2021-03-14,0.009357529613290326,0.01453556237795309,,,
2021-03-15,0.023141419288493642,0.021850747290482704,,,
2021-03-16,0.02929175001990074,0.041561744802595994,,,
2021-03-17,0.04539290403009296,0.054234593946803855,,,
2021-03-18,0.02666185103836502,0.03440955860113748,,,
2021-03-19,0.016425864713393714,0.015779540798510478,,,
2021-03-20,0.013177099275489539,0.008061802465074406,,,
2021-03-21,0.017825411790513675,0.009938765824971933,,,
2021-03-22,0.014802291869296394,0.005401603075429377,,,
2021-03-23,0.020438820251956494,0.023880332814271835,,,
2021-03-24,0.03303720689919734,0.03265345681816044,,,
2021-03-25,0.03801008134374367,0.025865714427971323,,,
2021-03-26,0.04356114958944616,0.03513187050818932,,,
2021-03-27,0.0510226056762973,0.028734339183080312,,,
2021-03-28,0.012310517067157573,0.006018730194992854,,,
2021-03-29,0.051616124385658914,0.04489200226061064,,,
2021-03-30,0.019996962565974045,0.01387929466959464,,,
2021-03-31,0.0247104984415627,0.017532830319229593,,,
2021-04-01,0.006900130111338476,0.007316803433498862,,,
2021-04-02,0.012813205838212223,0.004260700219613223,,,
2021-04-03,0.006877644388195396,0.006978289401086119,,,
2021-04-04,0.01095262076890186,0.010375613520098559,,,
2021-04-05,0.014140820950587564,0.010441393724265594,,,
2021-04-06,0.004277078053482634,0.003014815036215641,,,
2021-04-07,0.008704881886690531,0.005666553677233474,,,
2021-04-08,0.014287836468819374,0.01385471653895506,,,
2021-04-09,0.01124924104619998,0.009564028013664322,,,
2021-04-10,0.05183874816943807,0.046754817294482665,,,
2021-04-11,0.005365931106628086,0.006182266572426134,,,
2021-04-12,0.00949827310972872,0.004746558169288654,,,
2021-04-13,0.04574338833223052,0.04746760813421586,,,
2021-04-14,0.02438740840629742,0.014546341821724793,,,
2021-04-15,0.005450505241926103,0.002899618052839078,,,
2021-04-16,0.005896522589260486,0.003908681671272523,,,
2021-04-17,0.0032676515911350644,0.004829878798370921,,,
2021-04-18,0.05345269855674394,0.021586454085261084,,,
2021-04-19,0.025341114811666735,0.011809469134426025,,,
2021-04-20,0.03441591968244002,0.02770522773361948,,,
2021-04-21,0.012686949662092294,0.008228523082805304,,,
2021-04-22,0.042381936604339664,0.0263428551627641,,,
2021-04-23,0.08052478156019029,0.06408167168955256,,,
2021-04-24,0.03290986111871184,0.02206962607249727,,,
2021-04-25,0.03164757308979627,0.029594184837763403,,,
2021-04-26,0.1165882799085754,0.07941793039616211,,,
2021-04-27,0.018576057666834792,0.015627979456932457,,,
2021-04-28,0.009948081764450438,0.03293227234482652,,,
2021-04-29,0.00353108459004694,0.004207990680281637,,,
2021-04-30,0.010467393432787565,0.06537027196434674,,,
2021-05-01,0.004421803386635338,0.011257094819283381,,,
2021-05-02,0.002376581749692098,0.003097191171598766,,,
2021-05-03,0.004733239726143486,0.016092532465783096,,,
2021-05-04,0.006711925466993886,0.022237361716936663,,,
2021-05-05,0.008319672601516474,0.03958458523083749,,,
2021-05-06,0.005111196038388003,0.003194363472393044,,,
2021-05-07,0.007286967075751645,0.018720928901865726,,,
2021-05-08,0.00695499031669672,0.007366081010898031,,,
2021-05-09,0.004147739507603333,0.003778285042016009,,,
2021-05-10,0.007474300750781153,0.007266845592934349,,,
2021-05-11,0.005753150745484248,0.013010949199013563,,,
2021-05-12,0.008224267557009893,0.009969552265220945,,,
2021-05-13,0.016788413016766437,0.033082536029542635,,,
2021-05-14,0.007341003394968142,0.012092954389266592,,,
2021-05-15,0.010557232867644957,0.016877259871248853,,,
2021-05-16,0.012814926134803152,0.04198252132565136,,,
2021-05-17,0.0147641330128941,0.03913121404670284,,,
2021-05-18,0.011042143789730495,0.020143792898038578,,,
2021-05-19,0.04760414179173659,0.052948222444533115,,,
2021-05-20,0.02318855688934988,0.034435946569216495,,,
2021-05-21,0.014261378079908108,0.03699778438244142,,,
2021-05-22,0.008734650915588602,0.04067241032854414,,,
2021-05-23,0.011630177585389043,0.1221405888688267,,,
2021-05-24,0.008693084748681289,0.10973347937805354,,,
2021-05-25,0.006093723715393429,0.03330310495806042,,,
2021-05-26,0.004966424610753354,0.07078316340914562,,,
2021-05-27,0.004501159506439918,0.03351873530616562,,,
2021-05-28,0.006461076845781291,0.06379535324812244,,,
2021-05-29,0.005428620792786999,0.06523747885685291,,,
2021-05-30,0.004294978488765821,0.06838784868727105,,,
2021-05-31,0.005408493128460967,0.05201607053864841,,,
2021-06-01,0.00412028894055177,0.03101508488960985,,,
2021-06-02,0.0031534611995100137,0.028044438458253895,,,
2021-06-03,0.0033789617094606528,0.05728651749121904,,,
2021-06-04,0.004297214285615649,0.020103809616544645,,,
2021-06-05,0.0035227850152952586,0.04310527102021798,,,
2021-06-06,0.0025856500660620357,0.022729150704921264,,,
2021-06-07,0.0026813757774668515,0.03185536276106466,,,
2021-06-08,0.008779948360033816,0.12101372874565593,,,
2021-06-09,0.010044956020191164,0.20845788943616508,,,
2021-06-10,0.0082152894638901,0.08152958018085431,,,
2021-06-11,0.0042059781651551005,0.04375311344353583,,,
2021-06-12,0.004871390204303613,0.05965047023872636,,,
2021-06-13,0.00584309581165265,0.13564220279751793,,,
2021-06-14,0.004801107002523481,0.08575784337656368,,,
2021-06-15,0.005452503871319105,0.030809657435682446,,,
2021-06-16,0.0036982215823068098,0.026301485768606775,,,
2021-06-17,0.003666894836584223,0.018203917719708786,,,
2021-06-18,0.006347372673787323,0.017942144260564306,,,
2021-06-19,0.00679804521610578,0.03679736517855274,,,
2021-06-20,0.007363109116744432,0.07795649110412935,,,
2021-06-21,0.012837301152540188,0.09102714074325874,,,
2021-06-22,0.014211906249690565,0.16819628171135628,,,
2021-06-23,0.010493679695704066,0.08524168594106438,,,
2021-06-24,0.006000399455071077,0.06701502068285695,,,
2021-06-25,0.009864318015928334,0.04089832049088953,,,
2021-06-26,0.0091664777450313,0.1075596431401459,,,
2021-06-27,0.007821397618806979,0.11249539090807621,,,
2021-06-28,0.003740396428549305,0.041596539920514104,,,
2021-06-29,0.0056789252229429345,0.07113498924525662,,,
2021-06-30,0.004567135625330873,0.023023728680745727,,,
2021-07-01,0.0045277061593666035,0.027232347901943038,,,
2021-07-02,0.005338355518087363,0.03964890637744281,,,
2021-07-03,0.003230467038146643,0.05386547688929452,,,
2021-07-04,0.0026291395880594197,0.05579149764852154,,,
2021-07-05,0.003095301578307553,0.019264569543225175,,,
2021-07-06,0.005225668940528036,0.0398772483485327,,,
2021-07-07,0.0027201463907759655,0.02066399776745751,,,
2021-07-08,0.0034456165687372347,0.022057890294924613,,,
2021-07-09,0.0037109631009940866,0.043384339522120896,,,
2021-07-10,0.0022532721366874593,0.01757312477569087,,,
2021-07-11,0.0021888427208724523,0.030274470925164183,,,
2021-07-12,0.002288975118902136,0.006587360620572989,,,
2021-07-13,0.002375418758916987,0.014183073332811392,,,
2021-07-14,0.003822834241777861,0.022745139062229712,,,
2021-07-15,0.002067144550296488,0.007025101304124118,,,
2021-07-16,0.0034892765360835915,0.018887573077022577,,,
2021-07-17,0.0025777567810714094,0.01966792392543291,,,
2021-07-18,0.0030564903661007814,0.02214810895212876,,,
2021-07-19,0.0014783351499468896,0.005863946272741715,,,
2021-07-20,0.0033166298288182373,0.017774608158550767,,,
2021-07-21,0.006690845660134062,0.13338989802699128,,,
2021-07-22,0.0030236844372378137,0.01999435715734497,,,
2021-07-23,0.005848637965366603,0.06795010846628134,,,
2021-07-24,0.0030488066566363788,0.05820750808336358,,,
2021-07-25,0.004238959161076633,0.07369156077679194,,,
2021-07-26,0.017587570660813397,0.2892484200069711,,,
2021-07-27,0.008408246131505677,0.07596888527060977,,,
2021-07-28,0.008047549241651991,0.10286842016231748,,,
2021-07-29,0.0028545636080827648,0.012861708832063478,,,
2021-07-30,0.004771202450316846,0.06763742268397847,,,
2021-07-31,0.0026545923157161814,0.013765019999825533,,,
2021-08-01,0.003822336607342479,0.02072722551190138,,,
2021-08-02,0.0041723694472805715,0.02230433990727368,,,
2021-08-03,0.004108885419816844,0.008032158386541104,,,
2021-08-04,0.005535346678062384,0.02825320813486726,,,
2021-08-05,0.007403178064081902,0.04154872143783443,,,
2021-08-06,0.0064350605280997526,0.03360289156137928,,,
2021-08-07,0.0082134401409393,0.03733037219830997,,,
2021-08-08,0.005632369544388875,0.019163537424449584,,,
2021-08-09,0.007599554383338983,0.0317445634135934,,,
2021-08-10,0.0038139884385059012,0.005998041072839616,,,
2021-08-11,0.0036956816354995546,0.010346065988989319,,,
2021-08-12,0.0029777077937467905,0.0038646982810699518,,,
2021-08-13,0.006381381609831463,0.03401328129824048,,,
2021-08-14,0.0027239638861603407,0.004011830118790591,,,
2021-08-15,0.0033130315321405084,0.0076139799580763395,,,
2021-08-16,0.0024198537267172532,0.007193361063182179,,,
2021-08-17,0.0039061245210163303,0.0052691505927300935,,,
2021-08-18,0.003582614085127762,0.01011189589077143,,,
2021-08-19,0.0073954009887558046,0.021368380023154575,,,
2021-08-20,0.004953369499411082,0.03880887897209844,,,
2021-08-21,0.002433353505982112,0.008190322687639338,,,
2021-08-22,0.002157842410917754,0.007893868329492569,,,
2021-08-23,0.0032430662744266426,0.012061054847365001,,,
2021-08-24,0.002067628729177035,0.0034724237576315457,,,
2021-08-25,0.00413287785330895,0.021662342136003064,,,
2021-08-26,0.0026372060846665095,0.005441317189698308,,,
2021-08-27,0.00398594587292018,0.016126361074839304,,,
2021-08-28,0.0010390544876695599,0.0026145573685203683,,,
2021-08-29,0.002331976707748059,0.014232584106523219,,,
2021-08-30,0.001848186885157002,0.004131223822589677,,,
2021-08-31,0.0037803157278922996,0.009674105825811775,0.0,,
2021-09-01,0.003929180692271339,0.013726198645976226,,,
2021-09-02,0.0027562964720636096,0.01943937077856988,,,
2021-09-03,0.0029654703327628984,0.017549325695344224,,,
2021-09-04,0.0017601092510749236,0.002724231096175904,,,
2021-09-05,0.0023356731019462448,0.013748627435404032,0.0,,
2021-09-06,0.0025291952370964012,0.01685932862623546,0.0,,
2021-09-07,0.007082660316291679,0.011073717127095732,-0.0,,
2021-09-08,0.004581674281792711,0.013905899815061178,-0.0,,
2021-09-09,0.002346444301259678,0.010765960846422442,,,
2021-09-10,0.002249991290146042,0.005844656931777022,,,
2021-09-11,0.0019631342814087523,0.00738692453047253,-0.0,,
2021-09-12,0.0022094823966368497,0.018930891074838595,0.0,,
2021-09-13,0.004191684710671905,0.010607430961270111,0.0,,
2021-09-14,0.0030266471336559946,0.017048349259666494,0.0,,
2021-09-15,0.0016970904663901785,0.026466546609220484,0.0,,
2021-09-16,0.001830455812856598,0.0084421563919669,0.0,,
2021-09-17,0.001953823385390148,0.0027336078872264554,0.0,,
2021-09-18,0.002389662790811185,0.010458791841858339,4.088294441029507,,
2021-09-19,0.0012514693553054492,0.002770491610713289,0.0,,
2021-09-20,0.005245817544481044,0.009729402799358886,0.0,,
2021-09-21,0.00706931444350649,0.043311839126739256,0.0,,
2021-09-22,0.005370377123294466,0.028612320916745787,0.0,,
2021-09-23,0.003713086966621487,0.019337292473718157,0.0,,
2021-09-24,0.00546242127188607,0.0053634600178745565,0.0,,
2021-09-25,0.002872015710247706,0.0,0.0,,
2021-09-26,0.0034477481037667934,0.0,0.0,,
2021-09-27,0.002551412871985006,0.0,0.0,,
2021-09-28,0.001922687398470658,0.0,0.0,,
2021-09-29,0.002571273721921465,0.0007985648216725093,0.0,,
2021-09-30,0.004496447975348339,0.0072003563027796536,0.0,,
2021-10-01,0.0056374703075740395,0.005884040018458287,0.0,,
2021-10-02,0.0014453084868592191,0.0018472779683758869,0.0,,
2021-10-03,0.0020605988333755308,0.0024929025161140165,0.0,,
2021-10-04,0.0033582403432609763,0.005199670899521663,0.00029007682025160444,,
2021-10-05,0.0029573663706229853,0.00677648649294442,0.002562946971496874,,
2021-10-06,0.0052993128402648824,0.010986862338836497,0.0005359323601957463,,
2021-10-07,0.003153991761651751,0.0023354898032133067,0.0,,
2021-10-08,0.0021396788173445916,0.0018741857463163197,0.0004958359988658948,,
2021-10-09,0.0011837935602101038,0.0008896173652048381,0.0,,
2021-10-10,0.002253946892339281,0.0031929049886539464,0.0,,
2021-10-11,0.004803172002369223,0.006463063263171513,0.0,,
2021-10-12,0.002799698748098309,0.0036674825299133854,0.0,,
2021-10-13,0.004699318694857748,0.008162924504321413,0.0,,
2021-10-14,0.002481751289629043,0.002954676216093384,0.0,,
2021-10-15,0.006056316632876737,0.010971979569214325,0.0,,
2021-10-16,0.0015525518789594028,0.001461106396988533,0.0,,
2021-10-17,0.0022578039173557453,0.0007614234111375047,0.0,,
2021-10-18,0.003999562132055342,0.0025314190927945832,0.0,,
2021-10-19,0.003152047638159935,0.002203665787339833,0.0,,
2021-10-20,0.0024112596908413405,0.0024985744190566856,0.0,,
2021-10-21,0.004011901343842947,0.003278352372256382,0.0,,
2021-10-22,0.0019873242224981197,0.003000692659680787,0.0,,
2021-10-23,0.0017193011639932555,0.001242518361923664,0.0,,
2021-10-24,0.0016006131768261254,0.001628479600709915,0.0,,
2021-10-25,0.00513160055705068,0.0020524741352885424,0.0,,
2021-10-26,0.0014595641449087508,0.0010738934546133385,0.0,,
2021-10-27,0.0030188396137780862,0.0012808526123852155,0.0,,
2021-10-28,0.004070424286531991,0.0027441707579637666,0.0,,
2021-10-29,0.00205322694014132,0.0016923500778952538,0.0,,
2021-10-30,0.0012358911737138736,0.00035795814045980743,0.0,,
2021-10-31,0.0016242798825403825,0.00042507398621630295,0.0,,
2021-11-01,0.001901234800467596,0.0005277286057258464,0.0,,
2021-11-02,0.0023086818668442487,0.0008000017955583057,,,
2021-11-03,0.0017698190472702395,0.0003009995863383878,0.0,,
2021-11-04,0.0009008523303626917,0.00038017816483133966,0.0,,
2021-11-05,0.0014878911092139483,0.00018766202135646302,0.0,,
2021-11-06,0.0010345711819048857,0.0004182651927093819,0.0,,
2021-11-07,0.0012725741960805767,0.0006303354519110173,0.0,,
2021-11-08,0.00441031875772804,0.0034210766587640324,0.0,,
2021-11-09,0.0018675352095191605,0.001047902729181722,0.0,,
2021-11-10,0.003697280982000287,0.00143690615837437,0.0,,
2021-11-11,0.0013349650056553352,0.00046856924004545346,0.0,,
2021-11-12,0.001589857439812042,0.0012242989303210806,0.0,,
2021-11-13,0.0009106235086037084,0.0014368187805080925,0.0,,
2021-11-14,0.0017595420371370202,0.0005737580258264807,0.0,,
2021-11-15,0.0008331564835752413,0.0004922853441207685,0.0,,
2021-11-16,0.0032701219987059348,0.0019193449801388188,0.0,,
2021-11-17,0.0025049067317423858,0.0017306261501038743,0.0,,
2021-11-18,0.0025368863056196324,0.001974077556490162,0.0,,
2021-11-19,0.0022573954460876084,0.0016402520853761665,0.0,,
2021-11-20,0.0018014586771655306,0.0017813256814303087,0.0,,
2021-11-21,0.0008894439944642997,0.001943739505113033,0.0,,
2021-11-22,0.0019892276571131353,0.0025212731144528813,0.0,,
2021-11-23,0.0019771310117353033,0.0024900702574198632,0.0,,
2021-11-24,0.001697727017267479,0.0016835988000438308,0.0,,
2021-11-25,0.002754536008927097,0.002425446145042639,0.0,,
2021-11-26,0.0021952185293279093,0.0008090159281520648,0.0,,
2021-11-27,0.00162381432207779,0.0029644525695506478,0.0,,0.0
2021-11-28,0.00335037269356683,0.0023472167089488806,0.0,,0.0
2021-11-29,0.0020514632366768503,0.002368056009818039,0.0,,0.0
2021-11-30,0.004274642172541966,0.0036204975560117174,0.0,,0.0
2021-12-01,0.0018392605471041843,0.0017764612676642794,0.0,,0.0
2021-12-02,0.001987435443051426,0.0012330902837910636,0.0,,0.0
2021-12-03,0.0020022732012802704,0.0011297564522640584,0.0,,0.20400557987453266
2021-12-04,0.010821590620577495,0.012457008752734733,0.0,,0.056474816132753666
2021-12-05,0.00458266963006272,0.006726169688278084,0.0,,0.0
2021-12-06,0.008210300311914977,0.010297089704206468,0.00015404958847901692,,0.0
2021-12-07,0.0025216923069139945,0.003764864566021008,0.0,,0.0
2021-12-08,0.0034533954054034094,0.004787516955870422,0.0,,0.0
2021-12-09,0.0024774980463034535,0.0035658380233905907,0.0,,0.04205432768605594
2021-12-10,0.004072046045652898,0.006951559743167001,0.0,,0.0
2021-12-11,0.0031382472355447207,0.0035089947241592765,0.0,,0.0
2021-12-12,0.0016170005282788774,0.0034988798385608274,0.0,,0.0
2021-12-13,0.0029962080864356986,0.0036039347097611076,0.0,,0.0037177939103781713
2021-12-14,0.003296710852470714,0.005396895289958135,0.0,,0.0
2021-12-15,0.0035559045189275996,0.005395253841921418,0.0,,0.0
2021-12-16,0.001158750792768909,0.0022593160986417596,0.0,,0.0
2021-12-17,0.0024425543007155852,0.00405528738073075,0.00024311960481607965,,0.0020948977443853516
2021-12-18,0.0016305677925770585,0.003609694451239783,0.0,,0.0
2021-12-19,0.0018670609569829612,0.0014576009130450147,0.0,,0.0
2021-12-20,0.001999178164702727,0.004128658145411191,0.0,0.1531064381399592,0.0
2021-12-21,0.0019989333285310253,0.004046955271041119,0.0,0.44041584404884054,0.0
2021-12-22,0.0015775583682264749,0.0011736390192075693,0.0,0.0008776523249836169,0.0
2021-12-23,0.002557948639401455,0.005120188577135968,0.0,0.0,0.0
2021-12-24,0.0017417131953882826,0.0021168801017523464,0.0,0.0,0.0
2021-12-25,0.0005813933248634122,0.0005983951686463924,0.0,0.01032724523773416,0.0
2021-12-26,0.0010712611569244268,0.0019204223927078519,0.0,0.09524225844991153,0.0
2021-12-27,0.001007576436240477,0.0016428036154578322,0.0,0.0,0.0
2021-12-28,0.0010736613563555753,0.0017340211291541844,0.0,0.017622149364612934,0.006608794462595928
2021-12-29,0.0013166065441884635,0.0036763683891265523,0.0,0.01294403438794293,0.009393031151559615
2021-12-30,0.001448057323655191,0.0036275159575541926,0.0,0.017623101218295897,0.0
2021-12-31,0.0017472617290114707,0.0025648062745462085,0.0,0.0,0.0014532152507209888
2022-01-01,0.0011590413564774528,0.005151672941099128,0.0,0.11254712333175299,0.0
2022-01-02,0.00108138298164068,0.0031326235261724907,0.0,0.0012041863632945968,0.0
2022-01-03,0.0008720710605412665,0.0017011584235908789,0.0,0.0,0.0009974160989247734
2022-01-04,0.0013479881987420376,0.0040545842933866665,0.0,8.684176273616348,0.0
2022-01-05,0.002347578950102452,0.004868436212227986,0.0,0.0016087638385313906,0.013483762312836751
2022-01-06,0.0014904383465413813,0.0043739541791024275,0.0,,0.0009453695226772573
2022-01-07,0.002260617807691804,0.007630385643898189,0.0,0.007966084034896192,0.0013457826078026648
2022-01-08,0.001473343613142482,0.0032867101192387872,0.0,0.025205704737604407,0.0012146269189164153
2022-01-09,0.0013647035794207695,0.003806945778400224,0.0,0.015153062186493755,0.0
2022-01-10,0.0023511602774978165,0.005259665760150903,0.0,0.016753115831016234,0.0005607352984242816
2022-01-11,0.0023679846796165896,0.008622302431072012,0.0,0.1186018965667344,0.0
2022-01-12,0.001342516196444751,0.004109915317831004,0.0,0.02705651542096003,0.0
2022-01-13,0.001017290343005499,0.0022400023392672988,0.0,0.08747546182408557,0.0
2022-01-14,0.0013482359280887679,0.004506205814764665,0.0,0.0049044417899544645,0.0
2022-01-15,0.0008162757444688363,0.0031167507253343223,0.0,0.002230184265887353,0.0
2022-01-16,0.0008081967058087878,0.006615650825783411,0.0,0.00995792805677776,0.0
2022-01-17,0.0009606365641779122,0.0011958381137527764,0.0,0.0054074110643232585,0.0
2022-01-18,0.001546113527772124,0.007337102954152686,0.0,0.02251707766993114,0.0002475951672177041
2022-01-19,0.0011299798277852042,0.0025874095163236676,0.0,0.0043900979610189015,0.0
2022-01-20,0.002051976616806558,0.004809255158028596,0.0,0.05378389641524129,0.0
2022-01-21,0.0051921917480847405,0.01651449930999184,0.0,0.0076972372092413135,0.03235546994610542
2022-01-22,0.005117813878256654,0.01482300167511669,0.0,0.0,0.38733559190226174
2022-01-23,0.0024079891214750424,0.0077298245981042525,0.04951492172386306,0.3704783244667784,0.0
2022-01-24,0.00574991780213263,0.02203925180728772,0.0,0.19439968160858206,0.0
2022-01-25,0.003450463218156224,0.009017758759151348,0.0,0.014556104061544292,0.0
2022-01-26,0.003734299129556083,0.010560566654436537,0.0011757618947484507,0.11364040851900026,0.0
2022-01-27,0.002995202656289578,0.010957918145189436,0.0,0.17325915236127803,0.0
2022-01-28,0.002912695916321714,0.008023460336865969,9.545925087258308e-05,0.13002852583559205,0.0
2022-01-29,0.001119226745133398,0.0025756186088296776,0.02740760067256639,0.08453833397346035,0.0
2022-01-30,0.0008388894901436382,0.0021695981661175707,0.0,0.028666853637596388,0.0
2022-01-31,0.001964575371920487,0.004015114212926297,0.0,0.06222279361849347,0.0
2022-02-01,0.001846401675927616,0.004216523907639539,0.18402906488684043,0.18304840032197725,0.0
2022-02-02,0.0010996554043101285,0.0037564999538772384,0.0,0.05297002961987668,0.0
2022-02-03,0.0015377771290826044,0.0040771739454311335,0.0,0.11326757938617,0.0
2022-02-04,0.002944388699685966,0.011238786009505265,0.05288378035126076,0.9784358725313683,0.0
2022-02-05,0.0014481481032535774,0.002388114202496099,0.0,0.09097259410377227,0.0
2022-02-06,0.0012821395680130449,0.0022185840014077537,0.01468476783100851,0.08284388624635979,0.0
2022-02-07,0.0034098377069588133,0.006940787635026696,0.013612950862282295,0.13527772632025026,0.0
2022-02-08,0.0035165847270146665,0.00693099246153085,0.0,0.07606956250917313,0.0
2022-02-09,0.0020777938797861464,0.004989521998318672,0.0,0.06166957386178705,0.0
2022-02-10,0.0030489962412457664,0.005756759582037885,0.0,0.6060572075455679,0.0
2022-02-11,0.002018168516857653,0.0037079568763499654,0.0,0.025235144394769145,0.0
2022-02-12,0.0012650289744961661,0.0037633931055127516,0.0,0.03096298483722366,0.0
2022-02-13,0.0006430451189192046,0.000877478926314351,0.0,0.042117505913972016,0.0
2022-02-14,0.0012768561773166193,0.002740198741163093,0.0,0.13712510161507233,0.0
2022-02-15,0.0022719024889163706,0.004750135736519043,0.0007676612297987039,0.30002232924529654,0.0
2022-02-16,0.0011428038025838093,0.0010546474040430264,0.0,0.02404021059973002,0.0
2022-02-17,0.0012229142633585917,0.0030950545067341467,,0.008683844694381148,0.002569215767991152
2022-02-18,0.0015020622920367032,0.004547432501627287,,0.014588381599166934,0.017334228332412986
2022-02-19,0.0005969715485584199,0.0014646214121861762,0.0,0.000956508770389744,0.0
2022-02-20,0.0008400347902545217,0.003633224731677032,0.0,0.005074867729624592,0.0
2022-02-21,0.0028713051102548003,0.012373507499265116,0.0,0.02769325323895112,0.0
2022-02-22,0.0023139527191153014,0.007309811556386519,0.0,0.3134591706486665,0.0003680037236551323
2022-02-23,0.0009605864963940403,0.004237658933556653,0.0,0.060516693682732374,0.0
2022-02-24,0.0053828362480325374,0.021091427657374644,0.03637515030606665,0.02514492436208667,0.006809717613225369
2022-02-25,0.0018486190848021802,0.00790068951157941,3.132956532450591e-05,0.1474348974967512,0.0
2022-02-26,0.0007760925023626001,0.003128373696220282,0.0014325742715268043,0.08743754658168164,0.0
2022-02-27,0.001802441038195472,0.007689000957061831,0.0,1.0258264540053144,0.0
2022-02-28,0.0031770225325561388,0.01433691525705821,0.39600640497329564,0.8175489123467975,0.0
2022-03-01,0.0016697808596242503,0.00671664641260597,0.0,0.0062270620177483915,0.0
2022-03-02,0.0013225699044375177,0.00618483833060508,6.328074761378572e-05,0.0014484190856856587,0.0
2022-03-03,0.0012184786494521206,0.0028418166022575663,0.0,0.011405812357035552,0.0
2022-03-04,0.0014946952285701757,0.007004796753131344,0.0,0.009224279153922052,0.0021920373183387486
2022-03-05,0.0008325433299943526,0.0018785172478257837,0.0,0.0051835249111285685,0.00017422968945371458
2022-03-06,0.0009758879075915832,0.006179994166603735,0.0,0.003184813702189721,0.0
2022-03-07,0.002027300715324474,0.00612568619294129,8.45207666219836e-05,0.01624077454724035,0.0012628978615740344
2022-03-08,0.00245365158563754,0.009649628834772231,0.0,0.020887477863380112,0.0
2022-03-09,0.0018830264010735172,0.007565036050387209,0.0009483657058488673,0.03011251850745592,0.0
2022-03-10,0.001559314139678458,0.009198658194753063,0.0,0.05073229489586726,0.0
2022-03-11,0.0013656389802711405,0.004801142631701385,8.432580447273855e-05,0.009194390282872913,0.014265748447989605
2022-03-12,0.0003198303936661143,0.001716570879170048,0.0,0.0005555342199734921,0.0
2022-03-13,0.00040975286880853487,0.0014357418298443867,0.0,0.08716628098408469,8.182966417769515e-05
2022-03-14,0.0011096863103693007,0.006593446596967252,0.0,0.0027129285949373935,0.0
2022-03-15,0.0008413381389134058,0.0042284788285993045,0.0,0.010459037081793838,0.0
2022-03-16,0.0021455053519653204,0.009320802028957477,0.001333599774187889,0.015754817924553972,0.0
2022-03-17,0.0007912690109499366,0.0015591379146410074,0.0,0.007422528170648768,0.0
2022-03-18,0.001024628617859595,0.00458127921848832,0.0,0.4211162103283976,0.0
2022-03-19,0.0004611870127350364,0.001290609701824655,0.0,1.3655078956526225,0.0
2022-03-20,0.0005950100993929447,0.0040110422464756665,0.0,0.1774269246504015,0.0
2022-03-21,0.0009561925174108037,0.005690898866869596,0.0,0.003443624163427402,0.0
2022-03-22,0.0010789399036219161,0.007554766888748422,3.540793179365303e-05,0.004912489805653106,0.0
2022-03-23,0.0009279140241145103,0.002321535169313778,0.0,0.00964211435312953,0.0
2022-03-24,0.001142417700732753,0.002779044924960841,4.597839688788076e-05,0.0004446349397580435,0.0
2022-03-25,0.0010883887506528294,0.0034112525895744297,9.437717569895487e-06,0.007028339735834932,0.0
2022-03-26,0.0003448571659023876,0.0027857501647332067,0.0,0.00261927403951354,0.0
2022-03-27,0.0010793401663702284,0.003661364128502286,0.07588202843763747,0.0,0.0
2022-03-28,0.0014124953421675948,0.003589995731388669,0.0002826747389768867,0.01005588299307229,0.0
2022-03-29,0.0010088426231115418,0.0012407678414307001,0.0,0.05816967678617652,0.0
2022-03-30,0.0009342406266967844,0.002806390122619387,0.0,0.1550867381565385,0.0
2022-03-31,0.0008378349540538817,0.0012505248399276782,0.0,0.027244904577129164,0.0
2022-04-01,0.0020425302156365796,0.0041833248332695605,0.0,0.027207420737225436,0.0005966604163216228
2022-04-02,0.0009539430685806037,0.0035498135121012106,0.0,0.08536740512194796,0.0
2022-04-03,0.0015134501877163775,0.0023634293600387417,0.0019545124943743603,0.0,0.0
2022-04-04,0.0013921432391362312,0.0032779108488538294,0.0,0.0004132382994168352,0.0
2022-04-05,0.0005031439654204865,0.002382113180917069,0.0,0.01694800488417712,0.0
2022-04-06,0.0009528299392558055,0.0022206947791635952,0.0,0.07071506236503279,0.002978515257524194
2022-04-07,0.0008442075389838628,0.005443676144764004,0.0,0.0004275276240753484,0.003557050298777724
2022-04-08,0.0011764497227455322,0.0035073352024515866,0.0,0.02136034183706942,0.0
2022-04-09,0.0004192135571461789,0.0005956161653243578,0.0,0.04430395964502595,0.0
2022-04-10,0.00041534970130765683,0.0010523010592078884,0.0,0.005196790432988774,0.0006831543202175342
2022-04-11,0.0009517298800652883,0.0023144015207410226,0.0,0.08722257496521935,0.00346448814445792
2022-04-12,0.0012354390190523307,0.00449819236224665,0.0,0.0024059628521406144,0.0
2022-04-13,0.0019691083943006176,0.00478905581006936,0.0019322565175459204,0.015223921308620308,0.0
2022-04-14,0.00035331125711808147,0.0015206958088123446,0.0,0.0007014511805244785,0.0
2022-04-15,0.0005371012482450091,0.0015070622947673648,2.5039480066270762e-05,0.0,0.0
2022-04-16,0.000483121341993081,0.0006120525477684212,0.0,0.0,0.0
2022-04-17,0.0002527803383505344,0.0019427631227104034,0.0,0.0,0.0
2022-04-18,0.001678290600974165,0.005585191953965629,0.008607406156834719,0.00744558373927738,0.00041023168248931484
2022-04-19,0.001250616050407121,0.002744477466631176,0.002408691774640115,0.0005202430499380165,0.0
2022-04-20,0.001010428490433402,0.0015256249703338885,0.006827754159673759,0.0019248321116962838,0.0
2022-04-21,0.0009754518002606734,0.007883732608469026,0.0003047209110678227,0.010116215434591338,0.0
2022-04-22,0.0008521059261596848,0.004057904498745128,0.0,0.003813165399506141,0.0010060976507975472
2022-04-23,0.0003146319838472515,0.001762256520921523,0.0,0.00032940597375794446,0.0
2022-04-24,0.00035348641846714594,0.0022688580784791267,0.0,0.002441498404871905,0.00048253175810653715
2022-04-25,0.0020121960289628247,0.005109092553637604,0.0,0.0013169528319596864,1.4720147800379004e-06
2022-04-26,0.001154368164907145,0.004347013651501797,0.0,0.024678214862899985,5.060258256046399e-06
2022-04-27,0.00161304197375325,0.004502574725991093,0.0,0.000907663935152247,2.9169339217543757e-06
2022-04-28,0.001886775661156519,0.004164547503007983,0.0001652007110531088,0.00857931658929838,0.0
2022-04-29,0.0006679140954647775,0.0012091954410832584,0.0,0.0035695407434256925,0.0
2022-04-30,0.0004232722546552287,0.0007199223271301744,0.0,0.019025892583259412,0.0
2022-05-01,0.0012563931554330342,0.001407871172280368,0.0,0.0,0.0
2022-05-02,0.0009238711825372906,0.0017036032446417118,0.0,0.0037086892721427327,0.0
2022-05-03,0.00029973751317875335,0.00048632239446846394,0.0,0.0036011879702266213,7.27270869283692e-05
2022-05-04,0.0018990112796395818,0.007909350801682397,0.00014005183100974762,0.004197200775469583,0.0
2022-05-05,0.001000391319211404,0.004878437035480885,0.0,0.0015222501748581555,0.0014600545008800773
2022-05-06,0.0015888464309675291,0.006099554868699785,0.0,0.012894559803728018,0.006501379357584307
2022-05-07,0.0004729525724471794,0.0017949022131413838,0.0,0.012573927285163735,0.009092819304914016
2022-05-08,0.0010661422172386478,0.001938612470931696,0.0,0.0021361719671781293,0.005183893709703506
2022-05-09,0.00368570665664433,0.014723550669209244,0.0,0.003101640494750066,0.02493716746717835
2022-05-10,0.005946575422611529,0.019904119379317506,0.00019048057037558035,0.00291193158219537,0.001303073593740952
2022-05-11,0.006822950225763956,0.01719240837670112,0.001044876560585135,0.004091921954452017,0.017509782592504256
2022-05-12,0.013125260243243323,0.019720295744039825,0.11921531307502375,0.016012707411862625,0.0035163925459307625
2022-05-13,0.003419509206398749,0.008788753611291241,0.06698179825074611,0.00030634596624012114,0.0
2022-05-14,0.002092517080751801,0.006008888902391065,0.0,0.0018522167687853553,0.0
2022-05-15,0.0022162260859761563,0.003995745940082596,0.001248995768633034,0.0026410377756230204,0.0
2022-05-16,0.0019014280935799118,0.004923396083996167,0.0,0.0012635468976753624,0.0
2022-05-17,0.001959293426428799,0.006570450549453795,0.0,0.01846083134598369,0.0
2022-05-18,0.00088282222665073,0.004122454411906014,0.0,0.0019859226882244702,0.0
2022-05-19,0.0025136064263499777,0.007182636767322146,0.0,0.0018894091449195923,0.0
2022-05-20,0.0016925498545584973,0.0033385276856716306,0.0,0.0018665638700653064,0.0008468232094032522
2022-05-21,0.000672781489953891,0.00207208047329639,0.0,0.0003097999054668054,0.0
2022-05-22,0.000840878248117436,0.002754064869791939,0.0,0.010421089771958344,0.0
2022-05-23,0.001574411009796515,0.004491428467956225,0.0,0.0010780145767771653,2.9732789752428767e-05
2022-05-24,0.0010461390981795018,0.0031162593605008003,0.0,0.0022419093038752217,0.0
2022-05-25,0.0011172574092954786,0.004111535727276043,0.0,0.0027482609483456505,0.0
2022-05-26,0.0019450537088025572,0.005738654224182018,0.00031218036065561297,0.16307125978063947,0.00031642599349925645
2022-05-27,0.0014146798460488344,0.0052491896105908336,0.0,0.003359448481712044,2.194552432306771e-06
2022-05-28,0.0004489173008103917,0.000886445166381436,0.0,0.00020350548657374168,0.0
2022-05-29,0.0005819568128936761,0.001992749735180816,0.00026800695152104533,0.058594027211818354,0.0
2022-05-30,0.0021399930445450835,0.0043133730363368586,0.24899052150901158,0.0032790508098932756,0.0
2022-05-31,0.0010901577171196714,0.001978479868201166,0.00021857883700418152,0.0037356566700777654,0.0
2022-06-01,0.0012657989084406864,0.004004196135604002,0.0,0.0009086113302626587,0.0005622854797739865
2022-06-02,0.0012642271487117121,0.0034306946253537954,0.0020799531361222422,0.0008142507504543605,0.0
2022-06-03,0.0007889170437746594,0.0012890794188102465,0.0,0.01874297643715666,0.0
2022-06-04,0.0004025787133937086,0.0010973769485709084,0.0,0.012796112867326135,0.0
2022-06-05,0.0005698913384919116,0.0008240433118909803,0.0,0.02619820987337039,1.992669099784482e-05
2022-06-06,0.0016443161803630253,0.0022479781424661403,0.0002815853217287587,0.011875079269422021,0.0
2022-06-07,0.0030715029693890237,0.011591338046866512,0.0002552386528435206,0.01764419546633047,7.258807202122938e-06
2022-06-08,0.0014203718408038867,0.005431100708841427,0.0,0.021939553062494732,0.0
2022-06-09,0.0007771352471680471,0.00328138372175384,0.0,0.0,0.0
2022-06-10,0.0010633945872606278,0.0034670392422073114,0.0,0.00022557749918793125,0.0002744034990121823
2022-06-11,0.0010886571883287938,0.002620132140268328,0.0,0.00046759492374612034,0.0704319940975879
2022-06-12,0.0014818858504088849,0.005071133920794996,0.0,0.0031546340140099936,0.00021240170017261214
2022-06-13,0.006187044451323074,0.01856353162965171,0.010832324745355244,0.004921736582753485,0.003470133855007082
2022-06-14,0.007769359505474848,0.01521412554977222,1.9113328684971664,0.006339238075361391,6.685980835969037e-05
2022-06-15,0.008063507972654285,0.015001376179127519,0.028572917939325475,0.006374958041943897,0.0007694486459562995
2022-06-16,0.003286700180859935,0.004852854806625869,0.0007235848612644606,0.000997402424870285,0.0
2022-06-17,0.0036727467817879683,0.004982079626910789,0.00020134328205172642,0.005073941289786723,0.0
2022-06-18,0.004476345516558629,0.009851219137480004,0.011972965192358855,0.02394759519005204,0.002818238137549231
2022-06-19,0.005772987290855263,0.009529814260042643,0.0338811472159699,,0.0
2022-06-20,0.004617104555284075,0.012168045633899815,0.0006570652249139047,0.007133567047605149,0.0
2022-06-21,0.002462007955110545,0.004636678540344691,0.0007345635383372313,0.007473638145199615,0.0
2022-06-22,0.0021181180554919504,0.004951455973151873,0.0,0.0005129775140550204,0.0
2022-06-23,0.002354668433186059,0.0050342481260123246,0.0006076589693719217,0.009282415207715005,0.0
2022-06-24,0.0024840512920500774,0.0027658939170536593,0.0,0.0027678925885212388,0.0
2022-06-25,0.001480155663536359,0.0022791891648946947,0.0,0.00039736505486256637,0.0
2022-06-26,0.0009360960097665705,0.001565932594168302,0.0001638694098854784,0.002866814204473377,0.0
2022-06-27,0.0009321155492953199,0.0012827262129040259,0.0,0.012137956103625861,0.0
2022-06-28,0.0009039926777461496,0.001742941830060895,5.182937556477599e-05,0.0016714025389719884,1.7801118407518865e-05
2022-06-29,0.0012310253413881677,0.0035696064830312967,0.00031420731585902486,0.0038407012000658603,0.0
2022-06-30,0.0025245034378937915,0.005737713208761401,0.045372112107594446,0.0029678608351510222,0.0003214061605473719
2022-07-01,0.0021224327785288985,0.004353335417570878,0.020574530441585682,0.014760629260453555,0.0
2022-07-02,0.0015583864547267902,0.002058495132753571,0.0,0.0070380746305852004,0.0
2022-07-03,0.0009935123406033142,0.002404603681699043,0.00037373982114568383,0.008163823333546037,0.0
2022-07-04,0.0015345922194192165,0.0029129611210417933,0.0036382527262472063,0.003284420721069812,0.0
2022-07-05,0.002614615487595767,0.004771072801833207,0.0015182305542952115,0.007512959077106073,0.0
2022-07-06,0.002133431477518665,0.004419231170152471,0.0,0.0024345077500231654,0.0
2022-07-07,0.0026117824571440054,0.003419390887320478,0.0018170607248068468,0.013583671438764775,0.0
2022-07-08,0.001761510474155864,0.004600857155202436,0.07587814657939981,0.0067884610973951475,0.0
2022-07-09,0.0006501177984697749,0.0014797047645082495,0.0,,0.0
2022-07-10,0.0006962237358159245,0.0011049925787903927,0.0,0.002562834290339335,0.0
2022-07-11,0.0014279510669763795,0.0016620699002147337,0.0,0.00981893864289668,0.0
2022-07-12,0.0011456526975918016,0.0022457199495591446,0.0,0.001491618031636246,0.0
2022-07-13,0.0035794115705775837,0.006215762588741085,0.002029993373121302,0.012249595427636444,0.0
2022-07-14,0.003013381427863123,0.003009084979895471,0.0030769274670644836,0.020702827668298843,0.0
2022-07-15,0.0020429658316695235,0.0034034182917891402,0.0007287789019664251,0.016056228560911875,0.0
2022-07-16,0.0014928646184250139,0.00297657340497272,0.00031558557937374896,0.0031678017772171514,0.0
2022-07-17,0.0011538021899931289,0.002045802002083211,0.0,0.003109400360255607,0.0
2022-07-18,0.005040879404819623,0.00768112852047046,0.0020425067216699303,0.018971829764296885,0.0
2022-07-19,0.003368024762019793,0.008583336233893013,0.013932201425465893,0.008934936473667212,0.0
2022-07-20,0.0031008189974486735,0.008406107748295399,0.004255468403837345,0.004745075401014262,0.0
2022-07-21,0.0020757089383864934,0.004772482409944972,0.0001572594855960641,0.008538774904815225,0.0
2022-07-22,0.0014935854610239737,0.0032167919695114465,8.563613859314112e-05,0.01904972711432772,0.0
2022-07-23,0.0007227831613693325,0.0011070714231846848,0.0,0.02285172177784725,0.0
2022-07-24,0.001095741571548272,0.002211270271220033,4.135275500031194e-05,0.007704879064015652,0.0
2022-07-25,0.0009831701901975563,0.0026600096780824843,0.0,0.012060837095007567,1.1080114963385995e-06
2022-07-26,0.001245575606497744,0.0013838424329044908,0.0,0.003937581071430348,0.0003085025062338348
2022-07-27,0.0027520137687786334,0.0064380221134288365,0.0019906728115583056,0.015273341468312917,0.0
2022-07-28,0.0032015613678855214,0.005232765665092751,0.01882705636111718,0.010288604945481483,0.0
2022-07-29,0.0018951216406683806,0.00229208320423324,0.0009142351788690538,0.0008323797989852814,2.8737020376142503e-06
2022-07-30,0.0012062548032647088,0.0012695047311777497,0.00038042975902126457,0.05716867173780651,0.0
2022-07-31,0.0007803739508807087,0.001788895466055191,0.0,0.0010021905428612104,0.0
2022-08-01,0.0010758416645183083,0.0038376259926797647,8.767391417314724e-05,0.006265869843160229,0.0
2022-08-02,0.0012609187424540546,0.0025943721247243846,0.00011438809295343972,0.001020646533502134,0.0
2022-08-03,0.0013754768350196977,0.002677332481081451,0.00011281832645656084,0.0,0.0
2022-08-04,0.0009647512674971552,0.0016920575103695928,0.0,0.0051183307862890754,0.0
2022-08-05,0.0016557954939095483,0.0062911534462992,9.672483674802317e-05,0.004065386696464453,0.0
2022-08-06,0.00019522970528588338,0.0009465700821508515,0.0,0.0010565797473384485,0.0
2022-08-07,0.0007984549790139504,0.0005755431548871492,0.0,0.0003785231194459285,0.0
2022-08-08,0.0013701217203173491,0.003197167730171677,0.0002472861984017446,0.012890727476489358,0.0
2022-08-09,0.0008196505796624434,0.0006000448198566645,0.0,0.030722011447725194,0.0
2022-08-10,0.0017568786498818277,0.002425780608646638,0.016806943695772996,0.002355958434947664,3.6846311738652266e-05
2022-08-11,0.0019926906611418024,0.0029722717170973254,0.0014498028154163302,0.0009246432556537288,0.0
2022-08-12,0.0010915722066892441,0.002682750695836408,0.000396279309024808,0.0027938267256760905,0.0
2022-08-13,0.0011313109914640631,0.0013529853584422673,0.0,0.0008125708189527728,0.0
2022-08-14,0.0013390130457262405,0.0008812660724584923,2.390075134215424e-05,0.002673191050330791,0.0
2022-08-15,0.0024140319680901376,0.002285055192592759,0.000268414292077783,0.0,0.0004748113067926977
2022-08-16,0.0006836584650896456,0.0007068851038177156,0.0,0.000566073942981057,0.0
2022-08-17,0.0011860278212511568,0.000843356833087451,0.0,0.0001310598199624475,0.0
2022-08-18,0.0005093753337593132,0.000766008898257028,0.0,0.00012301640536916894,0.0
2022-08-19,0.0016517840700849265,0.0019146914224551683,0.0,0.0016784703204747523,0.0021028125993343355
2022-08-20,0.0011564348374329613,0.0014893478351586911,0.0,0.007028715866350783,0.0
2022-08-21,0.0014251491770128366,0.0019024500874821166,8.881681816814562e-05,0.002622924802131273,0.0
2022-08-22,0.0012029522509854644,0.0020633217513892957,0.0,0.005374181599068207,0.0
2022-08-23,0.0014911301669290906,0.004243714167044346,7.427917000167564e-05,0.0020017398472532435,0.0
2022-08-24,0.001781906411378421,0.0015202748875671904,0.0006815540627479183,0.013928811946515124,0.0
2022-08-25,0.0006953852813452049,0.0007067536848808063,0.0,0.009625190121095176,0.0
2022-08-26,0.0010959821565335918,0.0009341573384951936,0.0,0.02065418293111116,0.00010775451609745485
2022-08-27,0.0010996855720115037,0.0008503570786433752,0.0,0.002472275076732257,0.0005274131625629822
2022-08-28,0.0006260297576081949,0.00046064469485089694,0.0,0.027165998680939323,4.723456309917156e-05
2022-08-29,0.001501460342921626,0.003083582983132405,0.00013171182567951265,0.007365825498661809,0.0
2022-08-30,0.0013473493213490874,0.0013478022272972812,5.0645187203345186e-05,0.017105328555196263,0.0
2022-08-31,0.0013901771055612037,0.0028102634683485734,0.0,0.0029115598601891263,0.0
2022-09-01,0.0011670199048831994,0.00120439328485953,0.0,0.003884871311288421,4.086453224836552e-07
2022-09-02,0.0009864431077257685,0.0006865012806919714,3.359993229612177e-05,0.0029565771116230916,0.0
2022-09-03,0.00018471279828029144,0.00013763541370908388,0.0,0.002952350860799604,0.0
2022-09-04,0.000514185311202224,0.00038152626007878005,0.0,7.618672800909182e-05,0.0
2022-09-05,0.000625580066254482,0.00035883284271061376,0.0,0.00021315555005125398,0.0
2022-09-06,0.0014366016572428403,0.0010119282724029791,0.0,0.0027950423813310303,0.0008976992289562711
2022-09-07,0.0016925310596980043,0.0010967988676147135,0.00020894683878955913,0.0002235657349415978,6.100512387715342e-05
2022-09-08,0.001518093514670992,0.0010282983596079725,0.0,0.00038836924590531787,0.0
2022-09-09,0.002689355598525529,0.004129739055128045,0.007963632756198496,0.006206539459260131,0.011880071811284788
2022-09-10,0.0014149803972628996,0.0009765408125029609,0.00010563840841647606,0.01986255767761032,0.0
2022-09-11,0.0006452311701715744,0.0016556616109401896,0.0,0.07763027806653308,0.0
2022-09-12,0.0018331270064120063,0.004456098002788444,0.009659645708258993,0.03637761564023917,1.1460002439647143e-07
2022-09-13,0.001624599377793732,0.005456275251177702,0.0003736180679534761,0.03881005101635145,0.0014723355307370645
2022-09-14,0.0016034754141490447,0.0036401100328498723,0.0,0.0002732110401142541,0.0
2022-09-15,0.0013082167990920563,0.0011026328465233472,0.0,0.001924772180632833,0.0
2022-09-16,0.0010551449935185197,0.0015849313181560706,0.0,0.010335260378182142,0.0
2022-09-17,0.0009624117226628759,0.0006076643548495473,0.0001563411209510783,0.0,0.0
2022-09-18,0.0006203222773590426,0.0005974732550910905,0.0,0.0,0.0003691037842582847
2022-09-19,0.002472030219371682,0.003011431963176217,0.00012240006399360685,0.002336622133063158,0.008074366342152396
2022-09-20,0.0012922362592977924,0.0017802971399494302,0.0,0.002546414858426323,0.0
2022-09-21,0.002568178405283798,0.00427983034786642,0.00021202819811149312,0.0019788998218078055,0.00027115993947415004
2022-09-22,0.0034513587051069553,0.0033416925250912216,0.0001281583052159705,0.0030082336819241213,0.0
2022-09-23,0.0025686739843478073,0.001945899649821343,6.552527435168477e-05,0.056455341442257376,0.0
2022-09-24,0.0006763330883105504,0.0007723075758233907,0.0,0.0006999387081071852,0.0
2022-09-25,0.0006852577868048325,0.0005568602852784113,0.0,0.00013498752407110966,0.0
2022-09-26,0.001505427321381859,0.004358358290693031,6.265221991962095e-05,0.0006732702994851805,0.0
2022-09-27,0.0021917473152539093,0.004227848373727604,0.0005157037115546624,0.010266164961757526,0.0014240415230262439
2022-09-28,0.0025874980499458007,0.004834174642248493,6.13544301084464e-05,0.0013936223053336659,6.15853321391166e-07
2022-09-29,0.0017553713846566261,0.00473632630870016,3.8263736777181985e-05,0.019523831125216076,0.0
2022-09-30,0.0014081588767086003,0.0042311486811015845,0.00025819177248769226,0.004456390452354756,0.0
2022-10-01,0.00016066667922073232,0.0001727616158787814,0.0,0.0005006199366634046,0.0
2022-10-02,0.000681927939516611,0.0003432731319685225,0.0,0.001618054804032694,0.0
2022-10-03,0.0017321723822637139,0.00236501528945066,5.5899891197503945e-05,0.01136070442509714,0.0
2022-10-04,0.001146711105434248,0.0012795019185334485,0.0002101610589458277,0.016188587361625477,0.00045185576053747965
2022-10-05,0.0008962123805029225,0.0008384182653526351,2.8461395105680914e-05,0.004201436649475151,0.0
2022-10-06,0.0007530851293613049,0.0005254136047126591,0.0,0.0023284105101716414,0.0
2022-10-07,0.0005728531902299788,0.001170167733759385,0.0,0.00183704183369906,9.023334590252248e-06
2022-10-08,0.0002555465801169236,0.00022601908035824964,0.0,0.00115553534535502,2.07151401842539e-05
2022-10-09,0.00016371945177234615,0.00011749776386089004,0.0,,0.0
2022-10-10,0.0005588096769130755,0.000700841987342635,0.0,8.784187131606115e-05,9.149189703066941e-05
2022-10-11,0.0005605555676709105,0.000593091502473049,0.0,0.0010173959063800885,0.0
2022-10-12,0.00039459529437630575,0.001295596530347689,0.0,0.002369260860364591,0.0
2022-10-13,0.0014919884004792872,0.0027485734851376486,4.524836283529277e-05,0.008451447972319726,0.0003979411353766473
2022-10-14,0.0012100778613394622,0.00191307162053233,0.00016693887061520536,0.009913216763320853,4.74892301175582e-05
2022-10-15,0.0001785797496984233,6.493996294163753e-05,0.0,0.00042833373865333813,0.0
2022-10-16,0.00044378238996199297,0.001515958696346432,2.6141235849764255e-05,0.004006209320838971,0.0
2022-10-17,0.0004765783888325495,0.0006532935530883418,0.0001243303251408945,0.008632443281899868,0.0
2022-10-18,0.0007362173864210721,0.00041287299448313804,0.0,0.00018357213572981103,0.0
2022-10-19,0.0002383753698826003,0.001107910426126087,0.0,,0.0
2022-10-20,0.000563828931824641,0.0004377422996476653,0.0,0.0049553275055611015,0.0
2022-10-21,0.0007770262697033276,0.0006695161845687042,0.0,0.007344609459033856,0.0
2022-10-22,0.0001504014276394645,1.9245624233450486e-05,0.0,0.0008592702814965757,0.0
2022-10-23,0.0010712459565067993,0.0011880303044424837,0.00019949200766512025,0.0033915818573203803,0.0
2022-10-24,0.0008145461984535664,0.0013592423615171555,0.0,0.003280752269870366,0.0
2022-10-25,0.0017038836302100413,0.0036075960682413364,0.012762336767470498,0.006308443636711504,5.596745703181569e-05
2022-10-26,0.0008939550883269957,0.004398394505484223,0.007747402282092638,0.007304027812121795,0.0001976115489442375
2022-10-27,0.0008205719952809609,0.0012777390960552568,0.0,0.00079232356091767,0.0
2022-10-28,0.00078471841179392,0.0009667005482512129,5.647025171089019e-05,0.004221248305435797,0.0
2022-10-29,0.0018967244512497167,0.0016830531765223706,8.909803739370657e-05,0.00020435498149322062,0.0
2022-10-30,0.0005940489005489803,0.00026116144465992335,0.0,0.0015395063642778778,0.0
2022-10-31,0.0008281781422727128,0.0005729815613928014,0.0,0.02526590221193102,0.0
2022-11-01,0.000409333783944536,0.00019239071643492402,0.0,0.016043525066392374,0.0
2022-11-02,0.0009157454980891969,0.0008323180314702757,8.907878071772277e-05,0.0302248671014814,0.0
2022-11-03,0.0005526937983156804,0.0004367090650880842,0.0,0.00159229020706932,0.0
2022-11-04,0.0021448943127878196,0.005482973587241015,0.0014713933827211418,0.04938236901340099,0.0003125882410940441
2022-11-05,0.0006799129701120723,0.0002511220671802749,4.781542341107858e-05,0.0017516907243388757,2.7215112124119074e-05
2022-11-06,0.00015738275331259545,0.0013544542542143186,0.0,0.0022336142767564932,0.0
2022-11-07,0.00043053423697501675,0.0006627482527417309,0.0,0.0021285980028075075,0.0
2022-11-08,0.004855750278770354,0.007813780686237561,0.008300232497040526,0.0036415626944156752,0.0018759682981153393
2022-11-09,0.005444972221721958,0.012880295251425278,3.0736208448887625e-05,0.005661783481211017,0.002247147878983813
2022-11-10,0.00865712556648324,0.011985031164030423,0.6474326315265921,0.0037327111976694573,0.0013794164268409956
2022-11-11,0.0034601152159452826,0.0050460603314791234,0.09543190555988924,0.02305233015021081,0.0
2022-11-12,0.0005313891242693794,0.0003615395659665503,0.0,0.0018875324283296792,0.0
2022-11-13,0.0007011686020340489,0.001576340655080408,0.0,0.003479571268400908,0.0
2022-11-14,0.0025013637833003286,0.006568246978456826,0.0012695889266141085,0.012641787699901092,4.112173613703408e-05
2022-11-15,0.001501758500678342,0.0075490690600037835,0.0001003372357203447,0.0067897011438622845,0.0
2022-11-16,0.0009586084048585526,0.0008290673191502301,1.6990154526842394e-05,0.002178121591342789,0.0
2022-11-17,0.0006978376871824047,0.0003756570043948437,0.0,0.005819997062914152,0.0
2022-11-18,0.0005648151304122936,0.0004947503265159201,3.426953484656542e-05,0.00806565492399239,0.0
2022-11-19,0.00028938708921294524,8.336615476830906e-05,2.7514788478042688e-05,0.0030048189379345796,0.0
2022-11-20,0.00042957706256019135,0.0006181461703651947,0.0,0.00015205594737912663,3.4201131756598773e-06
2022-11-21,0.001866758847236729,0.0031974282171236762,0.0001034463047394489,0.003890366953364821,0.00029980512238361967
2022-11-22,0.001359540448504374,0.003202263178158322,0.00022981938902739366,0.004541814139959034,0.0
2022-11-23,0.0015709478786078974,0.0017577546379887149,0.0001947585908395884,0.0018135542515999312,0.0010962993736530892
2022-11-24,0.0005353439596243283,0.0007720384976285399,0.00011979299526239777,0.0005206202087825274,0.0
2022-11-25,0.00035750094403639367,0.0003244167887054006,0.0,0.00013185414452347401,0.0
2022-11-26,0.0003480820314615611,0.00030987531012980995,3.9937745409432517e-05,8.788712428840282e-05,0.0
2022-11-27,0.00031426308691061695,0.00029637664729845284,0.0,0.00011504833978268627,0.0
2022-11-28,0.0012429676200789888,0.0007987172617496851,0.0,0.0003474498235353916,0.0
2022-11-29,0.0008818012574089841,0.0006211964071353196,0.0,0.0019732526374728054,0.0
2022-11-30,0.001475552070537996,0.003978183919697624,0.08915020395987228,0.00362449155007709,1.2366105747681299e-05
2022-12-01,0.00028288246587858303,0.00011678898189466282,1.852722504019482e-05,0.001960069625531823,0.0
2022-12-02,0.0007904027411581697,0.0012010346933245598,0.0,0.0003976253613118071,0.0
2022-12-03,7.643164393768765e-05,0.00028316369197881665,0.0,0.00024363650051763521,0.0
2022-12-04,0.0004872608562088722,0.0003880779138984709,2.2321471058496617e-05,0.00023167099631006674,0.0
2022-12-05,0.0007851494473927729,0.0003769613522392611,0.0008025109267257604,0.0007661407691514044,0.000328284835777205
2022-12-06,0.0004208769517245741,0.0002945037884954057,0.0,8.279042965550068e-05,0.0
2022-12-07,0.00027170000886317505,0.00021860028228052198,0.0,0.0,0.0
2022-12-08,0.0008257833765072521,0.0006347494043345715,0.0004272973655804902,0.010029593391406903,0.0
2022-12-09,0.0002812169598300383,9.382596519066736e-05,0.0,0.0017250029055060018,0.0
2022-12-10,3.508252688948279e-05,9.929995022114974e-06,0.0,0.001146160805467513,0.0
2022-12-11,0.00013938615383248326,0.00021808421980741644,0.0,0.001632959954495697,0.0
2022-12-12,0.0009888365577166692,0.0005873766339614754,1.6724231326422066e-05,0.0076144233781933295,0.0
2022-12-13,0.004743294836740807,0.0006520188280333433,0.06051020141147222,0.0034907478505411716,6.260302399372153e-05
2022-12-14,0.0013608830494037218,0.003181648469980733,0.0011518425563435614,0.00992374723281875,0.0005305264316277337
2022-12-15,0.0002767314280975228,3.423520320583872e-05,0.0,0.002093360585148326,0.0
2022-12-16,0.0007169807360776729,0.000679789851306728,0.0,0.04257507470828971,0.00019333761811620955
2022-12-17,0.0008968842881862158,0.0006953371192813657,0.0,0.0002240400290454343,0.0
2022-12-18,0.0006283338616941379,0.0011689186399291168,1.5021918219640387e-05,0.0,0.0
2022-12-19,0.00031793485493046114,0.00024011238328007503,0.0,0.00019015260948491012,4.145466057177207e-05
2022-12-20,0.0012380302542342495,0.0014141634266637841,9.563894361707027e-05,0.00024027255508706576,0.0
2022-12-21,0.00011773825409005232,0.0002650032757767093,0.0,0.0,0.0
2022-12-22,0.0004144137731198706,0.0002631770888777334,3.6882554023609125e-05,0.005069438210990978,0.0
2022-12-23,0.0004384386862140765,0.00022885149329915944,0.0,0.004792559827442453,0.0
2022-12-24,3.6865824154528796e-05,4.579857533150421e-08,0.0,0.00955044750449647,0.0
2022-12-25,0.00021721525951109627,8.029223777169756e-05,0.0,0.00042502835941794163,0.0
2022-12-26,0.00046986624437643824,9.35388292507882e-05,2.0849112184528648e-05,0.0,0.0
2022-12-27,0.00029053417055212435,2.2001665743305957e-05,1.3987511625469384e-05,0.002751347704828443,0.0
2022-12-28,0.00034772138211199027,0.0006343124083385674,0.0,0.0,0.0
2022-12-29,0.00025674135419632315,6.484903163349818e-05,0.0,0.0,0.0
2022-12-30,0.00033889767655218375,0.000122525139614118,1.3678448931814817e-05,0.0,0.0
2022-12-31,0.00021177689586446646,5.180031361669844e-06,0.0,0.0,0.0
2023-01-01,0.00015202849408450325,7.788790307399778e-06,0.0,,0.0
2023-01-02,0.0008328456808124493,7.349984265679376e-05,1.553926734953987e-05,0.0,0.0
2023-01-03,0.00021237904551870988,0.00011670811554337311,0.0,0.0,0.0
2023-01-04,0.0015050266839314343,0.000691654764891198,0.0007695244213710939,0.00867259547410103,0.0
2023-01-05,0.00023685615502212743,2.6714756947300818e-05,0.0,0.0,0.0
2023-01-06,0.0012993782183476845,0.00041036118309947296,0.0008284328935841636,0.0,0.0
2023-01-07,6.026108491850461e-05,2.451602730237476e-07,0.0,0.0,0.0
2023-01-08,0.0013418433581399106,0.0005155989584280555,0.030600860239475128,0.0,0.0
2023-01-09,0.002697395324403126,0.0004660425652413985,0.004885495652449903,0.03357495521756256,0.00027483886382856864
2023-01-10,0.0011765697695023608,0.0015880001833779539,0.00020928281984255236,0.00178531400752327,0.0
2023-01-11,0.002135859024045759,0.0020569249833028574,0.09077749433211103,0.0015528603349870415,0.0001328820382941269
2023-01-12,0.0031711335268907593,0.002554174145147603,0.09277758229421837,0.00572174902021529,0.0004923296758094866
2023-01-13,0.0036906239534923416,0.0014307500628525374,0.01762123739136575,0.002543194671869351,0.0018548738379553723
2023-01-14,0.007305064399100808,0.0031951653732992104,0.07052726069566058,0.004148632383224784,0.01349834108255674
2023-01-15,0.0012242850415631586,0.0005509234521722057,2.512341557193678e-06,0.0015842166093136955,0.0
2023-01-16,0.0018321757694251864,0.0041336680533341765,0.0011510088714887898,0.006186525115173868,0.001748143129023853
2023-01-17,0.0013782726437247088,0.001371257122647508,0.0005531741238898064,0.007229680777810831,9.420496963016214e-05
2023-01-18,0.002121392902564618,0.0022183884840430955,0.003568155924765813,0.011256302369034736,0.003145946899396834
2023-01-19,0.0014382373961138945,0.0008455875616439985,3.660196889465523e-05,0.002922977627760588,0.0
2023-01-20,0.003278256848071948,0.0021955806299953,0.5201065037768359,0.00721373234440472,0.008317020918817348
2023-01-21,0.002322701823641615,0.0028080107597620524,0.03814649117611381,0.0057639637411936295,0.0034374679155627476
2023-01-22,0.0019308651713356188,0.001111438057512613,8.739221592474662e-05,0.0038925030765077605,0.0
2023-01-23,0.0022791212820785865,0.00166491976951822,4.361822557606855e-05,0.0015454606725142284,0.0
2023-01-24,0.001081500327514895,0.0008112633841215855,6.730215314258742e-05,0.0010622182555590307,0.0
2023-01-25,0.004094643595846167,0.004071707441517832,0.07790509158467857,0.008069930760468408,0.0007378736455639642
2023-01-26,0.0011779792696135945,0.0004214664272212348,0.0,0.00038807099900230163,0.0
2023-01-27,0.0016024078365589264,0.002042490531853035,8.010733556838852e-05,0.0014741846631508711,0.0
2023-01-28,0.00020901989194392804,6.979909768412687e-05,0.0,0.0006164254566329487,0.0
2023-01-29,0.002561511149532945,0.0030071308169528107,0.0018573225084260127,0.005820246926092425,0.000762610291013113
2023-01-30,0.0011301894587957752,0.0009650986728159046,0.0,0.003185431783739822,0.0
2023-01-31,0.0010459344770522966,0.002235425603056921,1.9268814565086693e-05,0.0005318868798165118,5.14114740369362e-13
2023-02-01,0.0016560635425141924,0.0016775938147379904,4.693184757970549e-05,0.000704453550187538,1.972248265173201e-06
2023-02-02,0.0015403452288276147,0.002488420504620029,0.08628951395911492,3.660090638828541e-05,0.0004336723664210207
2023-02-03,0.0009616408129077803,0.0005666722418844232,0.0,0.007927840385923242,0.0
2023-02-04,0.00040872278227704916,0.0002501222031084935,0.0,0.0001493986869838568,0.0
2023-02-05,0.00047990176252454744,0.0001821165887459243,0.0,0.0006450179916746053,5.871893292160428e-09
2023-02-06,0.0008182946616223313,0.0038547270522662686,0.0,0.0006342219890604451,1.5647450519531547e-05
2023-02-07,0.001244913185710013,0.0015619629673003564,0.00011274106294522947,0.001744113037834649,0.0
2023-02-08,0.000677895532253875,0.000339815430010183,2.386279864879785e-05,0.00017596432550814867,0.0
2023-02-09,0.0011519868646720083,0.0011674638661502905,0.0,0.0,0.00011339469149673003
2023-02-10,0.0012779143517291113,0.000809585013992496,0.0,4.4441458439492684e-05,3.8896852572810786e-05
2023-02-11,0.00030750699928142034,0.0009835005315004303,0.0,0.002216440527235619,0.0
2023-02-12,0.0004257673881879008,0.00024653188292436944,8.603735561453896e-05,0.0,0.0
2023-02-13,0.0016292681521165638,0.0029129259144657278,4.0524629447158106e-05,0.00025064314136562894,4.657344419810005e-06
2023-02-14,0.001764441713619649,0.001399616863857406,0.0004346228365967063,7.517686215305943e-05,0.0
2023-02-15,0.002804348690203062,0.0042740830398035005,0.00395488318079951,0.0002988499283180413,0.0031463022539141797
2023-02-16,0.0023011617235349203,0.001874481142581241,0.0028591707567150954,0.005545919103907546,0.010220204514972079
2023-02-17,0.0035871656600275597,0.003827083078621023,0.00016449066037056167,0.0007556746066773337,0.0
2023-02-18,0.0006290137852417821,0.0003079825972896001,0.0,0.00023883306296602428,0.0
2023-02-19,0.0019525749770074406,0.0012290354911734507,0.00016315532779613207,0.0011175886972730673,0.0
2023-02-20,0.0014605285369136635,0.004170882646776351,6.0486047841520476e-05,0.005271491240798635,0.0
2023-02-21,0.002214520979918605,0.002591057414906815,0.0,0.0017989807747390185,0.0
2023-02-22,0.0017926453572688402,0.001587241797958207,0.0,0.0072565069157794785,1.3603148205857212e-05
2023-02-23,0.0019041552614301807,0.0018404179122760854,0.00011436486093716457,0.0004938874407482922,3.027899436099803e-06
2023-02-24,0.0013379989032275207,0.0010283101461396181,0.0,0.007762336322149316,5.919873347396969e-07
2023-02-25,0.0005015613837033348,0.0004659063965432331,0.0,0.0026587810539715124,1.2971697264485511e-05
2023-02-26,0.001103176594122725,0.0012102137603579122,5.947276059579646e-05,0.001728495273252912,0.0
2023-02-27,0.001022110470956805,0.0017276465525561313,1.6859481371821793e-05,0.0004653982891808929,0.0
2023-02-28,0.0006981371897695511,0.001999422287884921,1.2676365939158453e-05,0.0039124419604178035,0.0
2023-03-01,0.0016697714013815634,0.0031216673218197244,7.300089236122774e-05,0.0007209546998246134,0.0
2023-03-02,0.0007073190295657809,0.0004947109155069305,0.0,0.000839567581396541,0.0
2023-03-03,0.0011000092082396912,0.0016772728018444186,2.065040520722539e-05,0.0015725390817891345,0.00022642391859823696
2023-03-04,0.00023631049599929675,0.00011890792392107268,0.0,0.0,2.564757878946056e-05
2023-03-05,0.0006189366457253902,0.0005420686392510358,5.8183579850276323e-05,0.0006046753999604371,0.0
2023-03-06,0.0002019660564607374,0.00017453326087523514,0.0,0.0,0.0
2023-03-07,0.0007156977871882606,0.0007986759114043863,0.0,7.611273531387131e-05,1.4884304356212769e-05
2023-03-08,0.0006170130286035075,0.0005847540193302438,2.3426167998768433e-05,0.0027136684828969588,0.00014278930480605894
2023-03-09,0.0012289019137525154,0.0016689603230337583,0.0,0.009552141174271549,0.008767615397682569
2023-03-10,0.003362570701347373,0.004839845764422525,4.216093053772657e-05,0.02472588057996533,0.002342370351434092
2023-03-11,0.0038809799565190065,0.0043703425457293985,9.428340942516697e-05,4.1837068573233286e-05,0.00047965711537008906
2023-03-12,0.003352499161172901,0.003341851838323077,0.6032308570785494,0.0019927480544176474,0.0
2023-03-13,0.004112003310877149,0.006931802706612893,0.7372520961228249,0.001108116200087767,0.0001555614090682545
2023-03-14,0.004218894859427061,0.005928807794132609,0.31195442346839364,0.001970342747507602,0.011465387244174874
2023-03-15,0.003895768432887666,0.003248350632566628,0.00053717947404726,0.002977252826954492,0.0
2023-03-16,0.0017834097275046916,0.0014225693687377528,0.00011699694492464357,0.005992548897914228,1.0168373278090822e-05
2023-03-17,0.003601446423720034,0.005103210302239535,0.004358406419041128,0.032145594153938466,0.004727328516904317
2023-03-18,0.001747461690410898,0.002568924945074192,0.0,0.0014582040147069803,0.0
2023-03-19,0.0016035222170893166,0.002553275008166479,0.0028921569924936093,0.005673018312597485,0.008481658584193912
2023-03-20,0.001748011601486033,0.0021698371994828295,9.207165881376169e-05,0.001178672903441196,4.5881878564969904e-05
2023-03-21,0.001743165862824286,0.0013262244369229162,3.393040919902429e-05,0.004088331275816408,8.383887654930073e-06
2023-03-22,0.0019357879910426377,0.0022726916086868564,0.0016393721835519354,0.0012008436049788516,0.005719057415325935
2023-03-23,0.002087507589687992,0.00255968665887144,0.006638277101622642,0.002216659163963114,0.0
2023-03-24,0.0010578579358203868,0.001351293847461688,0.0,0.002015107891695062,0.00011096117842322916
2023-03-25,0.000505784176933317,0.0007168854516382249,1.1389378475491763e-05,0.0,0.0
2023-03-26,0.0007253649388327863,0.0005394004408146373,2.6166896112776885e-05,,0.0
2023-03-27,0.0007955427430137758,0.0009124185297008289,4.1708296287099674e-05,,6.327233424536916e-05
2023-03-28,0.0015170685813850884,0.000992050330577463,7.26536733891289e-05,0.03778463070848104,0.0
2023-03-29,0.0015576270034109213,0.0017998444302214111,0.006629114461328059,0.0009586848989240206,0.0
2023-03-30,0.0014624634814837635,0.0015067726646918298,0.0007733425333961441,0.0054698728143333635,0.00031889649844705006
2023-03-31,0.0011193829051292798,0.0011496174233616538,1.4041390843020439e-05,0.0005926160472553096,0.0
2023-04-01,0.0003492239957575501,0.00011334375923344855,2.1204635541049962e-05,0.00012757643817346484,0.0
2023-04-02,0.0005999867501972913,0.00044139529074867836,0.0,0.0006013095051528446,0.0
2023-04-03,0.0019832611032704075,0.0010585417487060287,4.9684796680584215e-05,0.00023835877898786977,0.0
2023-04-04,0.0007205377367893537,0.001406309390223666,7.0354149998375465e-06,0.00019160300984734477,0.0004456369991284243
2023-04-05,0.0011378496525723157,0.0011040551783001768,0.0004917619459114739,0.0004532286700442558,0.0
2023-04-06,0.0004501791461114727,0.0009799621803013576,0.0,0.0007017470454241804,0.0
2023-04-07,0.00016028636706442984,5.084553460449116e-05,0.0,0.0012305311943268716,0.0
2023-04-08,0.0001473772801499374,5.811416180534318e-05,0.0,0.0006277727034416855,0.0
2023-04-09,0.0005991644739948064,0.000865870917700822,6.847164614411082e-05,0.00010844476838588214,0.0
2023-04-10,0.002003822289752766,0.0009799476609478935,0.02156700564287377,0.0036180778586317676,4.736804623067803e-05
2023-04-11,0.0017973395563456603,0.0005761329857226492,0.1517427190166448,0.006521868605818427,0.0023176479224273896
2023-04-12,0.0009483688708172856,0.0004496542284289144,7.577042514051401e-05,0.0006470338587218035,0.004119894374866415
2023-04-13,0.0007793296715330742,0.00026971543169491795,4.5643124255598415e-05,0.00013280953614862315,1.778822615987079e-06
2023-04-14,0.0017997911205055801,0.000599192207358701,0.012560158655752347,0.0004771777053645116,0.0002160106429380842
2023-04-15,0.00015135346018191,5.5767742202272294e-05,0.0,,0.0
2023-04-16,0.0014419203344411032,5.4709423144496887e-05,0.0,0.0005807970411760335,3.420089022045721e-07
2023-04-17,0.00035282990634826286,0.0001337260337572365,0.0,0.00022100326948437188,0.0
2023-04-18,0.0026819461525738777,0.002249508462556094,9.174643413981812e-05,0.0001919174337335911,0.0
2023-04-19,0.0007091850068469785,0.0006764919699606592,0.0,0.00012688658906997386,0.0
2023-04-20,0.0011460271720853184,0.0009366450003707598,0.0,0.007390358665215259,2.311843264434478e-05
2023-04-21,0.0010692027518037106,0.0006854762235586723,0.0,0.0029076253583798185,9.917394698278976e-05
2023-04-22,0.0006162225747069655,0.0006207312790123072,2.8366244310751726e-05,0.002722379620167147,0.0
2023-04-23,0.0004839667989532455,0.00041089153010709275,0.0,6.17766781250335e-05,0.0
2023-04-24,0.002259697001875073,0.001766268761877604,1.2345819376494935e-05,0.0002268960575439769,0.00012679810907719502
2023-04-25,0.0013765914215364303,0.0008768134724422623,0.00017103719182425496,0.002710764984276493,0.0
2023-04-26,0.003762419158387611,0.005015173592073772,0.017803529136937574,0.003697402029787826,4.738981310276802e-05
2023-04-27,0.0026664111336661685,0.0038967683086780897,0.005205517516299972,0.0036037776353342902,0.0
2023-04-28,0.0007720061980815787,0.0006842198829883676,0.0,0.0024377951788444353,0.0
2023-04-29,0.00026721444165274296,2.7529640277719316e-05,0.0,0.0002575649248012421,0.0
2023-04-30,0.0017598646892178179,0.0004192944137578394,0.0006476737643285171,0.0007425853942371692,0.0
2023-05-01,0.0008280622368681725,0.000622025666623641,0.00012460761926515537,0.0016410126084517545,0.0
2023-05-02,0.0010734981800791074,0.0012789804070894395,0.00024910219534771333,0.0001656170033881255,0.0
2023-05-03,0.0013918999056296414,0.0015907846988472709,0.00014046053261066596,0.0011982868341965098,0.0
2023-05-04,0.00044397136394578267,0.00019779180753986723,9.732677553827926e-05,0.0002634556603221567,0.0
2023-05-05,0.0021773263405018076,0.0014895596651585956,0.0002612548035377348,0.0012700408856370822,0.0
2023-05-06,0.0007482214011504041,0.00024140364626907892,0.0,0.00016143391677259818,0.0
2023-05-07,0.00047422149204913704,0.0006912098168774293,0.0,0.000204250773926031,0.0
2023-05-08,0.0010077990429227003,0.000729845528256478,5.078853956366368e-05,9.968140465846682e-05,4.2556433082691135e-09
2023-05-09,0.0006059745911312043,0.00043507853274015476,0.0,0.0,0.0
2023-05-10,0.0035353105647081564,0.0025140882188757784,0.00027851864186271175,0.00014567476816050272,0.00016279815242323554
2023-05-11,0.0006189339712614933,0.0014609332000531793,0.0,0.00019742922000192835,0.005095519048188755
2023-05-12,0.0013670429738161008,0.0018681665300052338,0.00024888048099856166,0.0007261812321094109,0.0001353246778390763
2023-05-13,0.0002476203032356987,0.0007641357399383329,6.452401904778666e-05,0.0005685061840808156,0.0
2023-05-14,0.00041368047642782784,0.0002617765821567075,0.0001572139621005231,0.0012005026587500452,0.0
2023-05-15,0.0007930075764831186,0.0008038722402672798,0.0002901160022955963,0.00040181367297898054,7.944469353704787e-06
2023-05-16,0.00048439297471274383,0.00029572652961974347,3.1264814989729093e-06,0.00020998163535097496,0.0
2023-05-17,0.001550452574636784,0.0009506550314886919,0.00012871513901158052,0.0014173288009943004,0.0
2023-05-18,0.0008354992571592268,0.0006025467746672311,3.100086048332102e-05,0.0004128447633525585,0.0
2023-05-19,0.000461672943702754,0.0006214819460018793,0.0,0.00010674286913598825,0.0
2023-05-20,0.00017968394060468716,0.00018107227529971017,4.803571391926476e-05,0.0005761645260551322,0.0
2023-05-21,8.007421882692706e-05,0.0001134577939464596,2.840726581688094e-05,0.0,0.0
2023-05-22,0.0005633062122482758,0.00034630675177520134,0.0,0.00043650310946398717,0.0
2023-05-23,0.0007452765904496433,0.0002086977563142398,0.00013385693916274655,0.0016034446537370238,0.0
2023-05-24,0.0007568395805556166,0.0003241432430811317,0.0,0.0020320206786290235,0.0
2023-05-25,0.0006011906093796448,0.0005035714980254864,2.486413434656374e-05,0.0025270280669238616,1.92980196286805e-06
2023-05-26,0.0006066354555017676,0.00027281660671573695,2.3604724131319574e-05,0.0,0.0
2023-05-27,0.00024702858564876814,0.00031640903544421687,0.0,0.0,0.0
2023-05-28,0.0014706290452571385,0.0004351337251445697,0.00435252789053252,0.0006849693529480914,0.0
2023-05-29,0.0010456588765316178,0.0007187874513485636,0.00030767604813726555,0.0003804558659998922,0.0
2023-05-30,0.0005723405303470052,0.00015089439778422705,0.0,0.0,0.0
2023-05-31,0.0006365875169201866,0.00029282805520418613,0.0,0.0011004851509019268,2.1626221156455243e-08
2023-06-01,0.00039825188429776475,0.0002727975236268916,6.21119515055199e-05,0.0017478130551614927,4.4099141681699864e-06
2023-06-02,0.0008155916128090789,0.00041604076627484464,0.00011720866430953477,0.0007564412731498075,0.0
2023-06-03,9.723192784431655e-05,6.435760795042544e-06,0.0,0.0001449366481460014,0.0
2023-06-04,0.00027883876070754915,0.0014600803837295313,4.337611567554405e-05,0.0014861426638421362,0.0
2023-06-05,0.0007433364177900519,0.0008119395991599343,0.0,0.0016757843386682391,0.0003557650432956682
2023-06-06,0.0021026762061697787,0.002108164207178838,0.00040453153946959516,0.004091009532293509,0.0
2023-06-07,0.001391067477719051,0.0009480583031121317,0.0,7.953721883299402e-05,0.00011235614273733124
2023-06-08,0.00044925034093700275,0.00033102219374185686,0.0,0.0006549467490777382,0.0
2023-06-09,0.000639780498757438,0.00014218340413631045,0.0,6.724674998516247e-05,0.0
2023-06-10,0.003628370381162502,0.001108953071349718,0.0,0.029524546991951808,0.00030971406861868685
2023-06-11,0.0005651524530833108,0.0002545704316768608,0.0,0.0001939049803716604,0.0
2023-06-12,0.0005384107895338853,0.0003022829221212793,0.0,0.017979229883779747,0.0
2023-06-13,0.0006374139270539567,0.0003352184804068521,4.8310937917185205e-05,0.0016622135397990464,0.0
2023-06-14,0.0005906701832619907,0.0005470301099296786,0.0,0.0011945851150403546,0.006250826647497391
2023-06-15,0.0008838260675189934,0.0034785912961410883,0.000254397388549351,0.000658819265014168,1.2651225882542966e-05
2023-06-16,0.0012992122418842371,0.001159027875181758,0.00013796043710785944,0.0006840925276686455,0.0
2023-06-17,0.00033627993083580376,0.0009234573765648314,0.0007655718942041429,0.0031105157433751695,3.1456240989953132e-06
2023-06-18,0.00017328792902490125,0.00040972004014435163,0.0,0.0019270924867296317,0.0
2023-06-19,0.0005895625989842852,0.0011828725819932923,0.00023432754298586633,0.0006334866350571595,1.2300600149567196e-05
2023-06-20,0.0013775560507979557,0.0015273082488646546,0.041322955633294696,0.0015475055028232143,6.643515439214086e-06
2023-06-21,0.003408080470864362,0.002338799683426663,0.09977392438035368,0.003199126874835283,0.004142361996567233
2023-06-22,0.0008189527062848727,0.000885704895233279,1.5660831722963863e-05,0.004109931354706157,0.008399141010725112
2023-06-23,0.0017102959168755236,0.001268215117259086,0.005205368776801108,0.004021783312420634,0.0007424826178540615
2023-06-24,0.0018722177340638932,0.0004154749145290598,0.0,0.0,0.0
2023-06-25,0.0009418055714332669,0.0003405960725463875,7.091788515822608e-05,0.0024063403794825702,0.0033123334880181404
2023-06-26,0.0008280758363126365,0.0005603744670788372,2.3151439122224042e-05,0.006073657483875305,0.0
2023-06-27,0.0007916137541157796,0.0004825853989782669,2.4427347209417577e-05,0.001108501100925202,0.0
2023-06-28,0.0004975554778413253,0.000911418079791934,0.0,0.0006130103080587653,4.2282952692252934e-09
2023-06-29,0.0009248120158923434,0.0006396500648625138,1.931566838188258e-05,0.006445175717986344,0.0
2023-06-30,0.002044620698395584,0.001002526321142334,4.720724385408453e-05,0.0,0.0
2023-07-01,0.00015726794207884,2.3461854436403064e-05,0.0,,0.0
2023-07-02,0.00048031304627998473,0.0001673460740745116,2.420897599026105e-05,0.0001041494648357189,0.0
2023-07-03,0.0006842268850778746,0.0009261477766652408,0.0001697150261332692,0.0014219283481857943,0.0
2023-07-04,0.00017664962570124385,0.00014401990135402734,0.0,0.0019040147993124798,0.0
2023-07-05,0.00035747060133370985,0.00023544702817272247,0.0,0.0014334538565042854,0.0
2023-07-06,0.0011190277640031857,0.001868630551255161,0.0008012839739814653,0.0032175258187848734,2.1609512877277587e-05
2023-07-07,0.00042696453868346865,0.0006826570221907333,3.318748323421154e-05,0.0008268745078494325,0.0
2023-07-08,0.000103909280451061,1.873561090445342e-05,0.0,0.0,0.0
2023-07-09,0.0001834504886975927,0.000222657165832598,0.0,0.00016129031103940544,0.0
2023-07-10,0.0010739968904493005,0.0030785051381436,0.00010122947154668995,0.00020485184428577582,0.0
2023-07-11,0.0006375752836043383,0.00021068869133401526,0.0,0.0,0.0
2023-07-12,0.0002966036800269805,0.0002306178166023023,1.8219939396443117e-05,0.00024660137036070694,0.0
2023-07-13,0.00251578206354858,0.0016125763401514492,0.0061237831553676,0.0022917652355511926,4.582835281571836e-05
2023-07-14,0.0006251701385664521,0.0005330438488784349,0.0,0.020252007169588356,1.2638542873325437e-05
2023-07-15,7.873185889664664e-05,0.00010026584900016836,0.0,0.0,0.0
2023-07-16,0.0002685289003238239,1.6934242691827515e-05,0.0,0.00039476848824514753,0.0
2023-07-17,0.0006187191098444545,0.00044045930218384265,0.0,0.0008062382279665924,0.0
2023-07-18,0.0004200237101643182,0.00011100475903004819,0.0,0.0014454998740590361,0.0
2023-07-19,0.00047733487531797055,0.00036481483669373587,0.0,0.0015311369987656433,0.0
2023-07-20,0.0005380117854540946,0.0006673504634228754,3.15184213236966e-05,0.0006737930106209009,0.0
2023-07-21,0.00028132490026957726,0.00011408185275302334,0.0,0.00021879225436617378,0.0
2023-07-22,8.389163767133543e-05,4.085900503821857e-06,0.0,0.0,0.0
2023-07-23,0.0005560842295214044,0.0006604595469484961,7.341843717219044e-05,0.0019390709826362618,0.0
2023-07-24,0.00041892788992119493,0.00012050810957334,0.0,0.00041700333985782894,1.3157843603263552e-05
2023-07-25,0.0002478798004552834,0.00010701836468581247,0.0,0.00026494182314123154,0.0
2023-07-26,0.0005177439660439919,0.00031405758915149155,2.8893396998100266e-05,0.006340010977428689,0.0
2023-07-27,0.0001006302886232263,7.070632049654916e-05,0.0,0.0033991764416060727,0.0
2023-07-28,0.00031683825195579895,0.00010900844533791284,0.00018455576387114785,0.0016644554265249506,0.0
2023-07-29,7.281988535628433e-05,3.580707726203063e-05,0.0,9.261095424445392e-05,0.0
2023-07-30,0.00019742656458059436,3.373601690931539e-05,0.0,0.0007317951841795868,0.0
2023-07-31,0.00022563048621923273,0.00010369590013928947,0.0,0.0024924770475035717,0.0
2023-08-01,0.001796301068243899,0.0006679693500412966,0.00020902607202180097,0.00011336496841821513,6.89732984434202e-05
2023-08-02,0.0007788899072951994,0.00044833472715836124,0.00011677640509988439,0.002245165184798146,0.0
2023-08-03,0.00045813338042267475,0.00010537146803380214,7.493709011457454e-05,0.0013704451749288178,0.0
2023-08-04,0.00014367141498164673,8.883887848144277e-05,0.0,0.00015521105898844237,0.0
2023-08-05,7.885680203079302e-05,1.1049977347546437e-05,0.0,0.0,0.0
2023-08-06,0.00013778780221355974,5.7506826330353184e-05,0.0,0.0005978043060651016,0.0
2023-08-07,0.0005138906467870293,0.0005218891683990916,0.0,0.0008141769402284251,0.0
2023-08-08,0.0019295701534326258,0.002254703516459239,0.00018919297880096452,0.0048206711783632915,0.0
2023-08-09,0.0003129249597564285,0.000585103100547826,0.0,0.000396004405361934,0.0
2023-08-10,0.0001477842011050242,6.620887160781778e-05,4.8230673474067815e-06,0.0008986346191725846,0.0
2023-08-11,8.365870398239533e-05,3.6552995101215945e-05,0.0,0.0008834946474140078,0.0
2023-08-12,9.407353376158337e-05,2.7633786624319997e-05,1.4910892481519668e-05,0.0,0.0
2023-08-13,0.00010313131294205163,1.0850733484696562e-05,0.0,0.00041392172343441565,0.0
2023-08-14,0.0004811778349674311,0.0005093411031913842,9.325447576496346e-05,5.552371367517866e-05,0.0
2023-08-15,0.00011980745528211692,1.2038798640257825e-06,0.0,6.63659882159027e-05,0.0
2023-08-16,0.0001235978617236681,0.0002956067778584513,0.0,0.001460201528463361,0.0
2023-08-17,0.00242847588570927,0.0025206273412839613,0.0,0.002578870139303165,0.006326848988625808
2023-08-18,0.001407945584732975,0.0023850953945884095,0.0,0.0017266816957408298,0.0
2023-08-19,0.0005460554618370924,0.00012160535403171449,0.00015329302503679443,,0.0
2023-08-20,0.00025127786413213624,0.0002095420145550803,0.0,,0.0
2023-08-21,0.000427674717692766,0.00041132588481378743,0.0,,0.0
2023-08-22,0.00061326855591861,0.0003527553916194995,0.0,,0.0009014958065114153
2023-08-23,0.003217368414384779,0.0010626978651751692,0.00019814437458279664,0.0015062538138098272,0.0
2023-08-24,0.00031468268180109144,7.610595381353501e-05,0.0,0.00021773863023959845,0.0
2023-08-25,0.000550253453082894,0.00030294886371614785,0.0,,0.0
2023-08-26,5.1169452562975475e-05,3.449360657777565e-05,0.0,,0.0
2023-08-27,0.0002348756685406011,0.00016237032718966442,0.0,0.0006271511032312969,0.0
2023-08-28,0.0005267851198610036,0.00022666874409670967,0.0,0.00036495381919402604,0.0
2023-08-29,0.0021477971411719816,0.002697813286308487,0.11054040348705503,0.002099186045795853,6.207516395202153e-07
2023-08-30,0.0003730720821465182,0.0001475942151111136,0.0,0.0001814497098741744,0.0
2023-08-31,0.000569871810739299,0.0003075041095055203,0.0,0.00022932592773331715,3.9007552732822575e-06
2023-09-01,0.0011053935677918572,0.00034832345365935324,0.00013497154189342394,4.120376936207852e-05,2.1129503741322893e-05
2023-09-02,0.0002375599325548495,0.00013106676559228414,0.0,4.1747395135867384e-05,0.0
2023-09-03,0.00027352882314170984,0.0001907941593487867,0.0,0.000520829221532682,0.0
2023-09-04,0.00038247999495604753,8.474781430014853e-05,0.0,6.532095092622251e-05,0.0
2023-09-05,0.00039804540877015675,8.132160747825332e-05,0.0,7.833564268089146e-05,0.0
2023-09-06,0.0005578007698258485,0.0007894433132536665,9.063035866824927e-05,0.00042430176810295486,1.0458895854051456e-05
2023-09-07,0.0009800142749139718,0.0006776533646817278,0.0013505533594066245,0.001392788873847288,0.0
2023-09-08,0.00036011646157502495,0.00012156571771638366,0.0,7.442425643719426e-05,0.0
2023-09-09,2.1341509566649026e-05,7.40406398639214e-07,0.0,,5.1794252543650765e-06
2023-09-10,0.00024069153344572291,4.334201134808861e-05,0.0,7.22176221877283e-05,0.0
2023-09-11,0.000719384582608722,0.00042334870698323366,0.0,0.0011544804891154734,1.4793577327597748e-05
2023-09-12,0.0014845431189052993,0.0008936778587120195,0.00118004398597591,0.0007042002742317521,0.0
2023-09-13,0.0006953456267956899,0.000399722383361402,0.0,0.0014560571991663412,0.0
2023-09-14,0.001158027733954248,0.0006607841207707815,0.0006315122737583063,0.0018685347954070376,0.0
2023-09-15,0.0010113095391803726,0.0006597546434937373,0.0007228959267412237,0.00022443389083338377,5.676604114621189e-08
2023-09-16,0.0004868691659877207,3.7305355526591817e-06,0.0,0.0,0.0
2023-09-17,0.00018857180984392739,1.6993918723638207e-05,0.0,0.0,0.0
2023-09-18,0.0022058568150240964,0.002326107560355976,0.0011519375512104356,0.0034884449864701164,1.1386888614061406e-08
2023-09-19,0.0017555287479360387,0.002522373472086113,4.9377617498252663e-05,0.00021743133121706416,5.822233199347301e-09
2023-09-20,0.0008508641963721691,0.0002991439524337619,8.364994517769719e-05,0.0012775755713563175,0.0
2023-09-21,0.0003479893343264618,3.4047937679922994e-05,0.0,0.0009446175085959452,0.0
2023-09-22,0.0002487202449404227,0.0002591582336027273,0.0,0.00018912170217254935,0.0
2023-09-23,1.599108527095723e-05,0.0,0.0,0.0,0.0
2023-09-24,0.00018092567735329394,0.00021262443445587564,0.0,0.00010380707484438926,0.0
2023-09-25,0.0007757849367607574,0.002670138799530008,0.0,0.0008408237240266859,0.00019602684304817166
2023-09-26,0.00023546391335717398,5.779993025582717e-06,0.0,0.0002503279764117957,0.0
