time,LIQ_long_binance,LIQ_long_bybit,LIQ_long_GMX,LIQ_long_GNS,LIQ_long_perp
2020-08-05,0.01956883922141564,0.013153745082405847,,,
2020-08-06,0.02594210046372439,0.008933188390892669,,,
2020-08-07,0.047463011650487094,0.04178718213230353,,,
2020-08-08,0.010516955836791018,0.0013585551949699625,,,
2020-08-09,0.011718610729270372,0.007275086870905896,,,
2020-08-10,0.03599506302475031,0.03010845711663891,,,
2020-08-11,0.07675329911860497,0.10728854932553204,,,
2020-08-12,0.009776217052380078,0.009699902364584864,,,
2020-08-13,0.019178487737183027,0.03133046119389733,,,
2020-08-14,0.0066665037616595825,0.013147939514612976,,,
2020-08-15,0.023573419428716158,0.023583256358601916,,,
2020-08-16,0.0070096192868383455,0.009318345949752112,,,
2020-08-17,0.023770082667912265,0.012609857508677077,,,
2020-08-18,0.056543388360978074,0.08159847214378407,,,
2020-08-19,0.06561891838737677,0.01651209089376551,,,
2020-08-20,0.001708739163233149,0.0004175349884301207,,,
2020-08-21,0.03068980091367104,0.021787669559933515,,,
2020-08-22,0.013596932105836025,0.009021322260731865,,,
2020-08-23,0.003999523038838204,0.0023228068358447347,,,
2020-08-24,0.0022591874389382874,0.0007756727243012756,,,
2020-08-25,0.07112778609695622,0.07868049737023228,,,
2020-08-26,0.006217017271378601,0.005398862773969712,,,
2020-08-27,0.020502017354785743,0.007800522341242817,,,
2020-08-28,0.0006466178397220817,0.0,,,
2020-08-29,0.0017607886779094268,0.0012793833333268221,,,
2020-08-30,0.001918223590130033,0.0003602199032674453,,,
2020-08-31,0.005310858017486702,0.00930806935771915,,,
2020-09-01,0.01309785949352526,0.002465296034425503,,,
2020-09-02,0.049168912914752186,0.05636894711434717,,,
2020-09-03,0.1621481303612348,0.20544801549008623,,,
2020-09-04,0.046617309044386775,0.015013845468528736,,,
2020-09-05,0.05126813648497464,0.03399599628461051,,,
2020-09-06,0.007189628987088397,0.0006537453561040231,,,
2020-09-07,0.018680336541141613,0.02751989103485216,,,
2020-09-08,0.03866236894545702,0.018316796384359287,,,
2020-09-09,0.0033404297623983313,0.0011585518972376183,,,
2020-09-10,0.005907757266670294,0.0070191860330188535,,,
2020-09-11,0.0025952854843162817,0.002999300704390557,,,
2020-09-12,0.0024989080616375225,0.0014917359969216044,,,
2020-09-13,0.020170366000339956,0.01099478481307558,,,
2020-09-14,0.004015147855523056,0.0022138686039552173,,,
2020-09-15,0.013141755611434592,0.008397901841026612,,,
2020-09-16,0.006136398256382006,0.0006295088804470888,,,
2020-09-17,0.010716606873056209,0.0030594747835036057,,,
2020-09-18,0.006617863092051495,0.003847336233932686,,,
2020-09-19,0.0020618419743443934,0.0005046071943268436,,,
2020-09-20,0.020077456505397426,0.009257832867232309,,,
2020-09-21,0.057549567712534035,0.06185268203930359,,,
2020-09-22,0.0037020290704040254,0.0015070916185204327,,,
2020-09-23,0.026199077867119808,0.0065158956245053,,,
2020-09-24,0.0012704751269664999,0.0008283299527205398,,,
2020-09-25,0.005671633084519972,0.0009832997696819557,,,
2020-09-26,0.0011128279804619452,0.0001526003278622613,,,
2020-09-27,0.007917698373623765,0.002836417777989662,,,
2020-09-28,0.017078533588209613,0.0014192203935520387,,,
2020-09-29,0.004556606205743075,0.002727641544084273,,,
2020-09-30,0.004145953748559969,0.0008422417374711104,,,
2020-10-01,0.032745613132525796,0.015310747096599436,,,
2020-10-02,0.0133414177699297,0.006344935731175618,,,
2020-10-03,0.0008598257044504341,6.439737670846241e-05,,,
2020-10-04,0.00036332103824736946,1.7518531969625503e-05,,,
2020-10-05,0.0010354465856449396,5.945376490966291e-05,,,
2020-10-06,0.014720293192319465,0.005633432914218182,,,
2020-10-07,0.0005773874089944737,0.0,,,
2020-10-08,0.0043459535699072,0.0049248562578928816,,,
2020-10-09,0.0011663615153339314,0.00022561506658058322,,,
2020-10-10,0.010831008643127664,0.0037119828097983846,,,
2020-10-11,0.004980849936462714,0.004484846118820361,,,
2020-10-12,0.0293140541230134,0.01326135021703977,,,
2020-10-13,0.01971722717456247,0.004598777126470087,,,
2020-10-14,0.011400692661444735,0.002704159905080958,,,
2020-10-15,0.007466920006003234,0.0028894384024001495,,,
2020-10-16,0.022367825658544893,0.018277281759803903,,,
2020-10-17,0.003031345808492471,0.001008844676575914,,,
2020-10-18,6.890696002500138e-05,0.0,,,
2020-10-19,0.0031838209503730723,0.00342829264682393,,,
2020-10-20,0.009968550249323225,0.0023613857389694305,,,
2020-10-21,0.0533210729487306,0.03784282250746256,,,
2020-10-22,0.018219426528875537,0.009671811808446468,,,
2020-10-23,0.018096730956989257,0.017499530307685775,,,
2020-10-24,0.0048641841439763574,0.0009369845439550369,,,
2020-10-25,0.030249571955247342,0.013170893048758354,,,
2020-10-26,0.029100840945364574,0.05301279900504877,,,
2020-10-27,0.006658220416494688,0.004246818959077219,,,
2020-10-28,0.06743441051246894,0.04375114316207061,,,
2020-10-29,0.012051805308829256,0.004431752087434162,,,
2020-10-30,0.0131050442448219,0.01680441945877466,,,
2020-10-31,0.02175669286325108,0.005601981562483874,,,
2020-11-01,0.0071224304681813035,0.01389119967116209,,,
2020-11-02,0.03257845465572664,0.045401591221666926,,,
2020-11-03,0.010013919104244947,0.003622033262786263,,,
2020-11-04,0.023115073055894025,0.010923006829994612,,,
2020-11-05,0.036157952067488335,0.025668355821034525,,,
2020-11-06,0.04644812424287379,0.057589525052848554,,,
2020-11-07,0.09994438076098026,0.07222855091670467,,,
2020-11-08,0.008697141536534853,0.008686248088378413,,,
2020-11-09,0.03838318189140083,0.016735104832639337,,,
2020-11-10,0.00784065289458621,0.0031915776591191305,,,
2020-11-11,0.010518922814397662,0.01546594619608795,,,
2020-11-12,0.032416153373142284,0.01575826248897186,,,
2020-11-13,0.01259411180295756,0.009854279611988504,,,
2020-11-14,0.02402787781996173,0.009181105298479304,,,
2020-11-15,0.007416781800232994,0.004175577390939933,,,
2020-11-16,0.007283511807767435,0.0034319621624101073,,,
2020-11-17,0.020297030999620488,0.012450246515670362,,,
2020-11-18,0.12275331868188798,0.038285918350490236,,,
2020-11-19,0.019432190743610155,0.015374875986966432,,,
2020-11-20,0.011433585695279995,0.004657681538726877,,,
2020-11-21,0.0205047737166107,0.03051620715642389,,,
2020-11-22,0.05942668327711094,0.05326653201770517,,,
2020-11-23,0.028964068164886045,0.03386756299265462,,,
2020-11-24,0.036261748439239294,0.02128800112518956,,,
2020-11-25,0.06093560033501321,0.030728750689818167,,,
2020-11-26,0.5273789719756414,0.23810921605963986,,,
2020-11-27,0.0363722593759409,0.01514789029624027,,,
2020-11-28,0.00932944037034213,0.00229082740040707,,,
2020-11-29,0.012034046892062975,0.0029306809625291867,,,
2020-11-30,0.04013359682409556,0.025326602268498297,,,
2020-12-01,0.17470887814760624,0.18864567565243648,,,
2020-12-02,0.03695575642040806,0.008040428999710325,,,
2020-12-03,0.015711489445565212,0.007968986661295259,,,
2020-12-04,0.05253356911651323,0.027723886521248155,,,
2020-12-05,0.007213777040348757,0.006191023834852365,,,
2020-12-06,0.009604477200417282,0.0035375723970588312,,,
2020-12-07,0.018392144442857226,0.0030967500633306334,,,
2020-12-08,0.09864748614080329,0.06593540187026432,,,
2020-12-09,0.06258304483896404,0.015032794418249283,,,
2020-12-10,0.0219093602961949,0.004432879277694532,,,
2020-12-11,0.0398733622109211,0.015394481828513232,,,
2020-12-12,0.008958411712064204,0.004043700168021457,,,
2020-12-13,0.013104932176818017,0.005801457874169571,,,
2020-12-14,0.0050277680883034255,0.0027301140945139597,,,
2020-12-15,0.016390971533800532,0.011357644689211596,,,
2020-12-16,0.01809210260839746,0.009399043220929293,,,
2020-12-17,0.1618405591124616,0.034558493859782526,,,
2020-12-18,0.030094597494596344,0.011298172185865126,,,
2020-12-19,0.0285986477309494,0.0159267014338896,,,
2020-12-20,0.0575600914078499,0.018275731229166748,,,
2020-12-21,0.1445472801825339,0.06624192453980185,,,
2020-12-22,0.01843051352850712,0.016361166817009117,,,
2020-12-23,0.07889646275887081,0.06196717301536075,,,
2020-12-24,0.009921692234457952,0.013347696963901718,,,
2020-12-25,0.02575806382209715,0.017719750917175658,,,
2020-12-26,0.02605049296269153,0.01473533458963215,,,
2020-12-27,0.14183719732267572,0.06415936545358111,,,
2020-12-28,0.03495846354071827,0.052746050336708754,,,
2020-12-29,0.03073209743353968,0.04762702903293912,,,
2020-12-30,0.037787813235378574,0.020051085287591062,,,
2020-12-31,0.05636253077311426,0.02656762541130445,,,
2021-01-01,0.02185116527848299,0.01960600862268506,,,
2021-01-02,0.0818037593202019,0.06835214356640358,,,
2021-01-03,0.08078109030045266,0.06472334762744722,,,
2021-01-04,0.2606560884143112,0.21764929486893983,,,
2021-01-05,0.052022697791288854,0.12266407743861325,,,
2021-01-06,0.060275152883412834,0.06281076274678483,,,
2021-01-07,0.10274218865799441,0.13118376751890606,,,
2021-01-08,0.11840265709279138,0.08507026245130266,,,
2021-01-09,0.036333088343196186,0.031206271933475745,,,
2021-01-10,0.19128577954962614,0.1305033560937155,,,
2021-01-11,0.3603883327991262,0.10999577986000007,,,
2021-01-12,0.11554222891070325,0.052937313077994964,,,
2021-01-13,0.052096225235168235,0.03128515465750361,,,
2021-01-14,0.05232506001370287,0.04710812206175201,,,
2021-01-15,0.16734907546362685,0.09323489609348673,,,
2021-01-16,0.06576984291582678,0.02591710825199178,,,
2021-01-17,0.0693136036134004,0.028270179953523225,,,
2021-01-18,0.045993710685013775,0.022464327573976522,,,
2021-01-19,0.041658052944734875,0.03660546170000627,,,
2021-01-20,0.10704165997990035,0.04130805862946668,,,
2021-01-21,0.21741211890236706,0.054669985662578406,,,
2021-01-22,0.11252679923391296,0.03471910624814037,,,
2021-01-23,0.04616299674951153,0.022891616676883716,,,
2021-01-24,0.052584432207963404,0.022158486270156378,,,
2021-01-25,0.06692300622788343,0.05198873608901851,,,
2021-01-26,0.07165833133637704,0.03234808087817887,,,
2021-01-27,0.10627048505883563,0.07038387411241051,,,
2021-01-28,0.017579072843616837,0.01353081056729182,,,
2021-01-29,0.16725125487142586,0.16244433058055888,,,
2021-01-30,0.03593157906138685,0.03932021999147916,,,
2021-01-31,0.0475197234487226,0.06440704916220753,,,
2021-02-01,0.02523846424227881,0.02457227830707056,,,
2021-02-02,0.012859775494484789,0.014655392399644937,,,
2021-02-03,0.015717801548553408,0.012261816588219315,,,
2021-02-04,0.06374333090532976,0.032335945879863805,,,
2021-02-05,0.01864173592964015,0.010885773266546358,,,
2021-02-06,0.045563181568564405,0.015918895163816015,,,
2021-02-07,0.08870506111610266,0.030636008343516315,,,
2021-02-08,0.043699617296214834,0.022995187022737663,,,
2021-02-09,0.05669068777986154,0.04738599552329963,,,
2021-02-10,0.09069213320104087,0.028390659245102517,,,
2021-02-11,0.03510754641376191,0.022949918978217906,,,
2021-02-12,0.03535264002809142,0.027181454149488016,,,
2021-02-13,0.026305252697264893,0.013267547795738206,,,
2021-02-14,0.022827864474810406,0.028896778572897776,,,
2021-02-15,0.09413593416252389,0.035849828862441396,,,
2021-02-16,0.05540255694968246,0.04009469942336726,,,
2021-02-17,0.01566351295581556,0.010768472044353591,,,
2021-02-18,0.01915687036350721,0.01926013154025246,,,
2021-02-19,0.02137135826073437,0.029830149940894654,,,
2021-02-20,0.0813585019988474,0.05968480793117957,,,
2021-02-21,0.015310945576563009,0.017680845651955306,,,
2021-02-22,0.3598542616679248,0.1304108113807475,,,
2021-02-23,0.30947814771248316,0.1438371478886468,,,
2021-02-24,0.0630068396560217,0.045708431413309054,,,
2021-02-25,0.09735102004130697,0.06956027076621776,,,
2021-02-26,0.13015408116315622,0.07313076631655607,,,
2021-02-27,0.04678473977893552,0.02798015095870788,,,
2021-02-28,0.09076086439614828,0.07819530658710465,,,
2021-03-01,0.02430223267648076,0.025907721869595588,,,
2021-03-02,0.059752620209348725,0.058243451588854314,,,
2021-03-03,0.04052849699843082,0.03130801569729218,,,
2021-03-04,0.1076117330118388,0.0823240420315638,,,
2021-03-05,0.07202103294671278,0.03603313506544081,,,
2021-03-06,0.03375830725653281,0.02806771680514252,,,
2021-03-07,0.02318337964060216,0.01431465931557475,,,
2021-03-08,0.031320157124339026,0.025559569918426308,,,
2021-03-09,0.019937003655827196,0.03439532860451402,,,
2021-03-10,0.0613895287869176,0.052973788592906,,,
2021-03-11,0.055718231022091017,0.04445043245350202,,,
2021-03-12,0.07059539897205594,0.04159193801493886,,,
2021-03-13,0.01948936038566695,0.02413783048044778,,,
2021-03-14,0.04687966208882306,0.03566139322051242,,,
2021-03-15,0.22015236543432787,0.07764470326679458,,,
2021-03-16,0.07875553285681067,0.05827312327016063,,,
2021-03-17,0.04336432721616664,0.043287676796176476,,,
2021-03-18,0.049912174989160854,0.0532660844608669,,,
2021-03-19,0.039383101442521495,0.018433559627257193,,,
2021-03-20,0.027146813223951224,0.009076190622566834,,,
2021-03-21,0.0923517337653772,0.03266928477193454,,,
2021-03-22,0.1433461243653734,0.04753027195509573,,,
2021-03-23,0.051930681799724716,0.038523530034127826,,,
2021-03-24,0.14174593829375273,0.07730825204557563,,,
2021-03-25,0.09946183680719374,0.08216076837505322,,,
2021-03-26,0.013944607810709584,0.010328314967686974,,,
2021-03-27,0.02080514944943244,0.014866408137889335,,,
2021-03-28,0.029266891931835043,0.021708824493360646,,,
2021-03-29,0.0200630211467326,0.023388613258251808,,,
2021-03-30,0.011024615567145093,0.013032246051981897,,,
2021-03-31,0.07450758213144061,0.0596691185469353,,,
2021-04-01,0.025474987738691574,0.023891280621729606,,,
2021-04-02,0.02244540013020598,0.027934128142312532,,,
2021-04-03,0.07099534491929653,0.053036595988457925,,,
2021-04-04,0.028606362272123893,0.008951566475876856,,,
2021-04-05,0.015043918586123658,0.01789974312172348,,,
2021-04-06,0.023857731103461476,0.02174731745225215,,,
2021-04-07,0.08512808032617711,0.036532136714160356,,,
2021-04-08,0.006247196946230991,0.006048531433700815,,,
2021-04-09,0.007996528907019969,0.004949808207607057,,,
2021-04-10,0.04407848916200435,0.017863895472424618,,,
2021-04-11,0.009299054107393847,0.008146236777148983,,,
2021-04-12,0.01801329477585342,0.015491648956005803,,,
2021-04-13,0.010178710344457243,0.009767509239366144,,,
2021-04-14,0.06589874858025681,0.04041551086332017,,,
2021-04-15,0.007130028945124104,0.004467814606089008,,,
2021-04-16,0.06932587269989392,0.03331105071477136,,,
2021-04-17,0.0383590256048545,0.029015359370675467,,,
2021-04-18,0.6291048285478165,0.1160588718414598,,,
2021-04-19,0.05773866252649512,0.020236250980169908,,,
2021-04-20,0.05083971452542935,0.02404397354753878,,,
2021-04-21,0.05264148743441673,0.02121149597594044,,,
2021-04-22,0.14434034333980225,0.06115982585764266,,,
2021-04-23,0.1951971855779246,0.07117035838919543,,,
2021-04-24,0.041617945960046906,0.02776404437287096,,,
2021-04-25,0.09589591024877567,0.04054388362272393,,,
2021-04-26,0.03166505795482664,0.014742378770035194,,,
2021-04-27,0.008698749834877713,0.006839534513526422,,,
2021-04-28,0.007423533204506708,0.036494930996701584,,,
2021-04-29,0.006239921828522612,0.03572873661346511,,,
2021-04-30,0.002451833435556904,0.007880609897699599,,,
2021-05-01,0.0032411533185371113,0.028986996105065485,,,
2021-05-02,0.004463223532350285,0.02640182713096405,,,
2021-05-03,0.0050168831042578235,0.04461676672302584,,,
2021-05-04,0.01108105429462459,0.06880697586626905,,,
2021-05-05,0.004360972370110632,0.014957795534719563,,,
2021-05-06,0.00548068479705395,0.029017088718242146,,,
2021-05-07,0.007540651371085563,0.024923947027906273,,,
2021-05-08,0.004806419208585621,0.02420933104267379,,,
2021-05-09,0.004909271363326033,0.02615308345608096,,,
2021-05-10,0.012011200636290102,0.04247366335860325,,,
2021-05-11,0.006507811372706999,0.010931766698783813,,,
2021-05-12,0.023365015739552818,0.10914583093531188,,,
2021-05-13,0.020412425975074325,0.04866326566133025,,,
2021-05-14,0.00711038819327654,0.018282055940243555,,,
2021-05-15,0.013800452320716155,0.04782051618576385,,,
2021-05-16,0.015085982547465652,0.10078565325399395,,,
2021-05-17,0.022091206998394872,0.09689463258477174,,,
2021-05-18,0.012182054702976706,0.050956026682947464,,,
2021-05-19,0.07613926621297543,0.1327209477557288,,,
2021-05-20,0.021006741394096765,0.02259747577029447,,,
2021-05-21,0.017581091457555244,0.07759679117708702,,,
2021-05-22,0.009255734519864597,0.0179914347432935,,,
2021-05-23,0.016489235996138787,0.1517614194304532,,,
2021-05-24,0.008202796839433436,0.041370657460957236,,,
2021-05-25,0.006299058962345582,0.05193048032840581,,,
2021-05-26,0.005179170338195289,0.053780706385697964,,,
2021-05-27,0.0058783193476299005,0.05113832928555208,,,
2021-05-28,0.008665354749339736,0.09049954470661514,,,
2021-05-29,0.005580569902616935,0.075316549549281,,,
2021-05-30,0.003342931915977173,0.020913050455406798,,,
2021-05-31,0.0043064359127429255,0.020469033621159902,,,
2021-06-01,0.004935179976012399,0.02995718060309027,,,
2021-06-02,0.0019842154625303817,0.008222733231831926,,,
2021-06-03,0.0023213882143779427,0.019858572600720565,,,
2021-06-04,0.005207163298091667,0.1225332856807487,,,
2021-06-05,0.00467817936019743,0.09934802221903681,,,
2021-06-06,0.0019296063848111519,0.018281690821717683,,,
2021-06-07,0.004092903256735988,0.11844046343328887,,,
2021-06-08,0.008252740066039519,0.10359136269893401,,,
2021-06-09,0.008434226291132881,0.022864191993292378,,,
2021-06-10,0.008534934018798568,0.0706593932061611,,,
2021-06-11,0.0046600078729630975,0.038949972842436835,,,
2021-06-12,0.007311691633062029,0.061203076669468295,,,
2021-06-13,0.0041854809599549585,0.02384444076436084,,,
2021-06-14,0.005128369078408427,0.03872976917116241,,,
2021-06-15,0.004514412350072655,0.03972242929011057,,,
2021-06-16,0.005742805132111312,0.07564622719482593,,,
2021-06-17,0.0042335283440040694,0.07516748148806635,,,
2021-06-18,0.008411491869302788,0.11589561965779392,,,
2021-06-19,0.0068841900057564735,0.02986712852392954,,,
2021-06-20,0.0066821568462093655,0.09672215557362258,,,
2021-06-21,0.019854144604161465,0.16054643827470672,,,
2021-06-22,0.01838934130952233,0.09991953462724083,,,
2021-06-23,0.008832152594378834,0.03879596752369762,,,
2021-06-24,0.005798870787451496,0.029966482996804426,,,
2021-06-25,0.014742794045356458,0.12687658825097278,,,
2021-06-26,0.011700870478925275,0.06147082856936599,,,
2021-06-27,0.006872144515695928,0.0231885642846399,,,
2021-06-28,0.0052218320045191065,0.02061747280660013,,,
2021-06-29,0.0045548964393551765,0.014400975982760161,,,
2021-06-30,0.005160616298114808,0.052749255435793896,,,
2021-07-01,0.004932807917857284,0.09505247348058658,,,
2021-07-02,0.00514725441606339,0.014737218560870737,,,
2021-07-03,0.002808834030613987,0.006770707732242874,,,
2021-07-04,0.0016787151613286908,0.013603822090197167,,,
2021-07-05,0.005363484002081109,0.07356614290136923,,,
2021-07-06,0.0038452066377604854,0.025834485964680676,,,
2021-07-07,0.0022222933840219854,0.012497504931174097,,,
2021-07-08,0.004852012635099628,0.055618065828612034,,,
2021-07-09,0.0024163916570559556,0.005810836477314591,,,
2021-07-10,0.003372967671603827,0.012021772939346816,,,
2021-07-11,0.0015969091620721485,0.0021252838926945302,,,
2021-07-12,0.004431576675785168,0.03687272423722522,,,
2021-07-13,0.00499195810399897,0.03236956951661082,,,
2021-07-14,0.0033628040260496326,0.045035074981641644,,,
2021-07-15,0.004472472006713248,0.04169083646961946,,,
2021-07-16,0.00673193040806341,0.018211334328701444,,,
2021-07-17,0.003010387818641874,0.006568897863294074,,,
2021-07-18,0.0023193560612635882,0.008091159322214941,,,
2021-07-19,0.0035981844958273266,0.03411573235238644,,,
2021-07-20,0.004246054975715807,0.0849785007346448,,,
2021-07-21,0.002341457754641901,0.008695004430907911,,,
2021-07-22,0.00268085590296469,0.00581633059677674,,,
2021-07-23,0.0019407426198705612,0.006420616375885979,,,
2021-07-24,0.0017230106958800444,0.0059145981998540206,,,
2021-07-25,0.0018153938752029357,0.00836795187550402,,,
2021-07-26,0.010241784338018728,0.11824699611880411,,,
2021-07-27,0.00515884237989067,0.03191240245388461,,,
2021-07-28,0.005701533673783358,0.045756462835640686,,,
2021-07-29,0.0030675823061394746,0.007983719497712054,,,
2021-07-30,0.002957378829854593,0.031075341709660715,,,
2021-07-31,0.003150917834985861,0.012900491389774834,,,
2021-08-01,0.005584409518979737,0.03007476533985521,,,
2021-08-02,0.004436648955179186,0.023527549300710285,,,
2021-08-03,0.006316963831203174,0.03509388756926005,,,
2021-08-04,0.0032609121820785926,0.009452351313100592,,,
2021-08-05,0.007247458024990342,0.032077978144997084,,,
2021-08-06,0.004471702789333159,0.014350539200938416,,,
2021-08-07,0.004490993221443722,0.01246210641686427,,,
2021-08-08,0.0064921326355379914,0.016646014374497718,,,
2021-08-09,0.004231696981377463,0.014151316751921687,,,
2021-08-10,0.003822497575715835,0.015493605787837272,,,
2021-08-11,0.0026096844870631365,0.008779188124291223,,,
2021-08-12,0.006068625745901103,0.03248063473670299,,,
2021-08-13,0.0011926773893491066,0.0023867554036747,,,
2021-08-14,0.003112578549642895,0.013357376410005688,,,
2021-08-15,0.0036287358816400397,0.01838087446527226,,,
2021-08-16,0.004469555254338433,0.017136560967715844,,,
2021-08-17,0.007040486533873379,0.03180408473398854,,,
2021-08-18,0.004187032586780364,0.0157426484220347,,,
2021-08-19,0.0037169511219302064,0.014636308949645972,,,
2021-08-20,0.0011963814374311497,0.0047431756265280435,,,
2021-08-21,0.0020387284121154365,0.0087776355909399,,,
2021-08-22,0.002364284282563849,0.0126308978356152,,,
2021-08-23,0.0021784890724533424,0.007987043945180333,,,
2021-08-24,0.005840525106040134,0.026857390065502428,,,
2021-08-25,0.001957138114601582,0.009844140525291745,,,
2021-08-26,0.0046068416200201875,0.0344311176873618,,,
2021-08-27,0.002199956733157675,0.007941369032948332,,,
2021-08-28,0.0014550775589093083,0.010311559691058274,,,
2021-08-29,0.0012264556302555823,0.01785210111188874,,,
2021-08-30,0.0026809591195095183,0.03340288663393019,,,
2021-08-31,0.002930373936806293,0.015450319263276767,0.0,,
2021-09-01,0.00134077568362299,0.011431469416151462,,,
2021-09-02,0.0012759231693644736,0.0104993132517686,,,
2021-09-03,0.0021124740582957433,0.01917011292313452,,,
2021-09-04,0.001686310780030457,0.008911943289078739,,,
2021-09-05,0.0006966528140807767,0.004442959708360236,0.0,,
2021-09-06,0.0010666361888885033,0.003003698662146748,0.0,,
2021-09-07,0.026413126270226375,0.06315121945775283,0.0,,
2021-09-08,0.004578491694731784,0.019575983213957426,0.0,,
2021-09-09,0.002222477631308231,0.015036094976185561,,,
2021-09-10,0.0036419279270675817,0.029854599876664223,,,
2021-09-11,0.0015596247550925442,0.014089991933144986,0.0,,
2021-09-12,0.0015187512478695906,0.008988931086928602,0.0,,
2021-09-13,0.005470127479600305,0.019008447582001913,0.0,,
2021-09-14,0.0011323950207350554,0.005006881529090771,0.0,,
2021-09-15,0.0009959991966948932,0.0019355758568966295,0.0,,
2021-09-16,0.0029901239668959313,0.011242923431606293,0.0,,
2021-09-17,0.002838847050566573,0.013369598770098622,0.0,,
2021-09-18,0.0009499963525633223,0.006809982309740193,0.0,,
2021-09-19,0.002376897149156374,0.012323514298014412,0.0,,
2021-09-20,0.00878385795983062,0.04175254481575368,0.0,,
2021-09-21,0.010358386212091165,0.045537810753111876,0.002508267461355639,,
2021-09-22,0.003158482709592245,0.006790086331952845,0.0,,
2021-09-23,0.0021194439631159654,0.00425962212427397,0.0,,
2021-09-24,0.007072052282416057,0.002823693502048087,0.0,,
2021-09-25,0.002476217190890774,0.0,0.0,,
2021-09-26,0.003780316895812436,0.0,0.0005151731405972105,,
2021-09-27,0.0026882101730274464,0.0,0.0,,
2021-09-28,0.004206771511237023,0.0,0.0,,
2021-09-29,0.0025494070657873457,0.0026496156947941863,0.0,,
2021-09-30,0.002688552792949719,0.0018535003867002392,0.0,,
2021-10-01,0.002036403252486863,0.002968038646349002,0.0,,
2021-10-02,0.001565090751459543,0.0028232384101111742,0.0,,
2021-10-03,0.0018883429018933078,0.004045045448496015,0.0,,
2021-10-04,0.003259715306567012,0.005479836948943956,0.0,,
2021-10-05,0.001564323329802539,0.002489500174025493,0.0,,
2021-10-06,0.002657508053118279,0.003335369472574024,0.0,,
2021-10-07,0.003937593390783516,0.007022931011777112,0.0,,
2021-10-08,0.0019245292914665466,0.00301178508339603,0.0,,
2021-10-09,0.0011480208721083257,0.001956764044228134,0.0,,
2021-10-10,0.0026828620183543795,0.003340954242416344,0.0,,
2021-10-11,0.0015631406894583164,0.003329648436108142,0.0,,
2021-10-12,0.0036331376702296784,0.009056846688682816,0.0,,
2021-10-13,0.0022227812491169845,0.00713407443067626,0.0,,
2021-10-14,0.0018664706953023468,0.0029529034264800017,0.0,,
2021-10-15,0.002723058303454311,0.005913876833296158,0.0,,
2021-10-16,0.001479610722036226,0.0046761388059833285,0.0,,
2021-10-17,0.0014729439755419055,0.002686784811987408,0.0,,
2021-10-18,0.0023502376522861962,0.004168407513859359,0.0,,
2021-10-19,0.0014958403248203026,0.002434373192583988,0.0,,
2021-10-20,0.0015181511350393733,0.0029332536387508346,0.0,,
2021-10-21,0.0035504947175493524,0.011793037513044434,0.0,,
2021-10-22,0.002543842846795933,0.006142452594776111,0.0,,
2021-10-23,0.0016330906212276097,0.004743753255114887,0.0,,
2021-10-24,0.0020471125786725003,0.0033994099552922354,0.0,,
2021-10-25,0.0006014151829755683,0.0021447691460145684,0.0,,
2021-10-26,0.0028020770135434698,0.005370274668392649,0.0,,
2021-10-27,0.006004375074579953,0.005228140980738817,0.0016518786175545757,,
2021-10-28,0.0030977617468083466,0.0019281095255845367,0.0,,
2021-10-29,0.001049524180222935,0.0011756392289394568,0.0,,
2021-10-30,0.001724615567916917,0.0010513774003651488,0.0,,
2021-10-31,0.0026714801248168933,0.0016725553425017158,0.0,,
2021-11-01,0.0027959411647176433,0.0014682985173243937,0.0,,
2021-11-02,0.0013251977672843523,0.0008374092602811964,,,
2021-11-03,0.0016204404807299898,0.0018141580295382338,0.0,,
2021-11-04,0.002679865179326677,0.0012255325448338272,0.0,,
2021-11-05,0.001732142943273192,0.0006357954247473643,0.0,,
2021-11-06,0.0025762947335218997,0.0009303740022872535,0.0,,
2021-11-07,0.0005219391304590386,0.0005909428820777716,0.0,,
2021-11-08,0.0009440986241344707,0.0007611143304743973,0.0,,
2021-11-09,0.0020622740396365174,0.0028977776283388365,0.0,,
2021-11-10,0.005894809371392756,0.004713883910636809,0.0,,
2021-11-11,0.00129410540092788,0.0015158372073866345,0.0,,
2021-11-12,0.002812036812991324,0.003713439058187623,0.0,,
2021-11-13,0.0005722859000750949,0.002188794578714657,0.0,,
2021-11-14,0.0010034614601040315,0.0006272506961354582,0.0,,
2021-11-15,0.0034504633827308357,0.0028573670782024,0.0,,
2021-11-16,0.008202328684384341,0.00724221697629742,0.016227175920779276,,
2021-11-17,0.003316630330882709,0.003110777450762679,0.00013632325484711058,,
2021-11-18,0.006177574549895045,0.00817989185846528,0.04826489719854897,,
2021-11-19,0.0017708831349229604,0.002525496881354582,0.0,,
2021-11-20,0.0009822403394298144,0.0014935598419920687,0.0,,
2021-11-21,0.0019445863393756507,0.0025600496969842993,0.0,,
2021-11-22,0.004659575242360196,0.005971760986612268,6.833532234046613e-05,,
2021-11-23,0.002349368074258354,0.0043946356552176475,5.6725287118763325e-05,,
2021-11-24,0.00306884640698736,0.0038814664019524965,0.0,,
2021-11-25,0.0010141997158263215,0.0013365408525688456,0.0,,
2021-11-26,0.013088807956872514,0.01049695976564529,0.0074406424759434564,,
2021-11-27,0.0015701875049706183,0.0014031524215629939,0.0,,0.0
2021-11-28,0.003579423020156566,0.004176154406502204,3.244415793362199e-05,,0.0
2021-11-29,0.0012693992071823067,0.0047922993136570655,0.0,,0.7429140071005993
2021-11-30,0.006690469783232142,0.005497707900147359,0.0,,0.0
2021-12-01,0.0030167524110070974,0.006911570643199874,0.0,,0.0
2021-12-02,0.003209844297595239,0.004475141872526352,0.0,,0.0
2021-12-03,0.00812802209513083,0.009950062176530466,0.2836322454979281,,0.0
2021-12-04,0.03278571242602093,0.013712053093572386,0.40411164811568323,,0.0
2021-12-05,0.006287346973450622,0.007129871808888802,0.0,,0.0
2021-12-06,0.005082413043579559,0.005971101245298227,0.01633297318232665,,0.0
2021-12-07,0.0030748060612644287,0.003966459912313367,0.00010749337133338132,,0.0
2021-12-08,0.0032636554160508043,0.00508701447511579,0.0,,0.0
2021-12-09,0.006461796898270852,0.0037483171760609147,0.0,,0.0
2021-12-10,0.004440455585737121,0.004531321370759134,0.0,,0.0
2021-12-11,0.002001238242774565,0.001575975711908437,0.0,,0.0
2021-12-12,0.0013527921186990077,0.001624223195234548,0.0,,0.0
2021-12-13,0.004755326400884536,0.005812056354268006,0.023427720469914672,,0.0
2021-12-14,0.002786057909423573,0.0027716660378146233,0.0,,0.0
2021-12-15,0.0031090598824572812,0.004118522076768422,0.0,,0.0
2021-12-16,0.0031599752419165838,0.00348858192147695,0.0,,0.0
2021-12-17,0.0040725302150800705,0.005472333227294461,0.0011581623961820153,,0.0
2021-12-18,0.0014152799946083145,0.0009023550500069665,0.0,,0.0
2021-12-19,0.0017486960820120355,0.003193053340118982,0.0,,0.0
2021-12-20,0.0021859809687244085,0.0035255559950094816,0.0,0.0,0.0
2021-12-21,0.0007896030277581057,0.0013056322046841899,0.0,0.10355857800763747,0.0
2021-12-22,0.0010744540123445935,0.002074773218489914,0.0,0.001007240434991337,0.0
2021-12-23,0.001060442349862824,0.0024691308898023502,0.0,0.32977237988407654,0.0004400286087792084
2021-12-24,0.0019208322821851827,0.002935837380377451,0.0,0.018926759177632056,8.417420207731508e-05
2021-12-25,0.0005969301982731263,0.0010796233634820097,0.0,0.0,0.0
2021-12-26,0.0015008500349184494,0.002387119120813643,0.0,0.009716149090597133,0.0
2021-12-27,0.001347945846946091,0.0023635829552824798,0.0,0.01981957809568759,0.0
2021-12-28,0.0036114847795071614,0.004984089732066062,0.0021786120022061215,0.05181020713966519,0.0
2021-12-29,0.0017152056562942438,0.0020677361676864313,0.04991082107212827,0.008486975664823117,0.0
2021-12-30,0.0013725181198100207,0.0027779640785289073,0.0,0.01685552525192358,0.0
2021-12-31,0.002703349954992079,0.005617147089883565,0.0,0.6589478856663352,0.0
2022-01-01,0.0008224128580794178,0.002121833861009842,0.0,0.03277247641523658,0.0
2022-01-02,0.0015659131734447845,0.002035043952629324,0.0,0.008333888503449106,0.0
2022-01-03,0.0021924845226158366,0.003093436305862821,0.0,0.014901011730295207,0.0
2022-01-04,0.004747303502998615,0.004349633851259847,0.0,0.1305565658463006,0.0
2022-01-05,0.006522769635255684,0.008087592241626113,0.14550282506866585,0.15238845604559056,0.0
2022-01-06,0.0015237954519093902,0.004058455645906634,0.0,,0.0
2022-01-07,0.0035667212120873426,0.007563950942498469,0.0033238034582481627,0.38850392763263764,0.0
2022-01-08,0.002328291298252771,0.004510876675278317,0.0035305473227657106,0.1727845350796889,0.0
2022-01-09,0.0012842268515139248,0.002770650966607004,0.0,0.07374030221124324,0.0
2022-01-10,0.003191613429018154,0.008858691325465677,0.007510792109874943,0.5035131275960386,0.0
2022-01-11,0.001243966842889165,0.002699509554752649,0.0,0.019291739873357173,0.0
2022-01-12,0.0008714504078064644,0.0014511824855751169,0.0,0.03287017923693584,0.0
2022-01-13,0.0021557994974209776,0.004777469777914161,0.0,0.01271944811379955,0.0
2022-01-14,0.0013620656414319754,0.0027239575349839356,0.0,0.03500523683628111,0.0
2022-01-15,0.0007748313391744353,0.001200567097927973,0.0,0.030116531405949755,0.0
2022-01-16,0.0012132854958526547,0.0020596754886725503,0.0,0.010967624978473615,0.0
2022-01-17,0.002305836619161183,0.004628967034352107,0.0,0.013589222166444426,0.0
2022-01-18,0.0017114779861274567,0.0039343231260756655,0.0,0.004195111664483296,0.0
2022-01-19,0.0028857368955037886,0.0024529595948181698,0.0,0.09245096210719465,0.0
2022-01-20,0.0032736841703862466,0.006634211279337163,9.673440770181235e-05,0.7167492055043186,0.0
2022-01-21,0.010646291301949046,0.020797728608986207,1.5035355859025115,0.35493343283673157,0.0
2022-01-22,0.007169931951650279,0.012837894790811837,0.021055928936822472,0.00866298470015687,0.0
2022-01-23,0.0025802947563549356,0.0031740803436088342,0.0,0.13892124093854857,0.0
2022-01-24,0.0067916539360004715,0.010083333459267993,0.0,0.010128258976707778,0.0
2022-01-25,0.002695045383771754,0.003670229157328552,0.0006419578332702622,0.10120529591862035,0.00032173766927038575
2022-01-26,0.003934408644232851,0.011170442765913686,0.0,0.16591070157197874,0.0
2022-01-27,0.003945997903546087,0.008788805006954075,0.0,0.06851404319707254,0.0
2022-01-28,0.0020561371247322124,0.0034363501725186442,0.0,0.3353942948504765,0.0
2022-01-29,0.0010787100896365494,0.0013663182121005039,0.0,0.00996531289190369,0.0
2022-01-30,0.0010551859071845605,0.0019684986114673004,0.0,0.03221147418742762,0.0
2022-01-31,0.0013723822187219714,0.0011871352085648507,0.0,0.007711877258282787,0.0
2022-02-01,0.0016808400213703782,0.0039316064069607245,0.0,0.006867722754358388,0.0
2022-02-02,0.0028132907365800773,0.007997499011423301,0.0017094798484702848,0.025414137187168104,0.0
2022-02-03,0.0021469792411341728,0.0009431331607691212,0.001146899191592087,0.0005951527195588365,0.0
2022-02-04,0.0013659946157955276,0.0016285307205317803,0.0,0.020333511753620394,0.0
2022-02-05,0.0017363329845982054,0.0026678522590975473,0.0,0.16805746918216444,0.000363808883014247
2022-02-06,0.0006810660000166944,0.0015877483782992345,0.0,0.3603560331834735,0.0
2022-02-07,0.0014485162162638809,0.0039538819937033065,0.0,0.7751421120188706,0.0
2022-02-08,0.003299091435068106,0.005152001858826856,0.0,0.9932239675883163,0.0008266663586722904
2022-02-09,0.002095939965992304,0.0031504485490818444,0.0,0.036023270890446726,0.0
2022-02-10,0.0035920264880235477,0.008854209455595476,0.0,0.4530785421777223,0.0
2022-02-11,0.0028441391732249035,0.006107133280506808,0.0,0.8128857127387843,0.0
2022-02-12,0.0012907409455225126,0.002712640204691049,0.0,0.14309215992583185,0.0
2022-02-13,0.0010085428933172592,0.0018741771324339066,0.0,0.20892776000900803,0.0
2022-02-14,0.0015495538266512925,0.0014379649466801246,0.0,0.757929999624217,0.0
2022-02-15,0.000495393333282278,0.0003154296485835191,0.0,0.02100890475391951,0.001298821338833798
2022-02-16,0.0013828070803719326,0.0023365647628647676,0.0,0.0012249117409127144,0.0
2022-02-17,0.002535187582032107,0.006674998581190511,,0.08588917520233996,0.0
2022-02-18,0.0024818709681907634,0.005535169191762094,,0.00884080161386588,0.0
2022-02-19,0.0008980864585222891,0.0014248803280983912,0.0,0.0025761199946873177,0.0
2022-02-20,0.00186386832946969,0.004970180742057732,0.00020632261392309554,0.15112387967329421,0.0
2022-02-21,0.0034372563511254196,0.010477938132524307,0.003639158842120362,0.11737736723953629,0.0
2022-02-22,0.0017679445037324763,0.0049115951104180275,0.0,0.049707180825201806,0.0
2022-02-23,0.002090517885700529,0.003417171409236355,0.0,0.059923283798378496,0.0
2022-02-24,0.004796624857465858,0.017241847488146226,0.11634608444578254,0.11890826352943366,0.005315749736505874
2022-02-25,0.002081766372790885,0.005286619017422242,0.0,0.023479990067212905,0.0
2022-02-26,0.0014857571136360113,0.0015565219402150466,0.0,0.03297261455145903,0.0
2022-02-27,0.002646473140294251,0.007398579681075239,0.013667304138359225,0.19976964562613428,0.0
2022-02-28,0.002129953599084425,0.004217874982828792,0.0,0.1399006744193344,0.05671793672832661
2022-03-01,0.001831664267143883,0.005679022798594373,0.0,0.43818419079036497,0.0007399096111446213
2022-03-02,0.0016757530658317752,0.006128626893428721,0.0,0.08629402738854834,0.0
2022-03-03,0.0019703868405163147,0.0048454571083497155,0.001497481415847011,0.22720864871494312,0.0
2022-03-04,0.003625346887291427,0.008848773911043111,6.824985804924662e-05,0.17463875842874493,0.0
2022-03-05,0.0006554176507713262,0.0006528447952157911,0.0,0.039242934597388285,0.0
2022-03-06,0.0016798326387940537,0.004284335160615126,0.0,0.10606339213869896,0.0
2022-03-07,0.002548538121431449,0.007059011088935866,0.0036999420361473207,0.04609397920521529,0.0
2022-03-08,0.002147216146558962,0.003707628576831828,0.0,0.03420315476385278,0.0
2022-03-09,0.0013720629053329539,0.0033149253387034397,0.0,0.09973540599262966,0.0003875993256840611
2022-03-10,0.002226403758544819,0.009198712916749733,3.9053014726603977e-05,0.012520388446644812,0.0
2022-03-11,0.0021489337532445254,0.007727439167352073,0.0,0.015914872259631976,6.968040367314856e-06
2022-03-12,0.0006727260120371362,0.0007933966328574682,0.0,0.0025964517232366464,0.0
2022-03-13,0.0010356137082511753,0.006873443980539519,0.0009960561423834817,0.14537526895496186,0.0
2022-03-14,0.0011219344738630749,0.004017635573860645,0.0,0.02526792278401878,0.0
2022-03-15,0.0008711922012223744,0.002277594660473446,0.0,0.01070548004749936,0.0
2022-03-16,0.002170991318936993,0.004884248947762945,0.0,0.24993160257936803,0.0004273043383913373
2022-03-17,0.000632374320547882,0.0007092050548837089,0.0,0.019340078233124468,0.0
2022-03-18,0.0007876664482208543,0.0016469206569150842,0.0,0.0017211306670829258,0.0
2022-03-19,0.0004612386762198133,0.0007189772684870444,0.0,0.00411448597181446,0.0
2022-03-20,0.0010097334270017023,0.00520679580246429,2.6472063482858635e-05,0.002732202672768991,0.0
2022-03-21,0.0009413760084974681,0.002786249162248393,8.230410684738811e-06,0.013035909168975653,0.0
2022-03-22,0.0010148671915510062,0.004770584144729692,0.0,0.039189284613632414,0.0
2022-03-23,0.0009381625691245749,0.004394689811699702,0.0,0.03242589019424242,0.0
2022-03-24,0.0005287457777565978,0.002499756155891882,0.0,0.0,0.0007460306338802737
2022-03-25,0.0011075116692751805,0.0014410138438190779,0.0,0.0669222475613623,0.0
2022-03-26,0.00026964801918443447,0.00045560381475401784,0.0,0.00014243176217879007,0.0
2022-03-27,0.0005077311884491407,0.0006699549188902588,0.0,0.007782539950798536,0.001982515868381094
2022-03-28,0.0012539946734382683,0.004762009465120222,0.0,0.14194057820271055,0.0009462395664378005
2022-03-29,0.001189427503858628,0.002539410497800778,0.0,0.0019016644128230485,0.0
2022-03-30,0.001084320859434984,0.003032600423130558,0.0,0.08600275453196778,0.0
2022-03-31,0.0024570166234685518,0.006747980124717638,0.0,0.11690613413250468,0.0
2022-04-01,0.0017483984458310814,0.005809206830644571,0.0,0.21241307138302765,0.0
2022-04-02,0.0016081045456782508,0.004826336312285901,0.0,0.003168406260931114,0.011728984735046934
2022-04-03,0.0008278772117657091,0.0013873422516630265,0.0,0.17612493692583953,0.0
2022-04-04,0.0013681003502206631,0.0028855081140019938,0.0,0.14734700811691054,0.0
2022-04-05,0.0013041880562815254,0.0018917573907813853,0.0,0.32120374267968804,0.0
2022-04-06,0.004171788689641282,0.0077524105377566105,0.0015015630086850445,0.7002599527845351,0.0
2022-04-07,0.0008957412348401296,0.0034367574395284977,0.001465385913908945,0.018101966827749713,0.0
2022-04-08,0.0015700241332177376,0.002816109191280346,0.0003898609856223418,0.015589111921956361,0.0
2022-04-09,0.000372444578790706,0.0001775991459694731,0.0,0.001651063823382316,0.0
2022-04-10,0.0011626733061921584,0.0018481365685081663,4.62426774564502e-05,0.00203822484255145,0.0
2022-04-11,0.0032303999658815532,0.009191161983648489,3.860777710001852,0.17380192295907568,0.0
2022-04-12,0.001438681585734239,0.0023587887837862257,0.0002494432220385883,0.04318147497420141,0.0
2022-04-13,0.0009940583896011176,0.0021582223714255123,0.0,0.18369710816173748,0.0
2022-04-14,0.0009766013138694436,0.0037997949997283643,0.0006391144920478405,0.015456928760134447,0.0
2022-04-15,0.0005500060195662613,0.000563819661924078,0.0,0.005952376587381648,0.0
2022-04-16,0.00031466092134693166,0.00033271282833919865,0.0,0.0005107944833132248,0.0
2022-04-17,0.0014071746047720354,0.003469867651719279,0.0,0.002191588668305462,0.0
2022-04-18,0.0016430500765835692,0.0013133617535922007,0.09984081047749445,0.06604132131294271,0.0
2022-04-19,0.00036932594438841214,0.0016261731084351474,0.0,0.020817790255521534,0.0
2022-04-20,0.0007799470148682857,0.0013776559357146644,0.0,0.0014697956791844462,0.002803112683330201
2022-04-21,0.0034762950385550046,0.006094136517093965,9.942893032437516e-05,0.12854312468802334,0.0
2022-04-22,0.0013060862759162288,0.001988624516450064,0.00038463832393757606,0.17528079673397037,0.0
2022-04-23,0.0004802906662999437,0.0023596288990215724,0.0,0.0,0.0
2022-04-24,0.0008265033945687625,0.001175255410468661,0.0,0.00735215702281429,0.0
2022-04-25,0.0014779156383211962,0.003413550489219613,0.0003818200227419815,0.006179058803668947,1.965642479122905e-05
2022-04-26,0.002441714139863933,0.008110878263765059,0.000138111062953825,0.014240054163016786,0.0
2022-04-27,0.0009979626163796182,0.0031460598986675806,0.0,0.000846091682331164,0.0
2022-04-28,0.0012594685475067439,0.003300134474307506,0.0,0.021545362739455964,0.0
2022-04-29,0.00299117617159972,0.0028951793243626855,0.0,0.0117682272687381,0.0
2022-04-30,0.0020467555628452703,0.0018551904673409843,0.00567481382908484,0.0006400743268978595,0.0
2022-05-01,0.001089728262956655,0.001797535538604167,0.0,0.006797237696791045,0.0
2022-05-02,0.0014441034353475653,0.004624441463104981,0.0,0.0003054299903980712,0.0
2022-05-03,0.0007048644438221659,0.002921421132839207,0.0,0.0017577771185810901,0.0
2022-05-04,0.0006567991684464819,0.00382533470818839,0.0,0.11589437348810018,0.0
2022-05-05,0.0024900039256453006,0.005226763087312075,0.011265413192785812,0.05665888859696142,0.0
2022-05-06,0.001980704601603086,0.0056944977264937625,0.0003890131633146903,0.003217157809442316,0.0
2022-05-07,0.00086703220012916,0.001636371602011213,0.0001387744256582361,0.0018276438886308253,0.0
2022-05-08,0.0014906048264100719,0.006909478406087304,0.0003676172886244388,0.0022099889346663287,0.0
2022-05-09,0.0071673824965264865,0.014538085934417598,0.0929910299409899,0.0072957061392922885,0.0
2022-05-10,0.005495646941897659,0.018797461189917226,0.00023448952598963452,0.0019297751935733864,0.0006635976054768383
2022-05-11,0.012131459393337764,0.015546265773964084,0.038568392224913595,0.037541713123775446,0.0
2022-05-12,0.0077569875192652505,0.03074668634974848,0.01380981441423584,0.035509248284662426,0.0
2022-05-13,0.004146911322070001,0.006447939508272798,0.0,0.0,0.0
2022-05-14,0.0016516430799859661,0.00231764798560871,0.0,0.0,0.0
2022-05-15,0.0013988524423354171,0.0018588281750222737,0.0,0.0,0.0
2022-05-16,0.002503918141931069,0.014518358964208932,0.00010150726045154303,0.03270443458911595,0.0
2022-05-17,0.001870615136813161,0.0022094600854418935,0.0,0.0015077874350503118,0.0
2022-05-18,0.002555941586816114,0.005975840049971824,0.0,0.037320119070606186,0.0
2022-05-19,0.0013518242108163157,0.0008391534278269973,0.0,0.002063230683774986,0.0
2022-05-20,0.002059368248433128,0.004064583442621356,0.0,0.005303172407472263,0.0
2022-05-21,0.00044168666056607704,0.00038595475293685803,0.0,0.0029436099565698956,0.0
2022-05-22,0.0005321047236228296,0.0011928467225691306,0.0,0.0024928812675711503,0.0
2022-05-23,0.00238965809861416,0.00410426446870647,0.0001279200910106173,0.0024064353482339787,0.0
2022-05-24,0.001261495789120893,0.0017294797594454819,0.0,0.00812630155084818,0.0
2022-05-25,0.00149630803608694,0.002044900125300794,0.0,0.028994531249053167,0.0
2022-05-26,0.002725702851996416,0.006692446869074324,0.0017354807111398575,0.007588778078280731,0.0
2022-05-27,0.0026459380472175424,0.0020247834570747444,0.0,0.04291438038507009,0.0
2022-05-28,0.00015745981687222376,0.0001308688244768057,0.0,0.0,0.0
2022-05-29,0.00034270377362787723,0.0007508663595354242,0.0,0.005315447209609184,0.0
2022-05-30,0.000999729408418726,0.004920798111490322,0.0,0.0,0.0010082115341716142
2022-05-31,0.0009377326880912407,0.004775157301079455,0.0,0.02648076914835945,0.0
2022-06-01,0.002598537551707141,0.008046684617765943,0.0002050104949225741,0.05838403133074368,0.0
2022-06-02,0.001233538053346232,0.0017869843677481595,0.0,0.005669130047410638,0.0
2022-06-03,0.0016892174970878178,0.002915908450011865,0.0,0.041904154211523284,0.0
2022-06-04,0.0004697155462544431,0.0009676956621626818,0.0,0.0005803069038408306,0.0
2022-06-05,0.0007514324648505027,0.00027354009510174626,0.0,0.006560751273718227,0.0
2022-06-06,0.0006466489341172871,0.0008131028943677499,5.247313455014023e-06,0.21395697140916414,0.0003638496689085527
2022-06-07,0.0031327643832510287,0.004422231502898188,0.00010285680388936761,0.07850505881092255,0.0
2022-06-08,0.0020504041638691704,0.0071326453202534695,0.00011521069646970008,0.3157610294449114,0.0
2022-06-09,0.0010806900375726462,0.0008564516360952276,0.0,0.025740141371175054,0.0
2022-06-10,0.0016828518279626353,0.0020664233278875556,0.0010270085896818314,0.013267844261834714,0.0
2022-06-11,0.0028480157090348974,0.001984485078593473,0.0004006021619336044,0.0032103222764051365,5.3821312810665275e-05
2022-06-12,0.0030770921102752174,0.00574815524802845,0.008196501875925789,0.03879241786980587,0.0
2022-06-13,0.011247694782611515,0.02284278568448681,0.28935584079092647,0.06758654169194421,0.0
2022-06-14,0.008541041093338685,0.014812529682099363,0.0006539324774983257,0.04502290568769693,0.0
2022-06-15,0.008243646986936736,0.019269920081971544,0.02029731010063481,0.006334500565578777,0.00037584657229212747
2022-06-16,0.005788315928286005,0.00913456015791968,6.079720915851655e-05,0.0007841638036437321,0.0
2022-06-17,0.003448679044513162,0.0038850593094555777,0.0,0.0040538455166664634,0.0
2022-06-18,0.007606588084811956,0.01017908028298295,0.29297659973660806,0.0023985645752880387,0.0
2022-06-19,0.004829545014861238,0.007178348795167155,0.0,,3.350119322820425e-05
2022-06-20,0.005132378372685131,0.005213856552958053,0.0,0.003104938114269776,0.0
2022-06-21,0.0026722921502229263,0.0035810385190452715,0.0,8.879630999449727e-05,0.0
2022-06-22,0.003513790830229038,0.005572915700962308,0.00040707989804401906,0.0011099798960084292,0.0
2022-06-23,0.0014709011005461983,0.0009413321706216563,0.0,0.0005043579058919763,0.0
2022-06-24,0.0020409523530520368,0.002368344819226447,0.0,0.00633054393236565,0.00020537318827431718
2022-06-25,0.0011862325513951994,0.0012946146396929084,0.0,0.0027200368216338507,0.0
2022-06-26,0.0010057860403787013,0.0008172536867239202,0.0,0.004034480862442193,0.00035058030203745355
2022-06-27,0.001685889374379895,0.0014808190434647138,0.0,0.00338153079224496,0.0
2022-06-28,0.001967556835134219,0.002049614509564073,0.007081856510468562,0.0003257512893893292,0.0
2022-06-29,0.0015505933942114706,0.0014830131314185059,0.0001722786303162197,0.0009630138340541487,0.0
2022-06-30,0.002136747771094871,0.005875820743957877,0.01711926949415617,0.009540260161058392,0.0
2022-07-01,0.003167487002153929,0.003538789983615607,0.0005896252707205873,0.0007238680355984216,0.002501115466827172
2022-07-02,0.0008623141240738862,0.0010836493630270064,0.00031219616619441933,0.001164734975215658,0.0
2022-07-03,0.0015701675406294435,0.002607362990412977,0.005182395190248048,0.007444063411204939,0.0
2022-07-04,0.0013414565141106822,0.0009665414779356069,0.0,0.0024513699533859237,0.0
2022-07-05,0.0027097118579976803,0.0033573360646881084,0.0005982161707849148,0.10170984133568564,0.0
2022-07-06,0.0030834913734028254,0.0024681190997829475,0.00019895747106736438,0.020326005329700678,0.0
2022-07-07,0.0007991550426948715,0.0012880903584795115,0.0,0.005010851253848032,0.0003056297483008367
2022-07-08,0.002754065240215308,0.004100646707997994,0.00025744729353617416,0.02537299472752429,0.0
2022-07-09,0.0009621673912446459,0.0017829060884236765,0.0,,0.00015387840419996582
2022-07-10,0.0012824831351068893,0.0024728300346442906,0.00040394973291904134,0.0,0.0
2022-07-11,0.0018373067509364599,0.005504503499991263,0.0003277243630823838,0.00627257003336121,0.0
2022-07-12,0.002820675240125331,0.004326977875295806,0.0020539016026487854,0.003515002982418677,0.0
2022-07-13,0.0020610513411677333,0.0036500823978922845,0.00665008900093582,0.025057084665068154,0.0
2022-07-14,0.0018817131875519756,0.002087640310354745,5.6603036989681175e-05,0.011246560797684197,0.00011780329778773118
2022-07-15,0.0015018228580568835,0.002686763229047734,0.0,0.005516689538812527,0.0
2022-07-16,0.0018668051162365428,0.002380791292709604,6.713288730394886e-05,0.00023628821193295935,0.0
2022-07-17,0.0012921600065678208,0.002523401077037257,0.00025948142249357863,0.16150691484664395,0.0
2022-07-18,0.0033404109357586314,0.0030235925240917677,0.00026636386309251904,0.1491865108743238,0.0010698362488885521
2022-07-19,0.0028075246868774027,0.00402487294703736,0.0,0.4193076594013604,0.01302429660623549
2022-07-20,0.0035184683783588398,0.007646313358890787,0.0004422857364942748,0.0541993486843701,1.4346410002049897e-05
2022-07-21,0.0021192574536707917,0.005166502698456444,0.00033021930938479326,0.032785169094672044,0.0
2022-07-22,0.0017086921711867156,0.002363160913222956,5.3557521122916963e-05,0.005840889425556082,3.331085871286379e-05
2022-07-23,0.0013235681882690748,0.001483357007997839,5.69096216996677e-05,0.011902836039158884,0.0
2022-07-24,0.0014002579417515507,0.0012368121855976448,0.0,0.008718194015581016,0.0
2022-07-25,0.0031494065824355924,0.004323821549816914,0.0014232736232052858,0.013189355675191425,0.0
2022-07-26,0.00210908719969506,0.003905538118627731,0.0,0.010684167229460017,0.0
2022-07-27,0.0009488758040436608,0.00039682829223719376,0.0,0.008430044261946443,0.0
2022-07-28,0.001935089842814608,0.0024817124534607994,0.0,0.0058318871415666594,0.0012716127132188146
2022-07-29,0.0017299587033550213,0.0014710750145289363,0.0,0.012549468780021967,0.0
2022-07-30,0.001000006020114571,0.0014560875034376846,0.0004480330824031923,0.001547870428241884,1.1996254453828373e-08
2022-07-31,0.0015222462913370052,0.0012404271085879447,7.382468330122394e-05,0.0030394714555894847,0.0
2022-08-01,0.001715292668121399,0.001443268142860523,0.00047944170908708836,0.0009880629810490515,0.0
2022-08-02,0.0025638725691393034,0.001514234332265305,0.00012313780781860956,0.008212407461433324,0.0
2022-08-03,0.0018823108101463566,0.0011234478730203629,0.0005930356992914147,0.0133471659659046,0.0
2022-08-04,0.0013754866020453448,0.001148196783483127,0.0003994694273243701,0.020950986174812967,0.0
2022-08-05,0.001198569519699959,0.0021275264882434225,0.0,0.006511864939384752,0.0
2022-08-06,0.0005009073286021733,0.00036619350924783743,0.0,0.00021050803466622796,0.0
2022-08-07,0.00042920788554031715,0.00019047394893858193,0.0,0.002509134429662532,0.0
2022-08-08,0.0011544368818153226,0.00038427661907384727,0.0,0.007808108913730274,0.0
2022-08-09,0.001984317731346779,0.0016946484397547493,0.00015874629317607532,0.040112573898438954,0.0
2022-08-10,0.0015600440312444148,0.0019461681856726188,0.0003541059196092956,0.1803447523023451,5.1111073702508905e-05
2022-08-11,0.0019918615522110713,0.0041098936628476395,0.0001436176570538202,0.012064067875442156,0.0
2022-08-12,0.000981320822600497,0.001992529256300452,0.0,0.004481189035061513,0.0
2022-08-13,0.0009718934152467568,0.001560221313771062,0.0,0.006056548953983911,0.0
2022-08-14,0.0012165720309691606,0.0007897929998329256,0.0,0.0026731173381428185,0.0
2022-08-15,0.00253493507166727,0.007427192154497776,0.0,0.00018132985313899422,0.00032442613102768854
2022-08-16,0.0015927534508956454,0.0008417725117161647,0.0,0.0,0.0
2022-08-17,0.0018231813735933922,0.0019216633670683472,0.00035218038377460065,0.02460074548096757,0.0
2022-08-18,0.0011931104228558068,0.0003179198299805693,2.336245479239007e-05,0.0018110851618738948,0.0
2022-08-19,0.0041059512123973315,0.0024604483648683335,0.14064563388500886,0.11187081863938504,0.0014851921393821861
2022-08-20,0.001170365119709744,0.0013681733088031015,0.0,0.0060707051917876466,0.0
2022-08-21,0.0009350328200942978,0.0007665442069540818,0.0,0.001925961297493143,0.0
2022-08-22,0.0014715028551498539,0.0015803766193295645,0.0,0.06695455585093715,0.0
2022-08-23,0.0008965131136742837,0.001779809649123152,0.0,0.003789819881949416,0.0
2022-08-24,0.0012588034464345857,0.0017958039679238473,0.0,0.0023934540521438775,0.0
2022-08-25,0.0007823666379949022,0.0006452526755002518,0.0,0.000938160675777726,0.0
2022-08-26,0.003084072779024793,0.0018899748802713942,0.005883850182406846,0.0028883872299835553,7.360390015126081e-05
2022-08-27,0.0009513860562272705,0.0009880352672941338,0.0005105828302729923,0.0003352029666031094,0.0003197944893958828
2022-08-28,0.0012950081373192754,0.0006070419511480897,0.0002146533178862557,0.011496158177224157,2.8121594268708157e-05
2022-08-29,0.0006126479119710821,0.0004322665884820335,0.0,0.0008077791115870375,0.0
2022-08-30,0.0025564561513446936,0.0032753246898709434,0.00021993498670996409,0.026216865651794267,0.0
2022-08-31,0.0018115556668897265,0.0009780982401297147,0.0,0.08659777471199154,0.0
2022-09-01,0.001176821949538837,0.0017454552905196772,0.0,0.01953944714210566,5.033376958135374e-07
2022-09-02,0.0022950306041087626,0.0021952006090859475,0.0,0.003533728287628223,0.0
2022-09-03,0.00034804071579954283,0.00020438492884166753,0.0,0.00043844631107401377,0.0
2022-09-04,0.0005159677526900049,0.0003338080533121701,0.0,0.00016515772748578513,0.0
2022-09-05,0.0011021750429096298,0.001078370824722344,0.0,0.0008865587093538627,0.0
2022-09-06,0.0030163552619291256,0.0037225308990325163,0.019529344055929498,0.011651981271810948,0.0007097403255232219
2022-09-07,0.0016257190059382432,0.00042338354637166156,0.00039381230826734313,0.00295776045913695,3.6992646557484026e-05
2022-09-08,0.0014569405482260489,0.0024448896957236605,0.0,0.0,0.0
2022-09-09,0.0010782655723406266,0.0009970706235381253,0.0,0.005029502578460915,0.031337400288792575
2022-09-10,0.0009325605271301319,0.001284874885625474,5.4550773260926486e-05,0.003711948873161882,0.0
2022-09-11,0.0007102950854509592,0.0011964687701623887,0.0,0.0011698379850115866,0.0
2022-09-12,0.0010712098220744045,0.0020983429861681233,0.0,0.030623019166257596,1.5748469204365465e-07
2022-09-13,0.0046883790956522495,0.007653719372619584,0.06804589381332349,0.007504516459923143,0.0009024927707287415
2022-09-14,0.001869913772716406,0.0017728733181128502,0.0005270344160186807,0.0008716687958670643,0.0
2022-09-15,0.002262883606675925,0.002314639454552762,0.0002561113236697428,0.008112920913703052,0.0
2022-09-16,0.0008865417509059875,0.0008026131284694766,9.496448322060503e-05,0.0036938891383514103,0.0
2022-09-17,0.0006905425573174614,0.0005392689677461387,0.0,0.0021571362313057194,0.0
2022-09-18,0.0019277699067172824,0.0017054724522030476,1.3354641568703672e-05,0.003453622308825775,0.0004612373019971122
2022-09-19,0.002338316108902622,0.002707438102293484,0.07503723684166225,0.0010679114362330904,0.007484788394942596
2022-09-20,0.002472470825458001,0.0026805956366057287,0.0,0.0,0.0
2022-09-21,0.0027807064221639544,0.00348402832982086,0.0009682211031073988,0.0008147600794721172,0.0001923052880446402
2022-09-22,0.0016224946380609948,0.001983719625582593,0.0,0.0005624107650508818,0.0
2022-09-23,0.0028484816365195956,0.002325781604599998,4.888614972026326e-05,0.0006057876098999317,0.0
2022-09-24,0.0015898115640372572,0.000352711004079395,0.0,0.00015192440060625867,0.0
2022-09-25,0.0008571586319041611,0.0006904309575291627,0.0001802650919566701,0.00036878258104352846,0.0
2022-09-26,0.0015600573448472847,0.0011239733457580911,0.0,0.0018721173008283951,0.0
2022-09-27,0.0032589012790563933,0.005567054303004682,0.0003089426421558605,0.005498386162313583,0.0030540168985714504
2022-09-28,0.0027177271581625946,0.0025751903827778925,0.0005725780690741647,0.006308485817891214,7.411851643582332e-07
2022-09-29,0.0019671502892615843,0.0020010308661865695,0.00014373929426949206,0.006039396634287995,0.0
2022-09-30,0.0019965431259556716,0.004745611120964363,0.00011291891530981896,0.005180927179374184,0.0
2022-10-01,0.00033506833057492626,0.00029943118289040867,0.0,0.0023628389446610797,0.0
2022-10-02,0.0009021564660720373,0.0004909625868047672,0.0002176468425002291,0.004328101044634214,0.0
2022-10-03,0.0005500760394241964,0.0016609847947949227,0.0,0.003351672221235608,0.0
2022-10-04,0.0011818851478361432,0.0012106443428487818,0.0,0.004586119123444635,0.0012114129706916885
2022-10-05,0.0009086766149350675,0.0009686553385261469,1.2246119588449084e-05,0.01208115651129906,0.0
2022-10-06,0.0007378387851176611,0.0008906491136343004,0.0,0.010255893942380273,0.0
2022-10-07,0.0013145847400133311,0.0022483851828647744,5.225069072453471e-05,0.00610925849500734,1.1355676686227105e-05
2022-10-08,0.00039046897045367227,0.0004112490533402006,5.141427419086514e-06,0.0,1.296894746278609e-05
2022-10-09,0.0001243283054812553,4.432015652832773e-05,0.0,,0.0
2022-10-10,0.0013413475907800706,0.0021808391516599263,0.00021019638692661087,0.0015656321374850342,5.6398216552877285e-05
2022-10-11,0.0010174656123810501,0.0024848856283217428,0.00022617049025695353,0.008886682600371601,0.0
2022-10-12,0.00011161795623086555,8.951443779275934e-06,0.0,0.00042078247125400194,0.0
2022-10-13,0.0016666677008646223,0.0031049500545930237,0.039536922190998865,0.013056016775729798,0.00026374268077091644
2022-10-14,0.001541219178254433,0.0016380562384397976,0.00014639072088967642,0.02100599436419113,6.020360740210277e-05
2022-10-15,0.00024933192262397536,0.0016614955272678802,4.7151829568468975e-05,0.0011419698977173417,0.0
2022-10-16,0.00041934033545394525,0.00015064553188914157,0.0,0.0,0.0
2022-10-17,0.00029842875693505695,0.00045459969090849863,0.0,0.004882169737163857,0.0
2022-10-18,0.0009322533460652444,0.0007249611691633524,5.9782399491126565e-05,0.07134654937194773,0.0
2022-10-19,0.0006739413802286488,0.0002188924041445662,0.0,,0.0
2022-10-20,0.0009121317444848279,0.00170320284787601,0.00015810539451493907,0.001068346868891732,0.0
2022-10-21,0.0006362435523024317,0.0007268646831262685,0.00033673392077289367,0.009990505248808549,0.0
2022-10-22,0.00018241684986879415,1.9319645865117596e-05,0.0,8.892736823179216e-05,0.0
2022-10-23,0.00017752572617205976,0.0001268881355178369,0.0,0.00028178061499176414,0.0
2022-10-24,0.00045391556362553014,0.000665622452594246,0.0,0.0007539724091428276,0.0
2022-10-25,0.0006734567592987129,0.00037764567733574985,0.0,0.0010349397757176916,0.0001511610540289701
2022-10-26,0.0009893419733933936,0.000778387157007452,0.0,0.0050749321285618555,0.0005331394447202243
2022-10-27,0.001117203374807013,0.0010359763770697128,0.00018902096235411277,0.004801290199888695,0.0
2022-10-28,0.0010829511263904341,0.0003566842630903124,0.0,0.0025329694068141045,0.0
2022-10-29,0.0008262307119566694,0.0022623339298018528,0.0,0.0008436975728353807,0.0
2022-10-30,0.0006783369026915591,0.0002535111765656319,4.415944201847906e-05,0.000543924514102125,0.0
2022-10-31,0.0008812198268670895,0.002326496378286817,0.00029128403698023994,0.0040929911243421345,0.0
2022-11-01,0.0004271054920156571,0.0001491765347722193,0.0,0.0006780326517427352,0.0
2022-11-02,0.0015188936079950507,0.000949448706242119,0.00015795353500567177,0.0068030844415264986,0.0
2022-11-03,0.001372680840585364,0.000678905843449691,0.0,0.0017574210925646442,0.0
2022-11-04,0.0007793217814540365,0.0004801064933518271,0.0,0.002314544444868132,0.0008558379719812321
2022-11-05,0.0003604236532064124,0.0002391838593440351,0.0,0.0013239302430784461,7.481483290320462e-05
2022-11-06,0.001391311494252651,0.000929581887661268,6.541264570591161e-05,0.002312239055217255,0.0
2022-11-07,0.0022678151337407215,0.0015873698785434766,0.00016711414795597012,0.004689784751990684,0.0
2022-11-08,0.011078093192919034,0.016726128626903362,2.168913584013322,0.005319932976726839,0.001856176549181461
2022-11-09,0.010305023593629612,0.011933307116173764,0.07877774007121612,0.010873804815458157,0.001931928899393315
2022-11-10,0.004766808904794307,0.009256646969519128,0.0002088720086361049,0.001964794273039147,0.003289173189986266
2022-11-11,0.0030444780251568967,0.007540473494122115,0.006705478000151193,0.011892464961232321,0.0
2022-11-12,0.0012339567568129411,0.0009385214103447279,0.00014789575407855878,0.0032874260281205697,0.0
2022-11-13,0.00134640476910742,0.0018438638089792647,0.0034717705872787186,8.853581352082006e-05,0.0
2022-11-14,0.003158323918900042,0.003704870520791951,0.00068856560924255,0.0009710568903589716,2.5595538528519174e-05
2022-11-15,0.0018593774779947384,0.0026705748488308374,7.612626277108284e-05,0.007304575636524396,0.0
2022-11-16,0.00125115779662555,0.0011263906671000726,0.0,0.0,0.0
2022-11-17,0.0011583234856424552,0.0005384410673290183,0.0,0.00044890349755996215,0.0
2022-11-18,0.0006935402852513352,0.00033745327308804337,0.00013936704247263494,0.006401588437351558,0.0
2022-11-19,0.0003890232529523033,0.00013229131634655592,0.0,0.0003912883635055882,0.0
2022-11-20,0.001117530226541264,0.0007606730906198544,0.0003350337079471892,0.0004697331059320482,4.429834345984886e-06
2022-11-21,0.001593461396268098,0.0025451605498874605,0.0010337142434819915,0.015529545923073323,0.00019326842779367396
2022-11-22,0.0010909638565806182,0.0006756449378325126,0.0,0.0006970795488236215,0.0
2022-11-23,0.0012167800667778185,0.000876580852324958,0.0,0.0020916905189461367,0.0014554183316284723
2022-11-24,0.0006571223985773271,0.00043872718160914594,1.0996938858161681e-05,0.0018235414202039627,0.0
2022-11-25,0.0005763989219453958,0.0006338638569484774,1.2535440359711033e-05,0.0006317391941108785,0.0
2022-11-26,0.00038225683930575714,0.0002711363107812744,2.213671646880271e-05,0.0003465424710968174,0.0
2022-11-27,0.00023521797895735273,8.659197225286119e-05,9.242774303615212e-06,0.00021911714655572864,0.0
2022-11-28,0.0018592345251315454,0.0018939520610214459,0.00021983704375233478,0.006646069883745817,0.0
2022-11-29,0.00030984813762672457,0.00019999133276063798,0.0,0.00011579372092053085,0.0
2022-11-30,0.0007236939377734618,0.000794794721443293,6.327593759475363e-05,0.0065983443709498775,3.6587893744299665e-05
2022-12-01,0.000637036277854605,0.0008462426568387107,0.0,0.0012928850928470533,0.0
2022-12-02,0.0005363510953213985,0.0003901472594298742,0.0,0.0003700668422111087,0.0
2022-12-03,0.0005976784879220147,0.0012620502396381778,0.0,0.0003934284256063156,0.0
2022-12-04,0.00021358896382293524,8.645443233238874e-05,0.0,0.00011512321447549718,0.0
2022-12-05,0.0007800935268764675,0.00043167699804328504,0.0002244917568774576,0.00028307033862987074,0.0009589535121522228
2022-12-06,0.0005817595099543156,0.0002935590810831,0.0,0.0010738716863723555,0.0
2022-12-07,0.000651572917269298,0.0004024938047083863,0.0003768672181715802,0.0010515095800283075,0.0
2022-12-08,0.0005461210372639561,2.1491816753545376e-05,0.0,0.0025818925053880354,0.0
2022-12-09,0.0002365567616981215,8.378035863920404e-05,0.0,0.00015957026621644976,0.0
2022-12-10,9.703890641311418e-05,1.845558143045329e-05,0.0,0.0,0.0
2022-12-11,0.0006286498940678984,0.00011224899078316318,0.0,0.0,0.0
2022-12-12,0.0007785644069784151,8.459967392927635e-05,5.665774807196173e-05,0.001616156077687039,0.0
2022-12-13,0.0010182932724175735,0.0008408418939891644,2.531678432859209e-05,0.0005714742916958551,0.00015413565761540765
2022-12-14,0.0008922451881724747,0.000592870376476484,0.00064628996645532,0.0,0.0016749860926570086
2022-12-15,0.0010789670698932434,0.0004965009360085535,6.010750158503151e-06,0.0038300950880427466,0.0
2022-12-16,0.0028712239512094823,0.0017583514972223143,0.002946923370071051,0.03594362930963645,0.00014921658682627844
2022-12-17,0.00036016502179663266,0.00014078281810389037,0.0,0.0,0.0
2022-12-18,0.00040939073406108366,9.757561684141885e-05,0.0,0.0012215270104679312,0.0
2022-12-19,0.0015811691680394087,0.0003797854987807862,0.004882972623976342,0.0009408662439676046,3.3609317285858146e-05
2022-12-20,0.0005056928367151101,0.00022460714797833744,0.0,0.00029692516284854923,0.0
2022-12-21,0.0006111280451278815,0.0004144188375744727,0.0,0.0003514940972352165,0.0
2022-12-22,0.00045832043882937807,9.904114038007897e-05,7.267814345576049e-05,0.0003782597137214945,0.0
2022-12-23,0.00039254480261942057,0.000212386050585928,0.0,0.0,0.0
2022-12-24,1.734622227032908e-07,0.0,0.0,0.0,0.0
2022-12-25,0.00013845842935041085,1.95860508538446e-05,0.0,0.0,0.0
2022-12-26,0.00012367899644749177,3.454067969416366e-05,0.0,0.00024162364665126829,0.0
2022-12-27,0.0004232135736339629,0.000343885001238388,0.00016291122806480528,0.0,0.0
2022-12-28,0.0009127604037917957,0.001704657851375705,6.0024902543835736e-05,8.823229145345798e-05,0.0
2022-12-29,0.0009882134163558787,5.213002266670711e-05,0.0,0.00021007346476364466,0.0
2022-12-30,0.00034692046178223226,0.00035884620716783753,0.0004960034806371293,0.010443999607073168,0.0
2022-12-31,0.00023608350558951735,0.0021074210609299177,0.0,0.0018031490872216633,0.0
2023-01-01,2.3848327430259856e-05,0.0,0.0,,0.0
2023-01-02,0.00020882479966384909,0.00047576139874256853,0.0,0.0011074262188508707,0.0
2023-01-03,0.0003752410411772331,0.00011069999304563183,0.0,0.0003458672565858952,0.0
2023-01-04,0.0003491360117362179,0.0003294454064774563,0.0,0.009716709707332035,0.0
2023-01-05,6.368052683258709e-05,1.277177315434632e-05,0.0,0.0005979105097609659,0.0
2023-01-06,0.0004891430465755591,0.0002496608152769454,0.0,0.0003675763047442952,0.0
2023-01-07,1.289209933760678e-05,0.0,0.0,0.00010107852899067373,0.0
2023-01-08,0.0003965173771107347,0.0,0.0,0.00012171363017311191,0.0
2023-01-09,0.0008640256991961406,0.00022257399443241553,0.0,0.005843377840846268,0.001167769245377555
2023-01-10,0.00016818371561438847,5.3862701989176736e-05,0.0,0.0022536666018752676,0.0
2023-01-11,0.00037092595536276186,0.0001248118275300582,5.493729187669116e-05,0.001990808968041259,0.000585011262879179
2023-01-12,0.0021979143064887138,0.0016052999101545187,3.171920458338198e-05,0.007212520510707685,0.001985026353447462
2023-01-13,0.00117649480043772,0.0008257679296768191,3.0476728336056753e-05,0.012343405113283577,0.007867721757493269
2023-01-14,0.002864804601850908,0.006849699307242892,0.00022808909630962301,0.015099608508460744,0.029006751897118207
2023-01-15,0.001240271503374401,0.0005715553612134446,0.0,0.0025902720653966285,0.0
2023-01-16,0.0015273693572682321,0.0016616460843472426,0.0010015472952361402,0.006285691724394168,0.007113431565640781
2023-01-17,0.0017937939979540654,0.0013350019238019,1.140729911661022e-05,0.010800752626319849,0.00036587233649978756
2023-01-18,0.002442501162089227,0.003272506824741753,0.0006777183664561152,0.009388592718933081,0.012518283959525716
2023-01-19,0.0005787479540667823,0.00021123265555650722,0.0,0.004585990170341667,0.0
2023-01-20,0.0007945692328036773,0.0013833536259488309,0.0,0.0022664495362912846,0.022165127207525448
2023-01-21,0.0015710999536349692,0.0013377963116773782,5.19642382013678e-05,0.012822934535840613,0.011133067539248712
2023-01-22,0.0011141352745603192,0.0017985136253558956,0.00014336365421976896,0.00758458637220361,0.0
2023-01-23,0.0008057443560932834,0.0009242409954903651,0.0004188701698733558,0.009596212352442561,0.0
2023-01-24,0.002278624109288126,0.0008415205424218068,8.206761316407547e-05,0.008117209628253082,0.0
2023-01-25,0.00162610437444824,0.003732999827899776,0.0009555100574413811,0.007525841421335655,0.002983906578851873
2023-01-26,0.0009437620268878822,0.0008138152291362247,1.5673231216089905e-05,0.005759227321748482,0.0
2023-01-27,0.001309866780322182,0.0010376222163300801,0.0001912346532700435,0.014254448020775388,0.0
2023-01-28,0.0005099284503981344,0.0006478248869594708,7.816159121839123e-06,0.0016802950940613796,0.0
2023-01-29,0.0004896350178970758,0.00044611495708167347,0.0,0.005163602577405852,0.003039625175108728
2023-01-30,0.0023407183054210416,0.004464126921998129,0.00100080198357848,0.0027897919406603086,0.0
2023-01-31,0.000818275196232692,0.0005704791206356496,0.0,0.0034582128618563706,1.0351542193442797e-12
2023-02-01,0.0009155066230474836,0.0007414970609604144,1.3366769279352968e-05,0.011409273891667912,7.986615647155833e-06
2023-02-02,0.001957264942058345,0.0037347787813240612,0.00010729953179229763,0.012922969369144534,0.0016628906392239
2023-02-03,0.0009065917552467591,0.0035747416897260907,2.7487959603893078e-05,0.0036735930616547817,0.0
2023-02-04,0.0005040123277654907,0.00016340495641018732,0.0,0.00020297300948139365,0.0
2023-02-05,0.0010291447589624652,0.0006750230604674498,0.008428251638520852,0.0008303935738237659,5.696562632743741e-09
2023-02-06,0.0011476966365574516,0.0011059201133479157,0.000269344292550289,0.0005104078862654152,1.5233634501497912e-05
2023-02-07,0.0006353805737626225,0.0011034196112855023,5.08169990127164e-06,0.0001087906665011578,0.0
2023-02-08,0.0013748317882680682,0.0014591966769737042,5.8222280370305185e-05,0.00041997223068005574,0.0
2023-02-09,0.003906495369183568,0.0018911793290101002,0.01677285888047848,0.0077506820102885765,0.00012080754779902356
2023-02-10,0.00076283928305988,0.0008321414819352632,0.0006541127190348639,0.0030368117158300124,4.808156847151944e-05
2023-02-11,6.759754819000348e-05,1.990518070854096e-05,0.0,0.0025795849799578672,0.0
2023-02-12,0.0007093227309428208,0.0004221625267319575,0.0,0.0018458073766217382,0.0
2023-02-13,0.003750786464486499,0.002391270913385887,0.00028218117989610924,0.0013772607474650596,5.008399883000359e-06
2023-02-14,0.0011977872971199247,0.0007490656417193687,0.0,0.003796116297200879,0.0
2023-02-15,0.0007543631620371725,0.0009464539821792936,0.0,0.009585022641053239,0.012391480445595538
2023-02-16,0.003245793624741558,0.004852488776710027,0.0005883097684315352,0.0025430484635916,0.039960951953830585
2023-02-17,0.002418862037092061,0.004331427714274261,3.082621612686479e-05,0.0017216769184949352,0.0
2023-02-18,0.00047285179371085316,0.0007280085335633613,2.9966460222298556e-06,0.00204335321613304,0.0
2023-02-19,0.0009923912092924825,0.001224415464707857,7.179122190552366e-06,0.0006074710401791357,0.0
2023-02-20,0.001612626085666621,0.0030098291285280696,1.8744412027282673e-05,0.0025004236950354765,0.0
2023-02-21,0.002431901355569908,0.0026537660980904283,8.067978539641245e-05,0.016467945033292092,0.0
2023-02-22,0.0030612850792634976,0.0019232081092471322,0.0002516361615610981,0.0019578507709717584,1.3837580290511575e-05
2023-02-23,0.0022703965114451515,0.0030067745510054503,1.7976854983698194e-05,0.002459095138988503,6.056103019899527e-06
2023-02-24,0.002677226672592439,0.004701925923141618,0.006884651123064957,0.00439272734642792,1.1743562801507608e-06
2023-02-25,0.0014792238582520495,0.000635006928052602,0.00012556445655546237,0.0007127844733162786,1.2868271250667274e-05
2023-02-26,0.0006811624923442162,0.0006545747752267722,5.456200204731312e-05,0.001054320501521986,0.0
2023-02-27,0.0016612930764068935,0.003567697509219328,0.00014050068034793597,0.0011957145354977606,0.0
2023-02-28,0.0017907676212691457,0.0009398504555765452,6.789416429794681e-05,0.0016446626507167746,0.0
2023-03-01,0.0025462254136237434,0.0011338660622174609,0.0,0.002316529183378134,0.0
2023-03-02,0.0010749559600729019,0.0007094359522664296,0.0,0.0004444915596409566,0.0
2023-03-03,0.00232792211559272,0.0022742767213939897,0.16430061659468836,0.019075452128993937,0.00022071475564142064
2023-03-04,0.0008390911163205773,7.713626515146909e-05,3.052884476260202e-06,5.440307247729087e-05,2.5075673780309337e-05
2023-03-05,0.0004181115644616734,0.00013861811449333993,4.651752426451213e-05,0.0001146857515739855,0.0
2023-03-06,0.0011368722015043316,9.78496611666328e-05,0.0,0.027236804852867936,0.0
2023-03-07,0.0011345927285548178,0.0008181357756716502,0.0003492697242478122,0.00570473152405094,2.888740281344332e-05
2023-03-08,0.00164369686511316,0.0007241000373532916,0.014601260663060884,0.0018683137300055347,0.00013503592191098466
2023-03-09,0.00363992139098414,0.0025078286753090597,0.05190548395201569,0.00869792679771697,0.008578677208084785
2023-03-10,0.004638484037967247,0.0038493768248996515,0.0021353029247026052,0.012099490488374696,0.0022654710658768836
2023-03-11,0.0029340366761360617,0.0037498589875134586,0.00010263633478745574,0.008259697694366552,0.0018538190994823378
2023-03-12,0.0016916660475337414,0.0013724522360186039,0.0,0.007417558480397878,0.0
2023-03-13,0.004007518692539501,0.004227300904511696,5.8003849215718254e-05,0.0014235460979579082,0.0006081816625917753
2023-03-14,0.005269133622246611,0.007611179694970855,0.011035996706942388,0.01491243063319252,0.02805299014362111
2023-03-15,0.004030066468417177,0.004541280304964414,0.000249488362865842,0.0036275128538705253,0.0
2023-03-16,0.0012231574473687279,0.0019372812767942988,1.124196313166455e-05,0.009263884580833211,1.0156966264626442e-05
2023-03-17,0.002203237701955454,0.0050109242623162156,4.243655117544173e-05,0.00717496803514209,0.019153235574465764
2023-03-18,0.0026120489989230004,0.002416128238560151,0.011680240322580616,0.001343638393772911,0.0
2023-03-19,0.0010257288954666024,0.001997850952229241,1.3863448057990535e-05,0.0,0.03357587292228261
2023-03-20,0.0023416297403947278,0.0033782628682063835,0.00011146439162969208,5.001296969631706e-05,0.00017995844475543926
2023-03-21,0.001272871250441196,0.0025279020436171896,2.9426559586555013e-05,0.0,3.322105693679473e-05
2023-03-22,0.0021933483688626196,0.0028299960528137447,0.00545394221036777,0.0,0.007671091281979651
2023-03-23,0.0018876485274516431,0.0012065298200602426,1.3857732278123726e-05,0.0,0.0
2023-03-24,0.002158661222804972,0.003474078578209151,0.004216370091640046,0.0,0.00010496874976358184
2023-03-25,0.0009718992083223382,0.00043834475062904684,3.035172510602325e-05,0.0001099266505432589,0.0
2023-03-26,0.0003499486341783011,0.0002921251618105937,0.0,,0.0
2023-03-27,0.002031858757822853,0.0027058426483927787,0.013650334491199966,,6.344578269635148e-05
2023-03-28,0.001164406808933485,0.0015915882463999518,1.863134211236135e-05,0.0,0.0
2023-03-29,0.0005757053599337016,0.0005669261444019892,8.030117226071424e-06,0.0,0.0
2023-03-30,0.0014083243452386865,0.0016040007055956444,0.0008983260391029452,0.0,0.0012075255113434442
2023-03-31,0.000762583724926053,0.0010402227289198738,4.2713217837992744e-05,0.0,0.0
2023-04-01,0.00037552032950117874,0.001139613255561887,8.069467363028629e-06,0.0,0.0
2023-04-02,0.0007487063023970393,0.0005363504804573291,6.506462871666728e-05,0.0,0.0
2023-04-03,0.0018658060604893796,0.0017078820443934173,0.014260923227826986,0.0,0.0
2023-04-04,0.00086130609894154,0.000951559089402319,8.01474612236937e-06,0.0,0.0010473978710297933
2023-04-05,0.001043600198873734,0.0009384603193582831,1.18166301093876e-05,0.0,0.0
2023-04-06,0.0008933456501443819,0.0002807755756854193,1.3758594216327972e-05,0.0,0.0
2023-04-07,0.00027254075946495164,0.0003019170262539376,3.9186287351236065e-06,0.0,0.0
2023-04-08,0.00025258642755636115,0.00018276269614265,0.0,0.0,0.0
2023-04-09,0.00026524726939355453,0.0005194562158903595,3.0156210470225575e-05,0.0,0.0
2023-04-10,0.000523395481170758,0.00025538734406426274,0.0,0.0,0.00018380210344689048
2023-04-11,0.0011632649052486584,0.0016990096325768783,9.409070307202401e-06,0.0,0.00903713657507646
2023-04-12,0.0009752168756086008,0.00133875000446587,8.711561091233585e-05,0.0,0.00790133249576786
2023-04-13,0.0003939083258533826,0.0004294333888317003,0.0,6.736250888306729e-05,3.501459940695749e-06
2023-04-14,0.001805983773747861,0.0006631298392622651,2.664213767128563e-05,0.0,0.0007855165398910191
2023-04-15,0.00019771193442217263,6.904663520158392e-05,0.0,,0.0
2023-04-16,0.00035271611241155114,0.00021574676471671663,1.840842540404866e-05,0.0,6.506993796233568e-07
2023-04-17,0.001476993832349176,0.0008739995348095285,0.00916596780214614,0.0,0.0
2023-04-18,0.001702088721719046,0.0007273538726813888,0.008179573680478204,0.001321045570804071,0.0
2023-04-19,0.0021692797168254936,0.0010639712999400478,0.3225996140447626,0.002821589837171255,0.0
2023-04-20,0.0018431073166293433,0.0023087019905784563,0.004994020459712836,0.0024949459890151226,2.118421382139975e-05
2023-04-21,0.0020407470548988865,0.001220283094873468,0.01966526835576094,0.0016015406807389331,8.956887034647957e-05
2023-04-22,0.00034975594493474784,6.856721773640868e-05,1.7397542830089963e-05,0.004092555158394495,0.0
2023-04-23,0.0006550675396388385,0.0005618086483269985,0.0,0.0018117557068749648,0.0
2023-04-24,0.0013888834185324577,0.0017086054421626459,0.10446630602033032,0.011633528998305841,0.00011711060169728597
2023-04-25,0.00048527775493172086,0.0007359872978737969,0.0,0.0054866755576655326,0.0
2023-04-26,0.003858733215530171,0.005064070888193007,0.025178646360536,0.02772377158989084,8.780630396688972e-05
2023-04-27,0.0015674665681496705,0.002721520737421138,0.0,0.046720143036355195,0.0
2023-04-28,0.0005470647335100522,0.0004489422625623718,8.201137926072543e-05,0.00535664375494577,0.0
2023-04-29,0.0001661617704547606,0.00017147087407786638,0.0,0.0026032141360742785,0.0
2023-04-30,0.0007624482726109751,0.002038164918669753,2.1347856066895134e-05,0.0019501589651158102,0.0
2023-05-01,0.0033982410067774065,0.0012357414560449247,0.015945299310075236,0.003604481562340334,0.0
2023-05-02,0.0006400599532354905,0.000595308571799639,0.0,0.003172885238406677,0.0
2023-05-03,0.0011180777831367567,0.0015206733789641686,0.00010304416217036516,0.006580388229739162,0.0
2023-05-04,0.0005327142831649481,0.0007410814822334968,6.547377665479815e-05,0.00210565190093429,0.0
2023-05-05,0.0005689480663896702,0.0006736790211523745,0.0,0.0012651410469755714,0.0
2023-05-06,0.0014674748827670633,0.001079300144229896,0.00039615629743612314,0.0007537643902841318,0.0
2023-05-07,0.0006376806436071625,0.0006369206887656106,8.796525372680105e-05,0.0004274133831061545,0.0
2023-05-08,0.0027630390242947473,0.0013797606605438974,0.006138551107415212,0.0029507390789387656,7.578919905649255e-09
2023-05-09,0.0006830796943176203,0.0004770804455461268,1.7598883416991e-05,0.0005685516902632973,0.0
2023-05-10,0.0021784082455854653,0.0013319949809572887,0.019507063499742544,0.004312159150359382,0.00015154479914465674
2023-05-11,0.001548911800709203,0.0007793531314559465,0.002319251955640604,0.0032245753822455685,0.004580418431427384
2023-05-12,0.001580653378955568,0.0010791550787368968,0.029311240021751648,0.0016401476699599254,0.00018327481906980225
2023-05-13,0.00037886492225513817,0.00015571548120769032,0.0,0.0008974902717816559,0.0
2023-05-14,0.0002894372032944031,0.0003259740819105663,1.595845037269959e-05,0.000685847397564953,0.0
2023-05-15,0.0005486042937043979,0.0007225704612417717,1.5457667392531845e-05,0.00042499984726506184,1.2770533885065383e-05
2023-05-16,0.0004993559134986262,0.0015238642462735914,1.7373205613589798e-05,0.00034074880427240105,0.0
2023-05-17,0.0006935056387757588,0.0003105854965292717,6.044236123152775e-05,0.0035298106602868174,0.0
2023-05-18,0.0013627755982168021,0.0007853174399862265,0.00012242369398110135,0.0013025316303207288,0.0
2023-05-19,0.0008013151733907969,0.0003505007811085391,0.0,0.0005753220302977286,0.0
2023-05-20,7.378376766652751e-05,2.9943995750029832e-05,0.0,0.0,0.0
2023-05-21,0.0004281151989153802,0.00027804358169856606,2.9398191082981342e-05,0.001357071876594348,0.0
2023-05-22,0.0006572238244476958,0.00019255428951361547,4.256315017208982e-05,0.000965054162252835,0.0
2023-05-23,0.0003899852585572262,0.00038949696978519515,0.0,0.000483107891365145,0.0
2023-05-24,0.0015276826286133255,0.0012841243396508057,0.0012552082673941418,0.0017073806942636746,0.0
2023-05-25,0.0014013345858293934,0.000938382295777822,0.06314707602808664,0.003280500105051199,3.3692876209124748e-06
2023-05-26,0.00038399515505759625,0.0002182134775019597,0.0,0.0006815739275335351,0.0
2023-05-27,0.00017048594475733744,4.0879851345380585e-05,1.6318703858635803e-05,0.0003312548364123555,0.0
2023-05-28,0.00022342839229391858,0.0008050046916023182,0.0,0.0017404197223951528,0.0
2023-05-29,0.0010955984140521005,0.0017003741429133233,4.106400948535406e-05,0.002192379143035066,0.0
2023-05-30,0.0007026983896995184,0.0007856744949958319,0.0,0.0007951939979997074,0.0
2023-05-31,0.0010330912129912653,0.0005695139808034672,0.00014648073296939603,0.0005239267926656059,3.870715497557538e-08
2023-06-01,0.0008296128879823545,0.0004274526838919419,0.00023066868148290587,0.0010103216757113944,7.693746659628478e-06
2023-06-02,0.0003756323681439131,0.0006394942531403637,3.1941000485229645e-05,0.0014619484664659499,0.0
2023-06-03,0.0002787827824228858,0.0002741200601847006,0.0,0.0006809812624003987,0.0
2023-06-04,0.0002024575500551565,0.0003142574508734632,0.0,0.000609152810287774,0.0
2023-06-05,0.00400326025008819,0.0023601278764641786,0.07417381881582599,0.004829175596649643,0.00032139170249916715
2023-06-06,0.000745305683316324,0.0011917347682410702,4.993575979384396e-05,0.001710332944282381,0.0
2023-06-07,0.0028126820944320155,0.002911790189190803,6.088752120327199e-05,0.0021845764570638136,0.00023307182244120407
2023-06-08,0.0006680821647053692,0.0006897444846167672,0.0,0.0021279219291628184,0.0
2023-06-09,0.00039662687135795895,0.0005215111792368125,2.1724557066095903e-05,0.0002443783992971154,0.0
2023-06-10,0.002714236474878098,0.002339604176264981,0.005860222595569644,0.000698535641069959,0.000540026936860245
2023-06-11,0.0005378990872599113,0.00046894645664081965,0.0,8.045729642377835e-05,0.0
2023-06-12,0.00048376803616092585,0.00026422834372736274,0.0,0.0005859677709842496,0.0
2023-06-13,0.000923302715811873,0.0011033132783133818,0.0,0.0004220971893477355,0.0
2023-06-14,0.0007680824778018573,0.00045644580709716155,0.13019635424666906,0.0011832230614320495,0.011039922504713463
2023-06-15,0.0009209532192507435,0.0010608443967578332,0.0009120873698888907,0.0014251712482462513,1.3620648067414276e-05
2023-06-16,0.0005143180827547054,0.0003931394031167502,7.507472911706618e-05,0.00029437866466576273,0.0
2023-06-17,0.0002497772415355512,0.00023074835688727922,0.0,0.000193351127418903,5.713124872882819e-06
2023-06-18,0.0003100613760772671,0.00017895578170570511,0.0,0.00030561916116642274,0.0
2023-06-19,0.001296656248490113,0.0003155596575570449,2.92808732080501e-05,9.875585159067389e-05,4.5100691544429616e-05
2023-06-20,0.0018718763038450012,0.0006161946418157453,0.0,0.000608052944272837,2.4043791909265515e-05
2023-06-21,0.0012112155875694142,0.0024684133759268804,1.4147316573930746e-05,0.0024622031312931773,0.01540622013775076
2023-06-22,0.0008404373541468712,0.0012153830616784503,4.825990232987777e-05,0.001188539351659361,0.03071081342131716
2023-06-23,0.0007964580931614926,0.002942107555118785,0.00010189546096004608,0.0024000843542528565,0.0027130651560644255
2023-06-24,0.00047746935952641787,0.0004201668162801385,1.2283705095213799e-05,0.0006472501476155089,0.0
2023-06-25,0.0007273137806861367,0.00046395532829018903,9.80421135644701e-06,0.0013186689528635871,0.012054253872008699
2023-06-26,0.0009843895751963062,0.0010250673427466416,2.5327502003892784e-05,0.004957493924064153,0.0
2023-06-27,0.0004021230359137134,0.0005895739574023342,0.0,0.0025745517761936766,0.0
2023-06-28,0.0012297124233977773,0.0007553127109656308,3.11427903227041e-05,0.00013422090502300123,7.807140147591036e-09
2023-06-29,0.0002884798363683902,0.0007731760296312325,9.788530286015643e-06,0.0,0.0
2023-06-30,0.0013317943826791254,0.0015695213114276466,0.007202561309538372,0.01994904279904775,0.0
2023-07-01,0.00011189110349334122,1.9781234005477365e-05,0.0,,0.0
2023-07-02,0.0003418359562294866,0.00041144830465221244,0.0,7.93384854430972e-05,0.0
2023-07-03,0.00028682666241507197,0.00014759833490567324,0.0,0.0005497220743108767,0.0
2023-07-04,0.0005648070116431692,0.0019346818547808843,9.755050079771409e-06,0.00226970522888167,0.0
2023-07-05,0.0006658342916463977,0.0008156580680265434,2.863357648773529e-05,0.0008098592599523199,0.0
2023-07-06,0.0018933169929608515,0.0019130634133883385,7.615117082169889e-05,0.0009134912904485809,7.897657192522869e-05
2023-07-07,0.0004032700449186942,0.0002633925810669318,2.7549939258750373e-05,0.0003266133229941145,0.0
2023-07-08,0.0003510521709916061,8.26206984438352e-05,0.0,0.0005191119775625652,0.0
2023-07-09,0.000262252547803523,8.805086155528084e-05,0.0,0.0,0.0
2023-07-10,0.0006183349901085634,0.0004275697220486004,1.0435466530710652e-05,0.007826439720108698,0.0
2023-07-11,0.0003001307408950713,0.00022715394521111498,0.0,0.0006535394254773254,0.0
2023-07-12,0.0006140000283953532,0.0011542613682655586,2.3103470987216915e-05,0.0017070798297048897,0.0
2023-07-13,0.0010043017081065781,0.0016981988794953612,0.0,0.002262413854232262,0.00016929432092279288
2023-07-14,0.0017372798559998862,0.0032137354436183358,0.0003253173850546242,0.005901156881381319,4.6496368019648586e-05
2023-07-15,0.00012586908829696064,7.296081625150065e-05,0.0,0.00017966012046832745,0.0
2023-07-16,0.0003833650309190659,0.0001359391679821978,0.0,0.001959575389990665,0.0
2023-07-17,0.0020003317442787477,0.0007738820255388012,0.003410093358496732,0.0005846795719084124,0.0
2023-07-18,0.0007024547375258568,0.0010543237328145276,0.0005340657235234101,0.0007828194840155116,0.0
2023-07-19,0.000534058226916382,0.0001412176995883302,0.0,0.00019235929546299347,0.0
2023-07-20,0.000620435770678845,0.0005798361884298611,0.019337083772838014,0.00022949738819431862,0.0
2023-07-21,0.0002209505641938566,5.9220088153732915e-05,0.0,0.00022539054476185806,0.0
2023-07-22,0.00024091399333527137,4.925425372966502e-05,1.547600845751751e-05,0.001063897472043271,0.0
2023-07-23,0.0006052812018020143,0.00011930017331078949,0.0,0.0010580378251359625,0.0
2023-07-24,0.0008690150401267409,0.0006582732878869869,0.13242695325749318,0.0032783951479683237,2.3908066228118227e-05
2023-07-25,0.00018140428781828838,2.3455871691791003e-05,0.0,3.265501432988499e-05,0.0
2023-07-26,0.0005451844145501596,0.00015768886633146347,2.0237660975349682e-05,0.0005002280184330512,0.0
2023-07-27,0.00044905128975684575,0.00014666956081819653,1.396773074208314e-05,8.035613713943262e-05,0.0
2023-07-28,0.000246968030219135,9.965972765087909e-05,0.0,0.0,0.0
2023-07-29,4.326858128367186e-05,1.5089370949022597e-05,0.0,0.0,0.0
2023-07-30,0.00039454268045104095,2.480233200065467e-05,1.7545416537540254e-05,0.0006759171125758261,0.0
2023-07-31,0.00032336971503614444,0.0001488697904978649,0.0,0.00029610618907924464,0.0
2023-08-01,0.000519996166910097,0.001020658255549112,0.004220447706968926,0.0015673938800677834,6.876323688997624e-05
2023-08-02,0.0010288388997035654,0.0014096667026875587,5.0856009047139654e-05,0.0002846317283043738,0.0
2023-08-03,0.0003672685421027089,0.00018837104346467116,0.0,0.0008663247158820303,0.0
2023-08-04,0.00048628388322438323,0.00042781399552185596,2.078175542505976e-05,0.0023015407159508957,0.0
2023-08-05,0.0001815668323692233,3.2578381490179994e-05,0.0,6.764793893225204e-05,0.0
2023-08-06,0.0001303643752674233,7.821691615989081e-05,0.0,0.00043896388707181504,0.0
2023-08-07,0.0008120339545221205,0.00019802038993013007,0.00018845791139057223,0.00048211339041777954,0.0
2023-08-08,0.000294137122978993,0.00034067212509263084,0.0,0.0006008886413370897,0.0
2023-08-09,0.0006201401673732817,0.00037438460262298175,2.3446980179974755e-05,0.00033559583743895054,0.0
2023-08-10,0.0002492045659551117,0.0007051447920930783,0.0,0.0006729514423033065,0.0
2023-08-11,0.00016823924366374753,0.00018498375653167883,0.0,0.00011019340559234021,0.0
2023-08-12,1.4633660807357408e-05,3.512000485810192e-05,0.0,5.724663500148816e-05,0.0
2023-08-13,0.00034849738661819375,0.00016775262409630484,0.0,0.00011502194209482986,0.0
2023-08-14,0.0011168679539455225,0.0015411779863396594,0.00010406075163575687,0.00035370133429380845,0.0
2023-08-15,0.0005741963681505992,0.00010818313536728234,2.0821105110521052e-05,0.0006063653494077166,0.0
2023-08-16,0.0009632259491356653,0.0006677493632363938,0.0029510115968526844,0.00024695468376827347,0.0
2023-08-17,0.0072646732188334385,0.004129672985991314,0.298079193638822,0.002992383781413361,0.007096252144996785
2023-08-18,0.0019979472989715883,0.0014523887555864966,0.0027604671156220583,0.0013161932250519055,0.0
2023-08-19,0.0006967119104579495,0.0008234736987627067,0.0,,0.0
2023-08-20,0.00027041488310374325,2.8910038035315673e-05,0.0,,0.0
2023-08-21,0.0011275839907884842,0.0003671194897997186,0.0,,0.0
2023-08-22,0.0009364168255525887,0.0005143190478615688,0.004013001892728452,,0.0008331430998735008
2023-08-23,0.0012831240465314647,0.000876524172763951,0.0,0.0002437236541704597,0.0
2023-08-24,0.0010220820610848868,0.0003657218233030508,2.007069700706003e-05,0.0,0.0
2023-08-25,0.0012134364015159546,0.0008800308213752246,8.47414730292538e-06,,0.0
2023-08-26,1.4137852396478056e-05,1.742981636067491e-07,0.0,,0.0
2023-08-27,9.916433630476351e-05,1.2057202514083993e-06,0.0,0.0,0.0
2023-08-28,0.0004401313904705495,0.0004498692363419979,0.0,0.0,0.0
2023-08-29,0.0015606683392341086,0.0019428457117504209,8.138827649942092e-06,3.872233106835267e-05,1.1588174571347182e-06
2023-08-30,0.0008417772313785458,0.00031843599046680004,0.0,0.00010034185292122725,0.0
2023-08-31,0.001717183322102577,0.001577889890951097,9.85835193045591e-05,0.0002974370567137155,6.9576656575538864e-06
2023-09-01,0.0014488477978987315,0.000788643766015093,0.005433164676388703,0.00030138440638317475,1.935195471672721e-05
2023-09-02,0.0003156183499320914,1.8626381819559996e-05,0.0,0.0,0.0
2023-09-03,0.00020736954425496762,0.00017579603126377074,0.0,0.0,0.0
2023-09-04,0.0006172276626246799,0.00016636192234214443,0.0,0.0,0.0
2023-09-05,0.0005072746431473157,0.00011285718693530931,0.0,0.0,0.0
2023-09-06,0.0008866933564838738,0.0005621950119230749,2.1448189223092495e-05,0.0,1.872935984705591e-05
2023-09-07,0.00031871541718490426,0.0001725170970392032,0.0,0.0010349713268447101,0.0
2023-09-08,0.0005633610604600213,0.0006548475349331822,0.0,0.005509994271498228,0.0
2023-09-09,1.815585213414137e-05,1.5312950517311012e-06,0.0,,1.867653144045012e-05
2023-09-10,0.0018670805310484556,1.898465922811328e-05,1.6238730196905985e-05,0.0,0.0
2023-09-11,0.0014656623603299711,0.0015599175358379752,0.004032640554820305,0.000444527363018307,2.6104545489130184e-05
2023-09-12,0.0009997796175476123,0.000983515479407343,3.7064476251997122e-06,0.0009858804257305697,0.0
2023-09-13,0.0005185581260391412,0.0003424909268307909,0.0,6.587665680560099e-05,0.0
2023-09-14,0.0005560780343678365,0.00020419828245886676,0.0,0.0,0.0
2023-09-15,0.0007201716531991162,0.0002040682027957578,7.986917715907748e-05,0.0007917616846853313,1.0496777397635127e-07
2023-09-16,0.0005031786646513011,0.00015143957838092137,0.0,7.175765714834842e-05,0.0
2023-09-17,0.0005762027826097463,0.000344733779822375,0.0,0.0030861980204711487,0.0
2023-09-18,0.0011337711119988453,0.000537025847099723,1.5142013496892633e-05,0.002929211735717994,2.0778455454704665e-08
2023-09-19,0.00121967477927938,0.0005910298082197476,0.0,0.000944811714980891,1.0876287420480529e-08
2023-09-20,0.001101359908493861,0.001187834963758514,2.205367713611542e-05,0.0005165354416560594,0.0
2023-09-21,0.0015223681601689353,0.00088841670171221,3.464303333630523e-05,0.0015278380051840042,0.0
2023-09-22,0.000206190767391355,0.00021932927871197216,0.0,0.0,0.0
2023-09-23,3.2222967171593475e-05,0.0,0.0,0.0011142733694551338,0.0
2023-09-24,0.00037694969484153,0.00018261822814001345,0.0012966982434203542,0.001261714525316054,0.0
2023-09-25,0.0006806839736155559,0.0002768002849440074,2.9710739530569956e-05,0.0011736832983015076,0.0001765743567829108
2023-09-26,0.000403016508064025,0.00016647348627593124,0.0,0.0,0.0
