time,SI_binance,SI_bybit,SI_GMX,SI_GNS,SI_perp
2020-08-05,0.6342422284569013,0.19574238360332152,,,
2020-08-06,0.5512985791545025,0.16820786123732534,,,
2020-08-07,0.6845497624986366,0.21437652662132053,,,
2020-08-08,0.3892928151910611,0.1401481273225634,,,
2020-08-09,0.3094438649582835,0.11708425128362447,,,
2020-08-10,0.6625999230155759,0.3342282356580405,,,
2020-08-11,0.7616972238986368,0.3972073121662609,,,
2020-08-12,0.5138133963583142,0.16223669863869492,,,
2020-08-13,0.579282403332619,0.2604577532994471,,,
2020-08-14,0.39674726405160055,0.13652100769807218,,,
2020-08-15,0.5351477058825698,0.19323857682399498,,,
2020-08-16,0.3860588095954267,0.10723833586727292,,,
2020-08-17,0.7044634218451614,0.46100235031961573,,,
2020-08-18,0.64191536816735,0.2444341182837028,,,
2020-08-19,0.7322310763592592,0.15217935454458578,,,
2020-08-20,0.3115685441371603,0.06615987477853624,,,
2020-08-21,0.4930610921344472,0.1471096136083261,,,
2020-08-22,0.3253126772429601,0.09606576480522999,,,
2020-08-23,0.24431398411346847,0.0607149590353105,,,
2020-08-24,0.2624664223245549,0.056693089530424436,,,
2020-08-25,0.6302685340345373,0.18998219461423096,,,
2020-08-26,0.4209263263748609,0.09292013834661593,,,
2020-08-27,0.5623140769731694,0.14487594497516573,,,
2020-08-28,0.288642383347543,0.0667927479538284,,,
2020-08-29,0.19607085532876742,0.04642291882969341,,,
2020-08-30,0.25891277239853466,0.06510662033385105,,,
2020-08-31,0.278136494691044,0.07022170584989669,,,
2020-09-01,0.44533431448316446,0.12265515168409577,,,
2020-09-02,0.5747536372882661,0.21421826879292552,,,
2020-09-03,1.3547771551842647,0.4551433709399087,,,
2020-09-04,1.18673844319162,0.2818995370126789,,,
2020-09-05,1.2158472669113767,0.4140361821113616,,,
2020-09-06,0.5110841924883696,0.14373083925190472,,,
2020-09-07,0.7245999220511334,0.2649076953040819,,,
2020-09-08,0.8953469742103252,0.3069181972714611,,,
2020-09-09,0.42083004591345236,0.1169086117010531,,,
2020-09-10,0.5257900943734969,0.12935521742136905,,,
2020-09-11,0.3811804752114309,0.0727841897390478,,,
2020-09-12,0.27394663048282447,0.07159749739458246,,,
2020-09-13,0.44763527111481605,0.09320211886823512,,,
2020-09-14,0.5359777990859868,0.12303261719298449,,,
2020-09-15,0.6669052543944829,0.12361054862236773,,,
2020-09-16,0.6339007786120667,0.12174744056603651,,,
2020-09-17,0.49395198408792823,0.07265257037161371,,,
2020-09-18,0.36442690573300135,0.051465302260079025,,,
2020-09-19,0.31551253196688495,0.0505018881228595,,,
2020-09-20,0.3774402731978336,0.07320169358158465,,,
2020-09-21,0.8530686638232454,0.18809505845567848,,,
2020-09-22,0.4502397667363071,0.12096539595203976,,,
2020-09-23,0.47432911511948134,0.11583831742144882,,,
2020-09-24,0.5893490232166453,0.1119843869387132,,,
2020-09-25,0.4240762921813746,0.07329991711833302,,,
2020-09-26,0.26301429834916307,0.049950531117040904,,,
2020-09-27,0.2950306970724695,0.04958612014981408,,,
2020-09-28,0.515542928446757,0.08850972039231697,,,
2020-09-29,0.38047894188893894,0.06743811897402922,,,
2020-09-30,0.34390026415015096,0.052742179256546264,,,
2020-10-01,0.667999060215373,0.13164800075819733,,,
2020-10-02,0.5720079220143905,0.12031943517945343,,,
2020-10-03,0.19345278157950718,0.03120284922863416,,,
2020-10-04,0.22888962528806653,0.044769022418444396,,,
2020-10-05,0.3051774594349965,0.05315222537715449,,,
2020-10-06,0.46859468501231427,0.10287920489390041,,,
2020-10-07,0.26357775195681715,0.043398282593249675,,,
2020-10-08,0.49130832151225345,0.0999997673428392,,,
2020-10-09,0.35752630191359963,0.08093222844136938,,,
2020-10-10,0.45934341633808606,0.16195485586135172,,,
2020-10-11,0.32680750391228464,0.07132605818348864,,,
2020-10-12,0.5885263110900568,0.13954831248406216,,,
2020-10-13,0.4683468342589175,0.11212025862923707,,,
2020-10-14,0.4665919433761029,0.08628224628392164,,,
2020-10-15,0.5093479630323864,0.0908043770313949,,,
2020-10-16,0.4977154476617678,0.10328913671389577,,,
2020-10-17,0.22973958327785032,0.04564456451109327,,,
2020-10-18,0.20946389852703637,0.047210243183796526,,,
2020-10-19,0.47459588419108006,0.0880674916906358,,,
2020-10-20,0.5813757916795174,0.1455635889853887,,,
2020-10-21,1.0310050818123415,0.3694413416607601,,,
2020-10-22,0.5711197149003882,0.20356139441808885,,,
2020-10-23,0.39338986214311383,0.11563476852214996,,,
2020-10-24,0.27546499564820287,0.10744854454627677,,,
2020-10-25,0.357104425777616,0.13776883902396284,,,
2020-10-26,0.5454977017313081,0.20279668079108773,,,
2020-10-27,0.5771862788720205,0.20173941209771135,,,
2020-10-28,0.8548656269031598,0.29809495621033705,,,
2020-10-29,0.565684751855577,0.16843231107998105,,,
2020-10-30,0.5218553586122261,0.21293886250325686,,,
2020-10-31,0.5237730292596957,0.18667298712687572,,,
2020-11-01,0.29204986529481325,0.10589631686305584,,,
2020-11-02,0.5054463074351644,0.18047139200446075,,,
2020-11-03,0.5011019344132722,0.1678781715642082,,,
2020-11-04,0.6489590604281388,0.17933596591275042,,,
2020-11-05,1.0009848875660985,0.3605662187378529,,,
2020-11-06,0.8149542972390942,0.2515968758193345,,,
2020-11-07,0.785396504295321,0.358124267322065,,,
2020-11-08,0.4536602986622678,0.2763176923905252,,,
2020-11-09,0.7871965577704999,0.3320783190085331,,,
2020-11-10,0.4082552057540036,0.16422222969827482,,,
2020-11-11,0.5077723308311117,0.18637822078295543,,,
2020-11-12,0.6737001793701997,0.24750602686783882,,,
2020-11-13,0.44397591981068407,0.1694686074041192,,,
2020-11-14,0.396671433052608,0.14059917038085717,,,
2020-11-15,0.3131080498393,0.09574812855461207,,,
2020-11-16,0.4715740705945044,0.2141403038516478,,,
2020-11-17,0.6954218728437384,0.28714145671263974,,,
2020-11-18,1.0523670312915157,0.2456597967006739,,,
2020-11-19,0.5659844336313556,0.16594269596777989,,,
2020-11-20,0.5533245945574123,0.09691205961528966,,,
2020-11-21,0.4301034256410993,0.07694749249695244,,,
2020-11-22,0.48313239023279847,0.10540284542504623,,,
2020-11-23,0.49994649395832813,0.09029919186391831,,,
2020-11-24,0.5591949751575841,0.1522611538909921,,,
2020-11-25,0.5084093775670936,0.1854541473216675,,,
2020-11-26,1.4107545194473183,0.5367667000204376,,,
2020-11-27,0.6568498347820323,0.21376320733452445,,,
2020-11-28,0.42698454461371965,0.12883367127706846,,,
2020-11-29,0.39407122646786785,0.12583301150832624,,,
2020-11-30,0.6567543790908331,0.24261441022671826,,,
2020-12-01,0.8503551287986485,0.45643897284437734,,,
2020-12-02,0.49144548382492903,0.24826438837428452,,,
2020-12-03,0.32727754887893723,0.12903645359189728,,,
2020-12-04,0.3814949049264679,0.1195023261637786,,,
2020-12-05,0.22539031669614037,0.0555410705055894,,,
2020-12-06,0.22666711213510563,0.06644057337881495,,,
2020-12-07,0.22458044764772975,0.06458712750253064,,,
2020-12-08,0.38944190998179706,0.11955667132229837,,,
2020-12-09,0.4943898274354503,0.16090859680247807,,,
2020-12-10,0.330205455235238,0.12419290064926959,,,
2020-12-11,0.4555480506497774,0.14714262966030203,,,
2020-12-12,0.26554797565706767,0.06481570774907273,,,
2020-12-13,0.3160685142866511,0.0823650734292647,,,
2020-12-14,0.23378829602775755,0.05100509470336996,,,
2020-12-15,0.2988454563260152,0.10477542353813249,,,
2020-12-16,0.5033213900038872,0.18728179341142143,,,
2020-12-17,1.0040482251642315,0.24736915599179904,,,
2020-12-18,0.35581085538809104,0.08379028164845942,,,
2020-12-19,0.3482846912607049,0.10758146582595043,,,
2020-12-20,0.34962436701706817,0.11137758688009941,,,
2020-12-21,0.5630367120559175,0.20158243653765073,,,
2020-12-22,0.3623222078068323,0.12865304690483947,,,
2020-12-23,0.5467992378339178,0.22012063411090185,,,
2020-12-24,0.29297338610322304,0.10035574052714029,,,
2020-12-25,0.31490772580359744,0.11320956696051082,,,
2020-12-26,0.3932342888244067,0.11905117280038281,,,
2020-12-27,0.6290651311260691,0.15560771261051967,,,
2020-12-28,0.2958341066396093,0.0807250444268923,,,
2020-12-29,0.26962417596530946,0.11051306238005136,,,
2020-12-30,0.37270185869739125,0.17226923572449643,,,
2020-12-31,0.31141132703461,0.16939288118535598,,,
2021-01-01,0.19866441318985106,0.11823004253055558,,,
2021-01-02,0.48708924052895763,0.25403867321243234,,,
2021-01-03,0.42965411819488736,0.19312591769261583,,,
2021-01-04,0.5194199432087502,0.34116220707574274,,,
2021-01-05,0.42511870626388065,0.17404489365027442,,,
2021-01-06,0.4278732881811328,0.1741776976884751,,,
2021-01-07,0.43686234746340574,0.19004162006708303,,,
2021-01-08,0.4710048224701134,0.19369824206721475,,,
2021-01-09,0.21107590790747288,0.10029799920952769,,,
2021-01-10,0.3721145340165481,0.19701074239734054,,,
2021-01-11,0.9546478718249839,0.5193100458605254,,,
2021-01-12,0.5527778200728725,0.26052398303336494,,,
2021-01-13,0.37772055212526945,0.1460360254768872,,,
2021-01-14,0.3288948397060847,0.12113867066982924,,,
2021-01-15,0.42436759181160894,0.1459171801011601,,,
2021-01-16,0.3052837870772419,0.12257169937651942,,,
2021-01-17,0.30014928953481107,0.13765313021945094,,,
2021-01-18,0.24927510876577652,0.08969107453610035,,,
2021-01-19,0.25283769380265675,0.07452267921691125,,,
2021-01-20,0.3136069076145106,0.13046033042993252,,,
2021-01-21,0.5997760500313796,0.222058360459494,,,
2021-01-22,0.5143789301223283,0.212040543805512,,,
2021-01-23,0.3033705300159644,0.11432911314251853,,,
2021-01-24,0.24227823281771413,0.10081354511081345,,,
2021-01-25,0.35596476652266595,0.14445190947535747,,,
2021-01-26,0.38476321085224285,0.1480323480050368,,,
2021-01-27,0.49007422304382336,0.2424056048603489,,,
2021-01-28,0.3098209816469404,0.13782996459842772,,,
2021-01-29,0.6822614540561602,0.5523320040065843,,,
2021-01-30,0.2591566063745779,0.1736315740603369,,,
2021-01-31,0.2033196362457789,0.16912286529474743,,,
2021-02-01,0.2435987857599619,0.14864956307393146,,,
2021-02-02,0.225458004757638,0.09954628967241351,,,
2021-02-03,0.21860844032577828,0.08058365560354094,,,
2021-02-04,0.2880257572935859,0.08917097042444856,,,
2021-02-05,0.16954468101943365,0.0545874446700339,,,
2021-02-06,0.2320158771280366,0.07188975200664185,,,
2021-02-07,0.24211035578946846,0.08558770454047072,,,
2021-02-08,0.26738057573926594,0.14098196589424014,,,
2021-02-09,0.2398964388761235,0.1261037434468496,,,
2021-02-10,0.22756366651884624,0.11582214446412865,,,
2021-02-11,0.19200899655467554,0.09189826491076006,,,
2021-02-12,0.1551736695996442,0.07568917828452125,,,
2021-02-13,0.12604212060220388,0.0543339987225612,,,
2021-02-14,0.13358414887865697,0.06564985609450412,,,
2021-02-15,0.15046526346401468,0.07312794968266469,,,
2021-02-16,0.20141941714752182,0.09134846032215267,,,
2021-02-17,0.15888481140684058,0.07244995501641951,,,
2021-02-18,0.10194840642464212,0.040761180031336934,,,
2021-02-19,0.13033533574659453,0.07468381572915861,,,
2021-02-20,0.1300798419522149,0.07142892548475527,,,
2021-02-21,0.10358619266937902,0.05609014580692332,,,
2021-02-22,0.30642555145763006,0.17085346545289695,,,
2021-02-23,0.5888160585049232,0.2953729763559148,,,
2021-02-24,0.24463762253349083,0.12347434864131143,,,
2021-02-25,0.25408558139811227,0.13091519319176645,,,
2021-02-26,0.35023240619352736,0.17370927418127124,,,
2021-02-27,0.20166563425064646,0.08927696826471998,,,
2021-02-28,0.277264598874874,0.1391522613661139,,,
2021-03-01,0.22074430476145088,0.1078105540154764,,,
2021-03-02,0.19605922226691005,0.10511376024911391,,,
2021-03-03,0.2405971309748864,0.09959198950879487,,,
2021-03-04,0.27168371242166184,0.12101647210343336,,,
2021-03-05,0.2512733870581831,0.10589362692151139,,,
2021-03-06,0.1545938746725257,0.06202185998859965,,,
2021-03-07,0.16558717412264445,0.07868974960974116,,,
2021-03-08,0.17849515329472251,0.0854599604106873,,,
2021-03-09,0.16082729708729335,0.07299319343058852,,,
2021-03-10,0.21904492688744912,0.11625836681741653,,,
2021-03-11,0.18396500664318588,0.0885092654574033,,,
2021-03-12,0.18222932532335753,0.07163131302898673,,,
2021-03-13,0.14598012098283694,0.0732662612360577,,,
2021-03-14,0.10887603992345841,0.05115957677094494,,,
2021-03-15,0.2368571450859706,0.0952816852833563,,,
2021-03-16,0.17975568955198445,0.08257216987902682,,,
2021-03-17,0.1817958202779076,0.09219298735868219,,,
2021-03-18,0.1635302459426117,0.09173337422132163,,,
2021-03-19,0.13797749956507238,0.06744512100515847,,,
2021-03-20,0.10817280888915079,0.05308059947477731,,,
2021-03-21,0.12767116477956542,0.05501701679003667,,,
2021-03-22,0.1626738252615198,0.07269321987353279,,,
2021-03-23,0.14804649674173084,0.06567115127730498,,,
2021-03-24,0.2291468692508179,0.09184279603270284,,,
2021-03-25,0.23665200535250536,0.10262994477923182,,,
2021-03-26,0.14982751014685042,0.058455972939817295,,,
2021-03-27,0.1308920672115007,0.055890486485645624,,,
2021-03-28,0.11517951414534099,0.04665577159984655,,,
2021-03-29,0.14785073903893145,0.06024008954716124,,,
2021-03-30,0.11478047526112659,0.04116817510975849,,,
2021-03-31,0.16642977327673786,0.0665124765065983,,,
2021-04-01,0.09980096108799678,0.038896953777828314,,,
2021-04-02,0.09284433231355496,0.033114795677257156,,,
2021-04-03,0.10026518450889228,0.043524661037940476,,,
2021-04-04,0.07747710668306444,0.036839732212883884,,,
2021-04-05,0.08702564561259939,0.03689282477559026,,,
2021-04-06,0.08502926099332417,0.02872039047296972,,,
2021-04-07,0.13568584112756346,0.04593983120607721,,,
2021-04-08,0.08351560147785557,0.03017838744175506,,,
2021-04-09,0.07528812639501761,0.02651471364210311,,,
2021-04-10,0.11925887407172998,0.03959347345637504,,,
2021-04-11,0.07175595173418045,0.024092407979129756,,,
2021-04-12,0.09131680874731249,0.028262862264421533,,,
2021-04-13,0.1141884175664819,0.03902256785322082,,,
2021-04-14,0.13995884078671803,0.04267888358651207,,,
2021-04-15,0.07807273785158997,0.029517897928436693,,,
2021-04-16,0.11973680642324057,0.03102794880154836,,,
2021-04-17,0.09163863672547268,0.028414429319033846,,,
2021-04-18,0.32098115466649674,0.14884203290972867,,,
2021-04-19,0.18867348882537138,0.039855441887648134,,,
2021-04-20,0.20396982172337924,0.04515847573268894,,,
2021-04-21,0.16403629117506313,0.041989259813320516,,,
2021-04-22,0.279785514240493,0.07765757943488691,,,
2021-04-23,0.33682466050429344,0.11413640074668699,,,
2021-04-24,0.1783122999724297,0.0661161893194911,,,
2021-04-25,0.19335531015883434,0.066745348837853,,,
2021-04-26,0.2558132200401758,0.07953810813610086,,,
2021-04-27,0.14792147973059977,0.04279080435045472,,,
2021-04-28,0.1687153084801301,0.05736088317819196,,,
2021-04-29,0.15808949607567566,0.053254172657623416,,,
2021-04-30,0.15974576127968193,0.052629969358058845,,,
2021-05-01,0.11049701615018001,0.0378642566170585,,,
2021-05-02,0.10814790466023494,0.038726327429326135,,,
2021-05-03,0.13619623736419595,0.047448477556550836,,,
2021-05-04,0.21632080527138933,0.08929445443902928,,,
2021-05-05,0.17719975700296875,0.060931393594489326,,,
2021-05-06,0.1467129104945805,0.05040358681348144,,,
2021-05-07,0.14081307152883535,0.04941625139629814,,,
2021-05-08,0.13635176845563007,0.05503316302992478,,,
2021-05-09,0.13252656203495944,0.048194300092367054,,,
2021-05-10,0.216058150240666,0.07856083594294545,,,
2021-05-11,0.14661904389110403,0.04334399836720408,,,
2021-05-12,0.268858621160911,0.09462367516078721,,,
2021-05-13,0.38399404752874194,0.16090303587618307,,,
2021-05-14,0.19364356729609444,0.05443818077076835,,,
2021-05-15,0.25694899950467776,0.08565458887880062,,,
2021-05-16,0.3522371016508135,0.1404413057512671,,,
2021-05-17,0.4389061193701552,0.20496856953936943,,,
2021-05-18,0.32689934270005644,0.11290497545451827,,,
2021-05-19,1.5137999674616855,0.28930429518356615,,,
2021-05-20,0.784721449905176,0.10316088222341753,,,
2021-05-21,0.8621841808405611,0.19849575827312668,,,
2021-05-22,0.563526743172162,0.18064194009186813,,,
2021-05-23,0.9402957901579522,0.500788031297799,,,
2021-05-24,0.5980457090286891,0.2908624404141806,,,
2021-05-25,0.497318142554786,0.21279929500603453,,,
2021-05-26,0.4563562420969718,0.20923659342139533,,,
2021-05-27,0.4421879165909549,0.1816025890154816,,,
2021-05-28,0.6294175612984868,0.31154310251136264,,,
2021-05-29,0.5519695134518326,0.30080202392189864,,,
2021-05-30,0.3836227423681215,0.17719251084608933,,,
2021-05-31,0.4502664135218146,0.1658973391137126,,,
2021-06-01,0.43207717845627025,0.16538840684192968,,,
2021-06-02,0.2992465600059796,0.12816945885260886,,,
2021-06-03,0.297727147665066,0.14827217828870484,,,
2021-06-04,0.4608750542137334,0.215829443216649,,,
2021-06-05,0.41473812090191603,0.24352361073205667,,,
2021-06-06,0.2786561918142975,0.14166009933895435,,,
2021-06-07,0.39488847584219156,0.22301916209059286,,,
2021-06-08,0.6231807514154691,0.34667717283910005,,,
2021-06-09,0.5256436617501835,0.2707859238090134,,,
2021-06-10,0.47427289139274914,0.281654170612905,,,
2021-06-11,0.29277482096677077,0.19662367384281967,,,
2021-06-12,0.369050308701114,0.24861521318878738,,,
2021-06-13,0.328016845657809,0.1994199178923576,,,
2021-06-14,0.3509781634231563,0.2123599445414047,,,
2021-06-15,0.3162168996985124,0.18319529763844006,,,
2021-06-16,0.3374467025574105,0.1915500295029916,,,
2021-06-17,0.2970380632606599,0.1623379014091622,,,
2021-06-18,0.4353879427043733,0.2019445607705855,,,
2021-06-19,0.34570926199469226,0.19214301608884846,,,
2021-06-20,0.4305057118098359,0.23684647866126218,,,
2021-06-21,0.8657016782297465,0.5253592785322194,,,
2021-06-22,0.9130027233926966,0.5245409496919271,,,
2021-06-23,0.5476920868890103,0.3167800484809026,,,
2021-06-24,0.4028597852514259,0.2454718870095104,,,
2021-06-25,0.6528891766102725,0.36343089614702045,,,
2021-06-26,0.608786420498745,0.387156069341114,,,
2021-06-27,0.46491139449716357,0.30377607295635956,,,
2021-06-28,0.3718693779202402,0.24954331152768033,,,
2021-06-29,0.3972086017544501,0.22012236134180627,,,
2021-06-30,0.37280626077065476,0.22388712398832838,,,
2021-07-01,0.402763314928071,0.22433765947840004,,,
2021-07-02,0.3460491683252194,0.1821681243310318,,,
2021-07-03,0.24860066743029502,0.13777120968953865,,,
2021-07-04,0.21379773034468458,0.11829518446808437,,,
2021-07-05,0.368642593506746,0.2162441815045338,,,
2021-07-06,0.3278150257358768,0.22180581087154005,,,
2021-07-07,0.2323184423428287,0.13173941948526666,,,
2021-07-08,0.317870946072816,0.19983430726693127,,,
2021-07-09,0.23134282780984733,0.14056355757053646,,,
2021-07-10,0.2014341945146677,0.11790028929239665,,,
2021-07-11,0.15979099639514724,0.09731914084757731,,,
2021-07-12,0.2502257296806661,0.12224891520533365,,,
2021-07-13,0.22738092360787157,0.1226435097793706,,,
2021-07-14,0.26770968304245213,0.148730490020987,,,
2021-07-15,0.2599657273706989,0.15109976784761725,,,
2021-07-16,0.26369794921461226,0.12937851148853605,,,
2021-07-17,0.20296569876530593,0.1149288764608118,,,
2021-07-18,0.20128370507728383,0.11016219351956257,,,
2021-07-19,0.21878455830047866,0.11509063232057831,,,
2021-07-20,0.28795345839143943,0.1558735062094705,,,
2021-07-21,0.3564724783931451,0.20666108959308793,,,
2021-07-22,0.1818921700760005,0.10084711119615611,,,
2021-07-23,0.17506054894168366,0.10325754995938065,,,
2021-07-24,0.16036642209625793,0.08468933778340129,,,
2021-07-25,0.15812017212171306,0.09542602931468075,,,
2021-07-26,0.581517896976439,0.4012154426481955,,,
2021-07-27,0.3073365813400934,0.19729273326177227,,,
2021-07-28,0.3325514905536276,0.19965631696983221,,,
2021-07-29,0.20480827651221178,0.12384337524269579,,,
2021-07-30,0.24697520068007042,0.14178188131170621,,,
2021-07-31,0.16983329872004996,0.10311626622339348,,,
2021-08-01,0.24535245471254438,0.13289992043775864,,,
2021-08-02,0.21464095323168206,0.11945160564567615,,,
2021-08-03,0.23724130724243114,0.12789124565425172,,,
2021-08-04,0.21878781501380054,0.10893403508833407,,,
2021-08-05,0.3320615056762475,0.1864470534948628,,,
2021-08-06,0.2752440225370474,0.15299480892326214,,,
2021-08-07,0.24116301040794627,0.13613072366485013,,,
2021-08-08,0.24119192375711448,0.12046931661168778,,,
2021-08-09,0.2392410000950853,0.12005155762561553,,,
2021-08-10,0.18403781661445737,0.094868319379692,,,
2021-08-11,0.1523483919646189,0.08635018635642647,,,
2021-08-12,0.1867676247344382,0.09603542175047795,,,
2021-08-13,0.16405110499241582,0.0870793671809861,,,
2021-08-14,0.14340202098371135,0.07871520620163473,,,
2021-08-15,0.14761589944335196,0.07244354191546704,,,
2021-08-16,0.15804338889018257,0.08375932905588518,,,
2021-08-17,0.18502674889179113,0.09313660991869739,,,
2021-08-18,0.16083697050815746,0.08343221880341148,,,
2021-08-19,0.1705771065062578,0.1029575177605239,,,
2021-08-20,0.14003906718392978,0.08529638660260076,,,
2021-08-21,0.12149272204003041,0.07198033961469051,,,
2021-08-22,0.10462675233627265,0.06410603340550458,,,
2021-08-23,0.11840011026652783,0.07405837947985114,,,
2021-08-24,0.13196846240015864,0.08221649625361342,,,
2021-08-25,0.1329247405980196,0.08059547522835575,,,
2021-08-26,0.16714316967595552,0.09528275046074364,,,
2021-08-27,0.1407059254164599,0.0874848775019414,,,
2021-08-28,0.07612730816232495,0.05479371052817288,,,
2021-08-29,0.11217425453230116,0.06830712481295173,,,
2021-08-30,0.12553958400512158,0.07249148573378097,,,
2021-08-31,0.12778944335751666,0.07308218305554773,2.404230968887142,,
2021-09-01,0.1206498934416996,0.07082415606460409,,,
2021-09-02,0.11466015785740592,0.06983078763051646,,,
2021-09-03,0.1398990840447599,0.0852483149890156,,,
2021-09-04,0.09614454030690323,0.05000248894005733,,,
2021-09-05,0.08925136890138982,0.041023860947407634,1.0460104425213124,,
2021-09-06,0.09117714778464142,0.03712661403335211,6.885308817067286,,
2021-09-07,0.37077729089259837,0.22980201861259283,2.448541191060126,,
2021-09-08,0.20758312533180245,0.11775335166535628,43.94584288981635,,
2021-09-09,0.14667391021069703,0.0786640051383228,,,
2021-09-10,0.16096686824190307,0.08059345086230735,,,
2021-09-11,0.09046035254827672,0.05051880026508282,1.3939678639113664,,
2021-09-12,0.10052315105526105,0.05949851023650955,54.3417297444006,,
2021-09-13,0.21349740980611212,0.10917202163972206,2.8708374778054986,,
2021-09-14,0.11954246628028219,0.05572682127980452,1.8950251831757048,,
2021-09-15,0.09829908420348733,0.04224374357355127,2.8244438912443877,,
2021-09-16,0.10877791053743403,0.04890918314510612,3.3505287405927526,,
2021-09-17,0.09466447689633031,0.04288562091309077,2.815640585173063,,
2021-09-18,0.08422098210237061,0.03685646798227318,1.4948579814886205,,
2021-09-19,0.0871287572755668,0.042041670410673575,0.7936079147989229,,
2021-09-20,0.28613458507023026,0.12685264803256716,3.1497752644776047,,
2021-09-21,0.3592968397745357,0.18413490846505917,6.346139619053035,,
2021-09-22,0.20926372531625542,0.10098956589312433,1.8105249248861504,,
2021-09-23,0.1586764829095397,0.06878956783610121,1.5305565025315653,,
2021-09-24,0.3147714632782588,0.1430720356977961,1.251869524893443,,
2021-09-25,0.14793605643513283,0.0742541306633772,2.252088230218364,,
2021-09-26,0.18564525112651195,0.09687494904258756,3.2827903917766728,,
2021-09-27,0.1539652251734013,0.07888993495558458,0.48170718188812967,,
2021-09-28,0.18998411211994584,0.09685398596932582,1.3350043407097125,,
2021-09-29,0.14676809258866352,0.0796551465958789,2.093659220000221,,
2021-09-30,0.18543918781164526,0.08700689549645924,4.622252092420146,,
2021-10-01,0.18369006813287442,0.09114458803822913,8.063535712094856,,
2021-10-02,0.07686767259134106,0.0368639643644289,2.261483621044879,,
2021-10-03,0.09173690434836342,0.0445426455678553,2.5095900612806465,,
2021-10-04,0.13726940361426496,0.06780685499828676,3.4234605019184348,,
2021-10-05,0.11564715837532147,0.05186089492923213,1.1885224078465553,,
2021-10-06,0.15121420498617513,0.09424422392951663,2.8973138962146816,,
2021-10-07,0.09373459729919965,0.056355583821841554,3.9933017312055026,,
2021-10-08,0.09281001554823556,0.05409902743561277,2.2491136476947298,,
2021-10-09,0.059768987997642305,0.03946623190580412,0.9290383272353513,,
2021-10-10,0.1006424166765217,0.0564677490015747,0.4342891177070038,,
2021-10-11,0.10085635855254865,0.05696163509439405,1.668944237158096,,
2021-10-12,0.12141417860887137,0.0719241449488731,2.617439001286293,,
2021-10-13,0.11708406605406559,0.06656039442780308,3.3900946345965313,,
2021-10-14,0.08797064684240154,0.0511517818976192,1.7733188206719486,,
2021-10-15,0.1513178969480626,0.08109896918163186,2.404467838275396,,
2021-10-16,0.06461796831261765,0.03783712859568877,0.2957871409109026,,
2021-10-17,0.07327338565322007,0.041188117407703735,1.0422578441793988,,
2021-10-18,0.10375332906956086,0.05671755465363296,1.9604299279885435,,
2021-10-19,0.10616228500757509,0.05689764948780759,1.0981569579459316,,
2021-10-20,0.08628602382673263,0.04160228660583643,1.275309131453083,,
2021-10-21,0.1393233317617925,0.07255406811843644,2.6789687998438896,,
2021-10-22,0.10297469633504108,0.0525251868577605,0.4831880150298611,,
2021-10-23,0.06599120907948323,0.03368082344377249,1.5709619759001088,,
2021-10-24,0.07086964254688928,0.03313662382452133,1.1398934881845906,,
2021-10-25,0.06735257947636328,0.02989070115760639,1.6214020203246566,,
2021-10-26,0.07274064870161193,0.03270710943359586,1.2223528313552052,,
2021-10-27,0.10038875769248526,0.04882890994918594,1.5413024353341709,,
2021-10-28,0.10560540983143073,0.057967262852605006,1.2839304854818765,,
2021-10-29,0.06685166193467439,0.03659681764228653,0.3143583115925479,,
2021-10-30,0.048658931666732824,0.025766813528764806,0.17993607222669847,,
2021-10-31,0.054125404470109,0.026382360306695867,0.35318872125731277,,
2021-11-01,0.07489065215679891,0.03793199513503641,0.6971541146442888,,
2021-11-02,0.06242677110489792,0.03490124000599789,,,
2021-11-03,0.06311136692721986,0.03646538710561776,0.7444756064342698,,
2021-11-04,0.05409664801011717,0.028033790976471226,0.3491306551524093,,
2021-11-05,0.045301298379143866,0.02156932375851159,0.6883036960151854,,
2021-11-06,0.04419214395809182,0.015994253379631687,0.11221909744006263,,
2021-11-07,0.04009236777564664,0.017144057542325567,1.4768358666199088,,
2021-11-08,0.06765484026992756,0.030920433798027343,4.052624616640046,,
2021-11-09,0.05768999663195255,0.026487408975968522,1.912254384125389,,
2021-11-10,0.09373660305765444,0.04748191321115426,3.7633098518310897,,
2021-11-11,0.04993306514059251,0.022176645592574443,0.9641366285833445,,
2021-11-12,0.07123022292649164,0.032116854313119496,0.8342425085660101,,
2021-11-13,0.03381439717992342,0.01512655371259312,0.06250880649225814,,
2021-11-14,0.038713120554951345,0.017434513288320328,1.3733392959780155,,
2021-11-15,0.052933238819343684,0.02156288213907856,1.452797690528447,,
2021-11-16,0.13042210702090565,0.05120991487449864,1.7070343363558684,,
2021-11-17,0.07963322076858384,0.0323202163641064,0.5153253085972177,,
2021-11-18,0.11839897716828003,0.04376706365618173,2.0273129415876743,,
2021-11-19,0.07155601530196724,0.028003393459559947,0.37034583663248716,,
2021-11-20,0.050849605317460626,0.01776893302269623,0.7472647578524578,,
2021-11-21,0.043613158646643335,0.01865450764604928,0.2244332036126214,,
2021-11-22,0.09575872781837709,0.03898970150534399,1.5446604930216177,,
2021-11-23,0.07756813260017914,0.032421387393105024,2.765647754732339,,
2021-11-24,0.05639832987795145,0.020538459556428305,1.4894838749494959,,
2021-11-25,0.053437115405185906,0.021077539514205386,2.9673487800723968,,
2021-11-26,0.10614454483746948,0.044954661105395595,2.071968617474328,,
2021-11-27,0.04486784463878264,0.02025634340946736,1.2028500143111236,,32.318419719392246
2021-11-28,0.059821109365672635,0.02539706830146301,3.947620383921479,,53.42660877727973
2021-11-29,0.060297943260055976,0.02662370099101034,3.8306521367283963,,27.600469663564812
2021-11-30,0.10002554208608251,0.048803384363475415,3.354742736546991,,112.78706293345707
2021-12-01,0.07889913327607175,0.03725433454865019,2.3011680138524864,,22.358628580112892
2021-12-02,0.07389044067501171,0.03068721961724051,0.5897797329801983,,9.928200689090437
2021-12-03,0.11267495393009148,0.05393624310900651,2.9904317616978515,,15.437237758729852
2021-12-04,0.304161974571083,0.1431205741985605,3.364821236971593,,32.074811468223835
2021-12-05,0.1449461799926764,0.057361470180812335,2.8696550107144536,,14.8048124445167
2021-12-06,0.18774359965756734,0.0702271021941023,2.863923318728461,,13.324436190572845
2021-12-07,0.11292875367928454,0.0475702616158244,2.112317432010525,,5.358890040919375
2021-12-08,0.12049226038195357,0.056818803984747326,1.195565671482277,,5.175449662158004
2021-12-09,0.13668642932378974,0.05929336356801278,3.2078901293053366,,5.473754351758195
2021-12-10,0.16332859996506166,0.07553157217549543,1.3094296095872,,4.098622456820246
2021-12-11,0.10517305243030618,0.05255550061852338,2.5010037045993987,,8.715644099637947
2021-12-12,0.08424810868264117,0.03968347827088515,3.2546558317923378,,7.951808983155321
2021-12-13,0.17428480451730433,0.088883459770739,8.38967555457912,,11.912464616832318
2021-12-14,0.12882491026861637,0.06884794358437388,3.56534668928596,,9.085715988620917
2021-12-15,0.1606532295236165,0.08830235704009638,9.165071042864518,,11.806176714342204
2021-12-16,0.09529515570702814,0.05376291670956126,4.122856608920429,,4.7354004624190615
2021-12-17,0.13978687073207083,0.08252521415519959,7.735377477238803,,6.539218317836938
2021-12-18,0.07667841829718111,0.04301366114399881,7.920270627185176,,2.13996012558551
2021-12-19,0.0923870643007026,0.05668214254191036,5.199886205982075,,4.1193021887783745
2021-12-20,0.09442443187203263,0.05480662160334772,3.5845652221521616,0.8492834847353479,4.086803323714469
2021-12-21,0.0757912337982688,0.05090726561961883,6.266393476698943,1.1728116459398175,4.73663358008128
2021-12-22,0.058582148632943414,0.03702442287236864,6.930375841796601,0.9546780467979478,1.8023803725289493
2021-12-23,0.06834812007877786,0.05275242961736026,20.611525909534407,1.2682480401925769,2.430717674348494
2021-12-24,0.059659047769589954,0.042068345909481844,7.252522901649977,0.8726448060465564,1.957721576545382
2021-12-25,0.03968332723026648,0.026456819337525923,1.1483009486669002,0.19067769732310827,1.1557430741329349
2021-12-26,0.05035058000302972,0.037341844073089096,4.29436365008465,0.7090467166505805,1.9545554283788467
2021-12-27,0.05781517271536995,0.03842026475379715,8.328960061618076,0.445987867069715,1.6562224475795175
2021-12-28,0.09529568453172972,0.06663686583946035,5.846288871618616,1.066752341534011,2.2091735460161877
2021-12-29,0.08111001467327486,0.0588924345087771,2.639652668581554,4.158259024522867,2.0182533177952022
2021-12-30,0.0679195126135644,0.04720468673979245,3.1717780255536288,1.117268245885398,2.138922031781016
2021-12-31,0.08309084843165403,0.07045613318630857,12.86581834467118,4.029978478643817,2.2914188409278053
2022-01-01,0.05154620027178533,0.044087535998787716,8.507888830900672,0.5107210192117394,1.8593552745567292
2022-01-02,0.05332378365320172,0.0476851453290483,1.018307558014909,0.932233477192933,1.5021012214580602
2022-01-03,0.06628554509900174,0.053064526230385205,4.278875518326194,2.0029064343335787,1.5227203155622564
2022-01-04,0.07853966704539957,0.07004382607620281,1.386228660990133,2.684112539339335,1.7689948863934155
2022-01-05,0.14361295090827342,0.11734253787638835,19.90278588095956,0.7928979361264528,6.198446858709738
2022-01-06,0.08767888195306517,0.07389287604907054,13.86480983232475,,3.4946210929893597
2022-01-07,0.14863080017888258,0.1296730882105174,4.261493442957498,4.086088821791632,4.321303136788671
2022-01-08,0.08908788030923998,0.07687894536938347,4.707947518634805,1.335307639714817,2.9082448316612353
2022-01-09,0.07000507910255722,0.05894093397403461,1.5769513137370685,1.8990061784765624,1.575103498534462
2022-01-10,0.1417713790088344,0.12051511520151183,6.63009485440583,7.622019578973114,3.9553293540008263
2022-01-11,0.09800120927498132,0.07799718376269967,13.82841497840342,0.6333154618832845,2.9874542836642397
2022-01-12,0.08276974679215467,0.06902370199564165,3.0317650666215625,1.2090391342228501,2.4073537806718965
2022-01-13,0.08853404569657276,0.07044330483164013,6.7756794155177635,0.41207960723113934,2.0372961409272676
2022-01-14,0.08500942435108078,0.07229065938549506,1.6276469381291425,1.1003461393418403,3.0111239966419094
2022-01-15,0.056856807643430755,0.05019179843519662,11.130014834120422,0.9032816847718592,1.5467347206099706
2022-01-16,0.05591107584185034,0.04623153449293098,2.8040994741496177,0.18518657306492853,1.1886786896658028
2022-01-17,0.07283969697732008,0.059868358594558385,0.8794225781662626,0.8909594601590545,2.2178469473768674
2022-01-18,0.08453673517711412,0.06549571826191018,1.5069038618452346,3.093708358458467,2.051848419299292
2022-01-19,0.10631424409639606,0.07650867089284932,3.413696852980772,2.743117887079684,3.609873097973903
2022-01-20,0.12840665168818463,0.10251614935595374,3.526233007186264,4.176865591741359,3.6717104445387374
2022-01-21,0.3017434320336869,0.2552089155921938,31.345670903410518,4.946902109900431,8.049933250272046
2022-01-22,0.2638912126866922,0.22133156582638047,12.293520747494465,3.376744345765266,11.89341484125973
2022-01-23,0.13753124481140705,0.1230261502427761,6.415620142309463,3.3737179158366017,6.368110432279909
2022-01-24,0.3071995719351111,0.2897938042499902,9.363954123227314,3.3681494618985206,8.617298005241457
2022-01-25,0.14559382208292682,0.11764827788089766,13.224837560612254,2.9885894687344763,4.15224706222741
2022-01-26,0.20401542792732694,0.1761963239758048,14.952906681218039,5.3755463038717135,4.653366914435517
2022-01-27,0.15706941988212117,0.14236507463577056,2.4849452453110117,2.552933612351271,3.7367923495222044
2022-01-28,0.13132331370474126,0.11257871379021492,3.226795636942635,2.709906370123384,2.837361641459974
2022-01-29,0.08197325724240553,0.07084517404601899,7.0924803649068195,0.9279212977649004,1.5924732997009974
2022-01-30,0.06664533914380777,0.057921948799997604,4.059323127638472,1.5067506694292938,1.0309805172655135
2022-01-31,0.09989784794178494,0.0830877271317132,13.030993491285228,2.9766273221791772,2.4334747395638705
2022-02-01,0.11619768730318404,0.09106461816880977,4.8442803887730905,2.176179978020152,3.28092237490943
2022-02-02,0.1172712680123292,0.09851549016770288,6.321721961409906,3.7208648506611155,2.0523041773333865
2022-02-03,0.10990364879707985,0.08926862179054791,4.312335711417294,4.809752277950477,2.269136540242041
2022-02-04,0.1535316006096223,0.12937643162603965,4.555717534402575,17.564465910094906,3.864263876133238
2022-02-05,0.07203197617199808,0.06262106883503527,13.683515791327217,10.290380271991125,3.06107082705147
2022-02-06,0.0631366293150167,0.048948673929219,4.1087110589356515,4.910722989754727,2.431479276003602
2022-02-07,0.12205870686139242,0.0958600420097863,6.979612152235974,11.684408625851718,3.5370697148130947
2022-02-08,0.1457154140663825,0.12129574747739741,4.512941655571567,9.950665685082345,3.022712477727903
2022-02-09,0.09071880192663068,0.08068036817482618,2.89678476513543,3.9763699577298817,1.756088454792585
2022-02-10,0.18045716481920443,0.1479354381375855,5.17272363402555,14.875043072924983,2.912552778408562
2022-02-11,0.1348092383939377,0.11078560626223034,14.489478305268827,13.199331978713992,2.48473390672483
2022-02-12,0.08372196193149299,0.07090938710938374,2.664461108278687,2.976710174164372,1.052334773755166
2022-02-13,0.06371737091171009,0.05802336660055386,3.511156494097757,6.917171203391578,0.6877032619886057
2022-02-14,0.09630686826683242,0.07827469900107367,1.8303210773208152,8.507164546994831,1.3931898039974389
2022-02-15,0.0816300621302257,0.066188710829036,1.880809949522224,1.8312368830244077,1.140383967096036
2022-02-16,0.07607230247172923,0.06277554368016411,1.2699100095508857,2.6339711750390955,1.0575203388462604
2022-02-17,0.14312790570911899,0.12050970400235671,,7.594826135630879,2.132884610196869
2022-02-18,0.12889479324092226,0.10109924585471494,,1.4415550840128948,2.7514998176753314
2022-02-19,0.060923850897940626,0.04899075737603954,1.266996203599051,1.0013595958371377,1.187706698667113
2022-02-20,0.11662461498676774,0.10872724298746374,2.1927428196845886,2.3227790553063405,1.776143365006899
2022-02-21,0.23971749389681013,0.23099978816488523,7.879265750867428,12.911403484958896,4.175724955779782
2022-02-22,0.16271109722399096,0.13404806404551628,7.3944128899044745,3.4353786003936664,3.3631161984588682
2022-02-23,0.1504568936836998,0.11905115570311582,2.6870449385750517,3.6922916788393163,1.1449704366807962
2022-02-24,0.36359491209426525,0.2850544459406284,35.4080307966198,6.951178741763362,7.874763043133688
2022-02-25,0.15727888539203314,0.12235920360539347,6.95800486738667,4.033290404680193,2.9826763048724065
2022-02-26,0.09577755133387403,0.07470936079187099,30.247760117972113,3.238489736274786,1.31232501503137
2022-02-27,0.17056497071849636,0.15712370003165407,61.610478363816426,6.644068022459991,1.9564616498286553
2022-02-28,0.207188737966293,0.1848693619945542,72.54228694832642,7.438436449587345,6.559263403787721
2022-03-01,0.14296578665875984,0.1176664542003546,30.648870004548915,2.6399683273563848,2.3603767941202376
2022-03-02,0.12748577941786463,0.11975814759084082,56.48398289606288,1.498813819407916,2.1824200793433106
2022-03-03,0.11534867824973162,0.11022314418347434,248.09936503258672,1.7354636449477756,1.481823245444444
2022-03-04,0.15955569395484548,0.1501353605936139,23.531866969555537,1.5949625943500827,1.9926107018057069
2022-03-05,0.06642208283605286,0.0562025142198345,3.429791732505985,0.6226202302667497,0.5881893471141512
2022-03-06,0.11210668485487953,0.12046950243804429,5.969305814148571,1.373926535366324,1.4579840369004164
2022-03-07,0.18648796089968792,0.1740789463842578,14.097467558372037,6.105767258121704,2.7743754726795564
2022-03-08,0.15736019135399407,0.14195878477712884,4.983326790102263,1.0451158148742257,1.7618518767434677
2022-03-09,0.15261818433734892,0.1372265597710209,51.78950826343815,1.1794786729071505,1.835416591149001
2022-03-10,0.1884243385411502,0.18647868971796736,13.662467726652931,0.5795509208580911,2.3426976817276923
2022-03-11,0.17217473044860504,0.16503003081273457,25.919058617943566,0.6988831935322252,2.58606439021075
2022-03-12,0.062010270307028444,0.056994264733153666,3.2147538863170335,0.44236363763246106,0.8313697256284918
2022-03-13,0.08283872673811646,0.06663425252698517,3.232988374503902,1.7457752565361044,1.1491133663470776
2022-03-14,0.12248129000156474,0.10975753482513094,4.426413268535006,0.6925789759454132,2.3103824702636975
2022-03-15,0.11650026328273534,0.10024073983016107,3.0557127167565987,0.38084684252428064,2.033673262899911
2022-03-16,0.21364893153040915,0.18081549921387233,3.7657967761450233,8.890719690356958,7.233455791322701
2022-03-17,0.0799674369411852,0.06287219982555947,0.3450518659680542,17.80055079515616,1.8504829143953834
2022-03-18,0.09394209400234123,0.09232622673507303,36.55219568356423,11.327157961294269,2.0220086326105657
2022-03-19,0.057082531315605506,0.04923384683294578,2.755123918758396,12.31119666925132,1.0642534519396603
2022-03-20,0.07589241128229708,0.0628498878990028,1.7138055892682078,12.945519901441417,1.1078622686894954
2022-03-21,0.103139815573082,0.0805484045304574,1.7651917873032936,3.998382886273416,1.6945222601411474
2022-03-22,0.11861941330858439,0.10997342038618016,156.7389912342026,17.050089048083002,2.591949169681649
2022-03-23,0.09093543499220125,0.08015445516338077,17.928176711328664,12.844458591538007,1.7692740205012183
2022-03-24,0.09373416875024569,0.0742332331475428,48.18526958720069,8.84902412281959,3.1525438984915946
2022-03-25,0.0987007692051149,0.07757478634526042,53.37213581091152,5.4167667558289,1.7511389167845253
2022-03-26,0.03971200436602378,0.03158607512228938,18.802757384444046,3.5582448424417783,0.6336384207854362
2022-03-27,0.07169748284038031,0.0662295399063886,77.32557568255666,8.4642189241157,1.4170312007838226
2022-03-28,0.08790880684869323,0.08339582577240151,11.689729651492222,8.91438268159168,2.3297572221708536
2022-03-29,0.07136338257195486,0.058788191065219715,10.400000975666243,0.8445857333609089,1.6560506345191026
2022-03-30,0.06527504483216011,0.05737581604447929,1.532891838360323,0.787010584158147,1.5570867635480505
2022-03-31,0.08854734909021,0.07899627052900243,15.283298990839597,1.049699820841122,2.15304400551722
2022-04-01,0.10630737120305238,0.10041589034664387,27.567666922570123,2.0887083849406984,3.0584477311837297
2022-04-02,0.06889332894910287,0.06271630747639034,67.86008776505844,1.7928625226891686,1.5863850404201347
2022-04-03,0.06367436553947764,0.06239306859171928,19.623262947982706,0.5899453620548845,1.4413564333615965
2022-04-04,0.07982102642675053,0.06765755745801272,111.64835067805168,0.5962897463885136,1.573563389738564
2022-04-05,0.07381244919250779,0.06761234383744198,15.218301475380258,1.466731414008535,0.9557280804729774
2022-04-06,0.1092048383472316,0.11697104351210061,3.5011806488920385,4.2214113238138475,1.968439529088573
2022-04-07,0.06539873297102879,0.06724854087186491,0.7884509987066203,2.1098728743726944,1.2457720652477495
2022-04-08,0.08888843507015759,0.09966333717780022,5.181627798194259,1.2908690665727296,1.0809084684445316
2022-04-09,0.033686664011370354,0.0344530162295237,1.8786712701191728,0.6199978489731248,0.2682118898422732
2022-04-10,0.05117307131753684,0.059109495075313226,4.446529753032656,0.6393819366124208,0.49286027989853637
2022-04-11,0.13194005469880687,0.16323182842339276,27.519350927859424,2.7095086331875704,1.200420951657255
2022-04-12,0.10471439460947428,0.11261292029680207,30.6365431619876,4.719409337330868,0.9614128067434674
2022-04-13,0.09885928761150087,0.09534567079469967,13.732262185969182,1.4703712445387482,1.0713256351451172
2022-04-14,0.07927951676341344,0.07819571795893485,10.229593356365346,1.3844272591393254,0.5072006912552682
2022-04-15,0.05896799951644278,0.057786794779737895,9.006397172537781,0.3620844952770406,0.5511497286595435
2022-04-16,0.03886944331512966,0.03925385085881343,15.651508651468125,0.09977775220028949,0.30707701129316445
2022-04-17,0.05134436119119613,0.045387337061793084,9.202803025371848,0.10047332419520895,0.3995127090674893
2022-04-18,0.11193826536223897,0.11516572188786277,44.710582167262466,0.40573311849975857,1.3092610450041873
2022-04-19,0.06486674286473136,0.06375478911518348,0.7760972907168096,0.9712220341934648,0.6874165069167222
2022-04-20,0.07777079442057781,0.07588708981933394,1.701174186381843,0.4657603780180921,0.6516565964505336
2022-04-21,0.12068648398457266,0.12420396197727705,5.321353073769951,2.3394161593457166,1.20147002267346
2022-04-22,0.0932753682695737,0.09234407935891727,1.7464825322830806,1.1725666546925049,0.9206581973976543
2022-04-23,0.03680754146636243,0.03606464501375191,0.7747484601101218,0.06856646811164764,1.4118327356426794
2022-04-24,0.05331294826610867,0.05408357632155808,1.0404554577068847,0.1751703063825308,0.76577704988532
2022-04-25,0.1306468543177123,0.13316153479239146,2.6687041357215473,0.6398250428862297,2.0646969503106325
2022-04-26,0.1370045880496922,0.1404122185152237,3.7871936685834764,0.4339047773170162,1.5124002138702117
2022-04-27,0.1193657436579535,0.11344710483160057,2.3371079097255625,0.33030664332420273,1.6790971375739663
2022-04-28,0.13154863157764762,0.13301583908411851,4.822267990173386,0.3800597052390618,2.4393993837845316
2022-04-29,0.09604844245969256,0.09658622055509948,2.6635892370793726,0.231332581880639,1.27409137905384
2022-04-30,0.05676356388046167,0.05319281832473825,1.0914385768914063,0.3461104614103181,0.5220378982968279
2022-05-01,0.07450908205431188,0.0740343902087228,8.718705233909732,0.5674154767389425,0.8723816243654676
2022-05-02,0.10822767167835141,0.10214436882752005,8.893940595481597,0.3165686608866099,1.7031869898676655
2022-05-03,0.07246075672385573,0.05980244590712922,4.2725198365428545,2.3184472228971087,0.6544016191967569
2022-05-04,0.12917337163617848,0.11566467728855157,6.216707592135668,1.4471336736482632,1.7681923714542038
2022-05-05,0.162284498542442,0.18094722337784397,3.7534299634784296,0.8316309169329817,1.3871829379117226
2022-05-06,0.13425126413686805,0.1363523130907506,2.0620949758260196,0.4530190497448391,1.268864857218606
2022-05-07,0.061906429310665,0.05903304559122112,1.3383519890559488,0.4703995676794927,0.40203903530342266
2022-05-08,0.1406478372065687,0.13882811172540926,3.3791672845536223,0.44695220810233155,0.8686897613473864
2022-05-09,0.41987927329638675,0.4627101137759044,11.663631692008781,2.126527803771886,1.898984139074507
2022-05-10,0.32840380388081697,0.36209390830935895,20.209128922979648,0.5685790821063962,2.149953976061248
2022-05-11,0.4872349873244414,0.5362071457360145,25.143907145681546,1.1855084045050681,2.852685306754945
2022-05-12,0.46546555548388563,0.4882723649865804,9.419056151377973,1.4003612915578545,1.5803386118371123
2022-05-13,0.22793402478187022,0.19103331811826726,0.8339498966733165,0.021260393944846717,3.047528026704844
2022-05-14,0.14950150737942514,0.14333407480220484,0.5626769531675526,0.17277430516141978,0.23761965161326895
2022-05-15,0.1478438550016439,0.13074609538209214,1.5005000436752491,0.4010760863828453,0.18774700001386155
2022-05-16,0.22836781766512146,0.2111681570428958,1.8724847816122308,0.9049096934213033,0.2626172884508549
2022-05-17,0.17971324919499068,0.16575700511712957,1.0664026233411599,0.20333909335746644,0.1699223256870278
2022-05-18,0.190598469406922,0.17065720600769832,0.6278938469050908,0.2745700501969229,0.562289510922523
2022-05-19,0.17256082358286648,0.15242665386257775,0.8671977395698887,0.1773939547046683,0.7958923190696966
2022-05-20,0.20460766241154646,0.1777854668561136,0.5509662250761881,0.1255620619012273,0.8559476158076991
2022-05-21,0.08711211843364552,0.07511523169591097,0.06659301757283854,0.073247305120933,0.3466461246310938
2022-05-22,0.11728643682483865,0.10770285981639967,0.232390136101618,0.0721192007983825,0.6574574284236838
2022-05-23,0.19862769576183795,0.1727862891313738,0.6975397315785771,0.11958913449902901,0.9974494736925749
2022-05-24,0.15581976203651057,0.14178059760906497,0.7013822842094108,0.1943163857682629,0.8371666248520386
2022-05-25,0.17588225326702342,0.15428406717421095,0.445603503951226,0.3153367914710938,0.5355898176946471
2022-05-26,0.2515946112824246,0.2591986914728162,1.5570263034394995,0.7117001708928213,0.8050654228711547
2022-05-27,0.21423402957429835,0.29938701992640865,0.9100070896547128,0.42815122651026677,1.008115896502709
2022-05-28,0.08174700763015386,0.06895501077787419,0.20080222343422766,0.28140532823751263,0.3091572372220133
2022-05-29,0.08478838047392934,0.07242510952168167,0.13808049169460676,0.23283207372944567,0.2748781290895793
2022-05-30,0.18121931478748612,0.1823622650199984,1.7762624712670907,0.4675234039869388,1.2826957642847583
2022-05-31,0.13711544890972424,0.12051905041541691,0.6760975352122611,0.7172754161562889,0.7714737967256295
2022-06-01,0.2236827007118917,0.20604789384791228,1.1005951109457774,1.7772776287513683,1.5730461770523898
2022-06-02,0.14442631738727701,0.12476472125108992,0.4638479408908085,0.2287610337357663,0.8277083704437403
2022-06-03,0.14367042874734925,0.12480491005342637,0.8120730984993919,0.861544263106378,0.5253867899981297
2022-06-04,0.07610486990912983,0.06112040776489629,0.48755945123526456,0.18181996911001408,0.21661826077619914
2022-06-05,0.08278061180725539,0.07127085403527915,0.29430868436618235,0.26127911073464805,0.3116506229455498
2022-06-06,0.14524003872290697,0.15161923114052175,0.7109587983097004,1.8850259332584154,0.9757054301986928
2022-06-07,0.25746272556319316,0.26771694917805605,1.6161755679448888,1.45707480129101,1.441661849686164
2022-06-08,0.18893477629337,0.19047553459254443,0.5671409185662681,1.7175906171634832,1.1721115321318052
2022-06-09,0.12063401787485964,0.11870102568170515,0.4005070108877329,0.5393364944211674,0.5438226675265551
2022-06-10,0.1742964063259858,0.1745954666368597,1.4538968824152934,0.482512701422645,1.063262259533973
2022-06-11,0.15343040602108685,0.15097205759438823,1.565184830609903,0.13451199672320616,1.034515968313333
2022-06-12,0.24513720721914048,0.24536444864612156,15.529319588031871,0.7514560407582439,1.4273708577373236
2022-06-13,0.8728005310638889,0.8912867331667143,16.53753332996411,1.7119077069216246,4.271033174373463
2022-06-14,0.6726801295688807,0.6514140423071799,12.395952021534821,2.2663729241327064,3.0846254314212516
2022-06-15,0.7945574436975087,0.8001513115387798,12.629101686728376,1.2938246534791558,1.1448225899901199
2022-06-16,0.4808025995292948,0.37088153634011295,1.3440137172786562,0.31914868209976505,0.19345397945563889
2022-06-17,0.4026996332318871,0.32189206184610025,0.8194919584355536,0.9490747724080955,0.1465754477128386
2022-06-18,0.7397570973428002,0.6319779476231911,25.340871276676346,1.12705465338928,0.28594254365610455
2022-06-19,0.5812039492469149,0.5603719333563089,7.9836230245222515,,0.4306894680176113
2022-06-20,0.495030513937822,0.4428827526857707,4.0561731350491375,0.163740611763729,0.26438324123584134
2022-06-21,0.40628308413178177,0.36079102284529857,11.869442566394492,0.7825964118798356,0.2829646929711312
2022-06-22,0.4318485707198642,0.39172144855095004,5.964847436544067,0.5697493894016676,0.9442379715078145
2022-06-23,0.3454395410654778,0.2991877675631869,2.8848659019778466,0.3769167239283022,0.366834864522722
2022-06-24,0.3194604488975641,0.295131363848925,5.348099026314081,0.291856547535867,0.41450927806717675
2022-06-25,0.20030311565533612,0.1781298358666105,2.359992951939124,0.17331463675333256,0.15590104799861287
2022-06-26,0.21763435423038083,0.19632108519110808,3.3486056208830512,0.16331206020413438,0.10714139282833722
2022-06-27,0.27056687727460277,0.23431544825959108,2.768642789897343,0.349856362010483,0.12021684001770812
2022-06-28,0.2903259032339876,0.2495704943726329,35.20048671654517,0.10699336896837505,0.1480141578481297
2022-06-29,0.30819077058784,0.2634867850688208,5.4238433324092075,0.30565458335652196,0.16205610494390724
2022-06-30,0.461569707042203,0.4239696055201707,37.59136371103145,0.7487592147272961,0.20588718049546734
2022-07-01,0.5196761286842849,0.4795282726261992,22.323812325067895,0.23978470850428538,0.19589755099809075
2022-07-02,0.21165689229909002,0.18267559679760131,4.130145227688398,0.105845165632403,0.06298721524844354
2022-07-03,0.24635752757478793,0.22813398626361406,3.2046642911339314,0.14431609400025672,0.05583676126707692
2022-07-04,0.30614064950900993,0.2741143126824374,7.4933054098676575,0.10247336128277423,0.146738196240366
2022-07-05,0.42308864804348933,0.4369347265623135,6.653621910571046,0.3306361309179495,0.14636766090619144
2022-07-06,0.32013121932194416,0.26666699531813365,4.366949624907564,0.12402032482233749,0.14174604746412453
2022-07-07,0.2779842106516003,0.23430491407140128,5.076575679012253,0.30968562122720245,0.13195615863331744
2022-07-08,0.3587880425018391,0.3358130225983617,5.299920876779831,0.26804285078631773,0.32258366447510883
2022-07-09,0.16537314270473158,0.1373983293426717,1.0913228298994038,,0.09339309301291354
2022-07-10,0.2148782068038626,0.18633179981792508,1.35662023238209,0.14424323145908002,0.09529832034986987
2022-07-11,0.2677053127020361,0.2294890209572511,12.228749237502448,0.37078578909575227,0.12843212347078703
2022-07-12,0.311045329770122,0.2496539291696025,7.615438423795912,0.23286836744233258,0.20686831929565505
2022-07-13,0.4608880074242572,0.375145820728522,3.4782115313500177,1.1555377528357886,0.3597254800401628
2022-07-14,0.34004283471860164,0.2871205644583021,4.892880047905444,0.4081754900924977,0.2824516487833493
2022-07-15,0.2678551796899315,0.2199245674305442,1.6121190084965418,0.23301443048678805,0.2347494810509005
2022-07-16,0.2282393135833907,0.17488275387721017,1.4566673316522007,0.1758095798246688,0.15233197664212647
2022-07-17,0.20736610404432532,0.15849571386488293,1.4775975271835708,0.29498218822916433,0.13783101226913363
2022-07-18,0.4011794959967979,0.3351554881300856,9.654694738133758,0.8296702097962735,0.4312065353959184
2022-07-19,0.4031003268339123,0.3363647621847495,6.404058004412993,1.4184787391537588,0.8824772519985398
2022-07-20,0.3627800706802752,0.3299415613078485,8.615217301143097,0.6530179989550101,0.5726472678590777
2022-07-21,0.27762685241556967,0.2261889857971148,5.377643999171753,0.3245135012513055,0.3957109815713768
2022-07-22,0.2386487796322115,0.20765240171087326,1.965748891639849,0.28237448137582694,0.24564145319941205
2022-07-23,0.19118223258984895,0.1531009156919191,0.9937924093951389,0.30266442444669733,0.3412835366900464
2022-07-24,0.17740902801809005,0.1423078921119218,0.42892147925667895,0.21183542107104078,0.44907379153307186
2022-07-25,0.2972435278198239,0.22676571777465107,0.9043243004344426,0.4780099605521784,0.5406978516643214
2022-07-26,0.23378810018063292,0.17606073299984598,5.6246337952089025,0.40306969717409424,0.519647647892646
2022-07-27,0.288292074760775,0.22765378506115705,4.686314556728924,0.6198881623231544,0.8152544186814938
2022-07-28,0.2797856988735316,0.246916904425356,7.923733955182708,0.43539963212395283,0.9764593277174357
2022-07-29,0.23831413643727453,0.18945437399839063,6.596668534199762,0.6605808607811806,0.8179664185426306
2022-07-30,0.17865594669195148,0.14431445512767702,2.865953134983635,0.2757985794007249,0.45749319953559
2022-07-31,0.14606989455452699,0.1183259191312838,4.224170739490754,0.1484463497684381,0.45983164555363715
2022-08-01,0.19094775844323786,0.1512490511498803,3.3403621913875745,0.26234645555201286,0.5198204821978231
2022-08-02,0.24262802465443573,0.19007709391830752,3.130676714391866,0.17711124444332302,0.5355048110659639
2022-08-03,0.21752838752804207,0.1588498490026124,17.560202832100146,0.12704841470732217,0.3195000352815665
2022-08-04,0.21647762354347416,0.17438034200978894,5.570782579426405,0.15685499050017077,0.32544562508305513
2022-08-05,0.23857378213487754,0.19297502821321422,4.833313541993504,0.3211493583319592,0.4466741966394031
2022-08-06,0.09009978359432999,0.06389989408083392,4.406432695028332,0.041265921527041276,0.1112808371506223
2022-08-07,0.10662180944184078,0.0783801149964629,6.979779830998804,0.08861191397906565,0.1182193753355209
2022-08-08,0.20151888275395297,0.14671085271459816,4.3366435204848806,0.246397793132625,0.3411931601669973
2022-08-09,0.18578677129029217,0.1212327479263379,3.7049713018589396,0.320106985668032,0.21988774324099705
2022-08-10,0.28365288942170225,0.21868780906185056,6.982481344775909,0.6613850115294121,0.6101474905745382
2022-08-11,0.2717367266907221,0.20750108877191661,17.05703651094944,0.8460821656038896,0.6587674463483922
2022-08-12,0.16848429293003192,0.1330468188201868,4.950528072855707,0.3468919890560116,0.36871963975261685
2022-08-13,0.14714495706853986,0.10422394841048675,3.8033611675218704,0.5534729670592953,0.3448210670717261
2022-08-14,0.15763364040409117,0.11505625388769593,2.3531686851002984,0.5041345745986351,0.2708725740960636
2022-08-15,0.2830801024894329,0.2050304902684754,6.617207814899822,0.4522930926454411,0.5961217106724971
2022-08-16,0.17686217368454243,0.11924997276721652,3.6244136819719777,0.21199756249467955,0.4390027341257795
2022-08-17,0.23418161441251964,0.16089168952233826,4.195952842714118,0.45327371260025845,0.6806382702917174
2022-08-18,0.12903498753509446,0.08224268424513494,1.334144313009405,0.057636351500883545,0.30429921634953516
2022-08-19,0.39852437647602335,0.317782902571421,7.3203915840108715,0.7420289574265869,0.9307260058080695
2022-08-20,0.21403470718171572,0.15666492875459065,3.474581800750339,0.16242857761163731,0.37412392964010266
2022-08-21,0.18021623839927897,0.1358776437901605,2.3031315252562448,0.6088234762192879,0.24904975876345684
2022-08-22,0.2530291550888113,0.1845951393628754,6.916327388348923,0.3955154129036468,0.30272567338857825
2022-08-23,0.25739922352908334,0.16252335519501895,3.9770491224421454,0.6968613208720094,0.1852671045402244
2022-08-24,0.21124658839470697,0.14811715367140227,4.17891123066738,0.23865759884126964,0.2837684841135327
2022-08-25,0.17271820296828685,0.11632083596748279,4.062644078283301,0.25810805130799125,0.1728250467092154
2022-08-26,0.37815671022879643,0.28372925083390454,11.227083814121798,0.5677317795381941,0.7237888254330671
2022-08-27,0.19648337045367992,0.1330863856103762,8.76276852294947,0.2248216309043094,0.2975402294860581
2022-08-28,0.1674739439404332,0.10767511140570085,3.143920514096751,0.4070534049652413,0.15652003543684495
2022-08-29,0.24560683849871173,0.157325291106566,4.4015253586461665,0.15305443574402947,0.3106495143603399
2022-08-30,0.3194105159740987,0.21077305796121212,13.933233935199782,0.33552145153195934,0.4182653315073807
2022-08-31,0.3153756352137093,0.19659141602686916,7.295350180284619,0.3218025058639156,0.3597523045098227
2022-09-01,0.2914190320762031,0.17221226709389295,4.173790758513678,0.16327548756845425,0.3283531211980333
2022-09-02,0.29214534576028295,0.1864947634552237,7.276469798839443,0.20483448951408847,0.30230617784450353
2022-09-03,0.1139395691796498,0.07192072920915421,1.8347878769609722,0.22803293381953485,0.1094893581438523
2022-09-04,0.162276433166989,0.09637833117836878,3.508989333138279,0.12003594693054664,0.13843583625136555
2022-09-05,0.17582961951997217,0.10696791334123981,2.8600619038238375,0.06391635667353333,0.12061889363668402
2022-09-06,0.38236291734327216,0.2542527478234263,5.441883741563752,0.31674434794411865,0.49762465262072464
2022-09-07,0.25304439668932355,0.16055964303681536,10.652330685760592,0.291881111032679,0.28135891235181576
2022-09-08,0.23288540714189704,0.1510183331461763,3.7732510907736505,0.09090700263266778,0.2698823049083947
2022-09-09,0.3415064918794687,0.2743840602850277,9.895383809115403,0.5901941729925411,0.8882630655488144
2022-09-10,0.164611401047436,0.11617133280749793,5.678323753355533,0.38569085886797516,0.33057991453359625
2022-09-11,0.1351470368976432,0.09727077970194725,2.8811672432770496,0.2283164767603424,0.2885232836371897
2022-09-12,0.2515128882983,0.18889371265920185,6.559646492510975,0.6625207615312949,0.6939379182374078
2022-09-13,0.49509775623612484,0.396788554626156,20.903373193450296,1.5784046464289372,1.1879256362018416
2022-09-14,0.2787175160332983,0.21082846399557176,11.437405748312766,0.18684931716613387,0.5127589786419523
2022-09-15,0.2852665222425835,0.1948016240217297,10.811134435834534,0.30894729068522275,0.4978927309218141
2022-09-16,0.22482334870849432,0.15054860894529823,2.037676401178548,0.19754998685478886,0.27459125907492987
2022-09-17,0.13325959227775594,0.09213993396988368,1.7836173062339895,0.1345642482092669,0.1587076671490121
2022-09-18,0.20643451766875162,0.1335518806907385,3.5130247653765405,0.17867846670499382,0.26548005598692637
2022-09-19,0.43976136707517927,0.3163053972780364,17.329960697532574,0.4228891427542144,0.6582551420779381
2022-09-20,0.36355854660539527,0.2620716302358586,9.624869942535074,0.7174636227884974,0.5014479781074226
2022-09-21,0.5521706437259966,0.5003885853995983,12.861752744234256,1.2672998274121352,0.922086414598084
2022-09-22,0.3602536084723204,0.25385128381122035,34.247572771501225,1.1741419332474736,0.5489869210858072
2022-09-23,0.3708395158308434,0.25243807367104587,9.493707754392263,0.8001638711821352,0.45781818861450335
2022-09-24,0.1658974929923031,0.11551890278682402,2.5970103694583995,0.1507525719574648,0.1925639854895218
2022-09-25,0.17906246782103336,0.11988165881717937,5.0718556892952495,0.19876428050505873,0.2054658673230502
2022-09-26,0.31543638484429876,0.22160247159103635,5.020056541668554,0.4914677193384869,0.4107209076358084
2022-09-27,0.529329004881028,0.3934101658203411,18.791026875136236,0.7796909394179583,0.748191533672795
2022-09-28,0.44948558500554536,0.3022891491725282,16.135626093867423,1.3863308977436264,0.7184119644768333
2022-09-29,0.3822426366454941,0.3119230275287716,11.642305825467933,0.8418133212669119,0.7853960728322161
2022-09-30,0.4399581592389275,0.3026954179274432,14.623764462686324,0.35832964450630467,0.7799520946349803
2022-10-01,0.12089287084109622,0.07762680542077541,1.3029321199332666,0.12924707803284027,0.14700938665217872
2022-10-02,0.17208433877760293,0.11286789464987815,1.7262636320544031,0.10493543337826243,0.20016764587517696
2022-10-03,0.23371150083073122,0.15730106511375566,1.9028770523403438,0.2203505825571485,0.43443082653129783
2022-10-04,0.23586656639493922,0.1699039253495341,1.4345001009280323,0.5506789062034338,0.6105066152433629
2022-10-05,0.2243465514669473,0.17092240405075826,3.004175194767448,0.49417193067091464,0.5825280087083671
2022-10-06,0.25022044917296743,0.1819227742239294,1.8342031176202898,0.4625319652372237,0.6575755020797268
2022-10-07,0.23513813921177273,0.1696754579173578,1.9102240905791197,0.273548637578445,0.5465119611340976
2022-10-08,0.09036122083687134,0.06076050054959239,0.45790146736140247,0.27712174987470667,0.12150602785543932
2022-10-09,0.09456351199715465,0.06119852194813189,0.26270706339199396,,0.11316716143395283
2022-10-10,0.1933581925194627,0.1296105427369506,1.4041293197474973,0.3631989217856196,0.2169752534709476
2022-10-11,0.20279138683761477,0.13128288659325907,2.5698590532186807,0.27905834109283256,0.281384391365322
2022-10-12,0.14063615424218637,0.08535635482692923,1.7704171211747772,0.10991628013861664,0.14664510349941917
2022-10-13,0.3725683859858063,0.27158207479685004,8.590022675380615,0.8927287279154149,0.7212246865060867
2022-10-14,0.3061362687623575,0.1744599577964209,6.835637514176579,0.28878139013638904,0.5342861702488394
2022-10-15,0.08527558363678414,0.05195762786689841,0.4118359295109156,0.33019167768386337,0.08891423037905524
2022-10-16,0.0973218023083197,0.06185133700279315,0.400793770446152,0.15970793265756772,0.14551606001679213
2022-10-17,0.16430452086996433,0.10746194978730347,1.8013365419228355,0.544134769746211,0.2523048871678824
2022-10-18,0.215050145084318,0.13967966743601212,3.287107276129579,0.5531296653494113,0.3185278452943117
2022-10-19,0.13733449518872518,0.09258005628618472,1.5579167436600716,,0.17712235427535586
2022-10-20,0.18015750506375974,0.11586562127822368,2.6536844456614332,0.267838358205226,0.23648926311213062
2022-10-21,0.2024073685817614,0.12567588454096087,3.445593367556835,0.18089721548005164,0.30170050858759145
2022-10-22,0.060216146844515206,0.03207158508877776,0.5798562676173348,0.12996435148909422,0.04021906132666306
2022-10-23,0.11384067199370379,0.07195009277083565,2.458953929592778,0.13479665699853152,0.19467281919257443
2022-10-24,0.16866808608879902,0.10206363616813319,1.5905828291204227,0.033142206749628894,0.23818828292577288
2022-10-25,0.23528686496995457,0.1572653969415232,7.263191714557275,0.25196824239722543,0.5539031916017974
2022-10-26,0.24329687567651292,0.1652509857736092,5.86339290953517,0.302715072665088,0.831573609211243
2022-10-27,0.1995009361159311,0.13401178022192636,4.954959194542109,0.15779753225473722,0.5348200884895749
2022-10-28,0.19677407125468144,0.13284345463086353,2.2210153441052247,0.2341476499249098,0.35229610393488875
2022-10-29,0.1516712048786071,0.10051709761997696,2.062748237886651,0.2388978772495432,0.31331855686442484
2022-10-30,0.09945716564315286,0.0597176011152242,2.043083388242889,0.07413729521883548,0.17963463857582695
2022-10-31,0.1739746594282277,0.11148386041581732,2.143467261959571,0.19724581349206605,0.298743289526097
2022-11-01,0.11372525361542189,0.0719706838929752,1.713059288054031,0.07376932663331567,0.16767450156091246
2022-11-02,0.2491937678292841,0.15730817450943546,1.89204176285171,0.36809465989721657,0.42098081940314874
2022-11-03,0.14224342563760908,0.0802589598765261,1.2939474873252463,0.12695076766901423,0.18076609538240807
2022-11-04,0.27451379199933235,0.16811359788337335,4.341827752437162,0.38190467450767973,0.5120234612560106
2022-11-05,0.09654298291683977,0.060088486759853475,3.644228199487845,0.09038222821748013,0.19261013541535657
2022-11-06,0.0951952078763555,0.059721716228384986,4.587101958690188,0.09143513915880104,0.14314019504104367
2022-11-07,0.20688735280854872,0.1213116730409716,2.8143018697630255,0.18849871773504584,0.2664544481690932
2022-11-08,0.9053667813879104,0.850344393830779,22.071375139480764,0.7984075015909585,3.011696808406824
2022-11-09,0.9818655024147072,0.7793858099605382,59.800745014191456,0.7291054190674847,1.8672690348491423
2022-11-10,0.6956727457436082,0.5296711912798715,34.34715282875749,0.7879861030402607,0.8081920382111797
2022-11-11,0.4760772730996996,0.3593539853260844,99.59598955140623,0.5003570148911689,0.46489313840535573
2022-11-12,0.15408022823522521,0.11185039377349917,38.19762959159595,0.22818313173937413,0.14389552268888597
2022-11-13,0.17974802954674715,0.13299299980405244,11.103268029086118,0.11751652164984899,0.1250177593494068
2022-11-14,0.48737816942286205,0.41985337452658855,23.008912881796864,0.5426111042580937,0.4468688410319345
2022-11-15,0.32651290500188523,0.23727342240096397,16.324775380176774,0.5554208905751504,0.24604249068964396
2022-11-16,0.261899221724515,0.18082938709099278,8.20223140194918,0.3080286242914832,0.2179621597558733
2022-11-17,0.19693035043088228,0.11804400755806838,5.40477281362,0.28911243528444,0.20734006537272318
2022-11-18,0.1926761058359676,0.12215320429317776,3.941128623057523,0.25466720456620284,0.11886397057632896
2022-11-19,0.08604373420098567,0.05020315387352368,2.044475975493503,0.1413609685676432,0.08846432891907055
2022-11-20,0.16597030921443873,0.1157541882438616,4.694160178937887,0.32982715486857567,0.15010020312681285
2022-11-21,0.38828067090739105,0.2968544868484822,8.412612672234097,0.3356997578485126,0.2889023845565945
2022-11-22,0.279302344560295,0.1945805112677925,5.7059980862042154,0.22807460241264454,0.21710796606127183
2022-11-23,0.2672276259112821,0.17356755328654308,1.2955414588795353,0.19705263115600238,0.2329935199526333
2022-11-24,0.17079543003056008,0.10398952547908359,1.236412700046306,0.1150234785476733,0.16262946605128065
2022-11-25,0.14796795645012412,0.08740085565654035,0.46519361765935774,0.07399308170644969,0.19802959358427014
2022-11-26,0.1221199533912798,0.07057730421628411,0.12706706407438878,0.060707791460638295,0.13807676414632944
2022-11-27,0.09098360863208149,0.04923537754687279,0.3515046006153767,0.028660992306231925,0.14958274062607985
2022-11-28,0.24545421694175756,0.18561084874902847,4.9365931069672735,0.1520153925370028,0.2678885426549587
2022-11-29,0.1867718468704935,0.13593429431221546,4.7358367948491855,0.0813183043385004,0.17776553364296088
2022-11-30,0.2844946311558104,0.19350232368260195,21.575878556637573,0.18444510552783033,0.33676391991450016
2022-12-01,0.18656173355974706,0.12099105317346591,3.5261748586284707,0.1928705146758831,0.21067316268964764
2022-12-02,0.1522821049945551,0.10692815971616852,1.1526702865148346,0.06361274283860632,0.1803164546673653
2022-12-03,0.08464669987796108,0.05993811733458403,1.7826333841291258,0.03469280694682138,0.1276119649163273
2022-12-04,0.12521425265828112,0.0805816287488183,1.1722012721034627,0.032169520295109555,0.17397473929885576
2022-12-05,0.24962214037237931,0.14364166128078962,4.579263752818158,0.06932512683492226,0.2731188915574147
2022-12-06,0.17022768918611686,0.08172370035929447,0.9092204005867526,0.04171520182444782,0.20788015773925914
2022-12-07,0.18642447747720794,0.08566329153433953,1.1244507337115668,0.07728232823697705,0.14558734067036339
2022-12-08,0.2111089151640399,0.10741750125593318,2.0701122788501793,0.36316835474475245,0.19802353846377324
2022-12-09,0.1556058975257398,0.07483051514331233,4.887260372680895,0.32816380659843386,0.1434532981630974
2022-12-10,0.075427507764132,0.03088902116568432,0.42769314312786155,0.039286479224412835,0.058604955662059685
2022-12-11,0.09182550787675517,0.03622853119538884,0.8577926577564206,0.024578989777526164,0.08061895268348854
2022-12-12,0.18670249990749752,0.0907221954174319,1.1056589064098616,0.11764712308109243,0.18649062589121518
2022-12-13,0.31316507701833185,0.16667278421767814,6.9153624556876325,0.2611733899792194,0.4010679887417184
2022-12-14,0.31534191527160327,0.18030938101944752,2.4646280621639565,0.33457743935957984,0.517965869398937
2022-12-15,0.23274680526022598,0.10885296924462681,1.2689747133237412,0.21773905721108697,0.21926939840060825
2022-12-16,0.38129065921151534,0.19297764750747534,6.8019197658063995,0.5422773183538688,0.28765661784070046
2022-12-17,0.14916145831688654,0.05828625667930005,1.0734147514781647,0.10171573135923578,0.2086683235004185
2022-12-18,0.11287953805250445,0.049192189787806984,1.8693286031311531,0.1328621438779564,0.15156739636236174
2022-12-19,0.2155305602607928,0.09919920753081787,6.1031948973621475,0.1305901285874129,0.2274773683804653
2022-12-20,0.296399312360973,0.137865096794078,4.507047107988846,0.2469314061545911,0.2991737437358807
2022-12-21,0.1413738212506462,0.062429163161741685,4.2153606929885,0.027677710349928934,0.12531922026567807
2022-12-22,0.1833242819267734,0.07900512710712702,4.043549335089408,0.2335023802487877,0.17055632994143624
2022-12-23,0.16043395628226875,0.06418331917808623,2.763386821244567,0.16127589696117672,0.1625972445547054
2022-12-24,0.04993779230626291,0.017021869600864086,0.6013361217598022,0.04067726743965836,0.12092488862494101
2022-12-25,0.08791733744021092,0.033071414665703125,0.5496565031554401,0.025819855357924925,0.1682816343169007
2022-12-26,0.0907217151380451,0.03456295708636207,0.3770913379173672,0.04324750953070256,0.1527943524078461
2022-12-27,0.15252408794002223,0.06584763744446467,1.4018551091310258,0.045306173015489865,0.24331864065659828
2022-12-28,0.1958651555950704,0.08427794450662708,1.6115768327237447,0.11504886692544393,0.2981559647092753
2022-12-29,0.11729112739949205,0.050033619706830366,0.7026144378278654,0.04112476923762395,0.21095069595525873
2022-12-30,0.16535426707528075,0.07179123530501347,1.9714159852384423,0.10818214532898206,0.21999400108701997
2022-12-31,0.07692860742895974,0.033038662045435964,0.21428644911392492,0.023909382871422975,0.10512758931997633
2023-01-01,0.05834972045375413,0.020504433723918344,0.12484010546658551,,0.0950062402180058
2023-01-02,0.12262520044100003,0.05241346174739064,0.5103196401983726,0.033045494993500055,0.12496959041763496
2023-01-03,0.11593137296298628,0.05260687834588294,0.8166254884512271,0.022987037842146448,0.15896511782224998
2023-01-04,0.2045367650246879,0.09066232271706201,1.9288881806741691,0.049782741376263775,0.2260786160370409
2023-01-05,0.1008585768759826,0.04072079408499777,0.3449486010421752,0.012386663190304174,0.21131370020973314
2023-01-06,0.18056794747360147,0.08210206209143046,1.0683127232965604,0.029589659150134975,0.3160519239639297
2023-01-07,0.04364212583513563,0.016047268406839038,0.46632438062446013,0.005485119966909457,0.5013244130736314
2023-01-08,0.0895703817265674,0.04313718672745881,0.6932247855855393,0.021257986285180448,0.24235074358141975
2023-01-09,0.2256607989983629,0.09619037871951541,4.554496769177309,0.13367422413136146,0.6747216119255384
2023-01-10,0.15084489055407715,0.06880501080623604,1.9604705143051777,0.04130383499901782,0.23957134552440607
2023-01-11,0.20141466243630723,0.09345572552114836,2.7592664739756056,0.09418666703923644,0.377028890621376
2023-01-12,0.5070186316782624,0.24989604556158948,6.2271430013463,0.41219723359256877,0.9183634767367915
2023-01-13,0.36376189304661255,0.17825611443963837,5.330183978479935,0.25902021152984844,0.7594282791653992
2023-01-14,0.47765976409975897,0.32042693482043366,6.9719930737338816,0.3604385620864699,0.8942530946467228
2023-01-15,0.2176650542480038,0.11232573487580443,0.8653179868606776,0.27284007232799146,0.28525609675787106
2023-01-16,0.3208628040827758,0.18739033193308763,1.0953669798387085,0.2067441181986376,0.4718956674790028
2023-01-17,0.25399451552023855,0.1405920574631439,1.3952284143143552,0.1500577053586075,0.4024542115057899
2023-01-18,0.3868831019104021,0.2501042525744895,1.948162245545944,0.2926882021859832,0.5386640705013516
2023-01-19,0.16927531886958136,0.10133116994859333,0.5684076000901853,0.14911326105649497,0.14986619330769257
2023-01-20,0.32362795247697174,0.19791674777670368,1.1052425838396638,0.21955381409570843,0.33213380587066216
2023-01-21,0.3514679434963558,0.21835218318744964,0.9592959366743962,1.0819760922643955,0.3040147688129351
2023-01-22,0.22369828453027882,0.13328392490398983,0.4137759131754419,0.4556083591640349,0.24202524950209123
2023-01-23,0.24908850917299524,0.16146927109273704,0.9230194909784746,0.2552862412837637,0.3425967866366051
2023-01-24,0.24216152045756562,0.1405134375737595,1.0328670307338186,0.1530252214040274,0.29506560110883356
2023-01-25,0.3496594755983849,0.2220256687629512,1.481106403960144,0.5327579027161327,0.3682140663879627
2023-01-26,0.20979865913514537,0.11503556260011827,0.41981166488005217,0.09415237283225188,0.25232060382254057
2023-01-27,0.24523425085818623,0.1502362727127833,1.124998331486672,0.2748957264662825,0.37817933051959657
2023-01-28,0.08957961814431678,0.04140383890660669,0.14211445740487527,0.056215838946092896,0.07122411241613755
2023-01-29,0.2292231453160415,0.14019480961875566,1.3662843543553704,0.17547771346263144,0.35001828056351314
2023-01-30,0.26857146321278513,0.16348734602509676,0.6009680630162182,0.13306145643224,0.3735163154980845
2023-01-31,0.17904733207801393,0.11042648689648964,1.8937109084088242,0.14086747602021987,0.24731919423627435
2023-02-01,0.24011483180295715,0.14981600147551732,1.4945107786536305,0.31126403103363703,0.19008827791177263
2023-02-02,0.26798951248109,0.17098864189168936,1.5022365790010728,0.23873472614790256,0.3573443104948909
2023-02-03,0.2079590484277158,0.10821918978160774,0.8119802394816176,0.14749735378592901,0.20504006671129663
2023-02-04,0.08571284960484435,0.043410923668412996,0.39982250200240965,0.16343896855074688,0.08498266817661505
2023-02-05,0.15159468403276402,0.0853619229138667,0.9427347903058344,0.053472583149558134,0.23942587438293525
2023-02-06,0.17782559330741415,0.09312587707879469,0.9102983650407427,0.05963970090169656,0.32195500989930964
2023-02-07,0.18983259089382948,0.11250627233313677,2.1714696358121057,0.08591316790151808,0.32210974514027974
2023-02-08,0.15926749447676822,0.0913929015561432,1.890286763963966,0.0405034099670838,0.1983798650463742
2023-02-09,0.33673016112274284,0.19174364928164048,1.733328613151644,0.18912748565710044,0.3408549901861677
2023-02-10,0.1997847409286294,0.11797786105301147,2.0554201165407653,0.06408618863295877,0.16685359875487582
2023-02-11,0.08501768310875014,0.04785275339687996,1.3034097867916414,0.045033790099700426,0.046591471427617964
2023-02-12,0.12842707811512036,0.07259277138763214,1.2974139953835602,0.058835712401089035,0.10500473251001309
2023-02-13,0.23468034628563608,0.12044536267026885,1.4550937170134342,0.09375634267867443,0.24218780482250737
2023-02-14,0.26087666916110513,0.15532580440474514,2.953735459654911,0.301759586355627,0.2200712958184058
2023-02-15,0.3119160779633486,0.20597009917522557,1.768105764073114,0.3911049273968012,0.37101753835102347
2023-02-16,0.3760656942274473,0.2809242933562794,7.720270247771595,0.45230651695211743,0.6269013759103884
2023-02-17,0.348025888220943,0.26473896026828825,2.0689534723152523,0.23400313391622696,0.5519453048593864
2023-02-18,0.09635812764622646,0.07143973493464334,0.39970714234876503,0.06206846866212071,0.14449074915647442
2023-02-19,0.20939414176594348,0.14069021230865744,0.3553037853755406,0.0900201028888718,0.24523745797143887
2023-02-20,0.2335976369261285,0.15597131051230134,0.48210412882105547,0.10531789875690412,0.4104915790318416
2023-02-21,0.27153175478132335,0.16481754462705273,0.7574622858628957,0.1700439499901578,0.39739892075492844
2023-02-22,0.2867595825893796,0.16611207171849518,1.1089070573095512,0.11904686307457703,0.4637625459315983
2023-02-23,0.30114486984602973,0.162771531713674,0.9231150130622784,0.06501448804494252,0.47788770805645986
2023-02-24,0.298379193516162,0.16556242601445867,5.524724867086823,0.11284699889969593,0.3831019627719577
2023-02-25,0.1220039783065711,0.06685215645303688,1.7830901252403528,0.0478557653411541,0.1376224304230827
2023-02-26,0.14773392015309536,0.08768290104781033,5.127938877328624,0.036540034903445005,0.1985080386526756
2023-02-27,0.24382343358842185,0.1336914945783803,5.856005221532407,0.06530956021853633,0.384191089943595
2023-02-28,0.19117803068471356,0.09815300382671736,2.162078613287014,0.054124427343730803,0.279292919436946
2023-03-01,0.2519768342228183,0.1481002421201902,3.244532343532704,0.16058112042241168,0.3550152866614596
2023-03-02,0.16484403613250562,0.08524568885678387,1.8696704709007694,0.03411571674965761,0.2199643446194683
2023-03-03,0.26801427584659193,0.16427387818332576,3.075040768772291,0.2141503125053388,0.33068659705007625
2023-03-04,0.0788422492270463,0.03937772652909451,0.6670645799927797,0.09839191273664727,0.07493202062866186
2023-03-05,0.12660298492965877,0.06402514980647996,1.392128879058826,0.12456922661852107,0.17166306824181518
2023-03-06,0.1288271376909723,0.06497945004099168,0.9458586433748404,0.052524919682918086,0.14092573770912523
2023-03-07,0.2361992947236711,0.12586520722336453,2.04671859210802,0.056600672870073365,0.3278543366719716
2023-03-08,0.2357654403107859,0.13045304398220445,5.755090847245889,0.05062242304723769,0.6434214860158058
2023-03-09,0.4722849140033312,0.25560064936901705,4.243889788521444,0.1439228355963258,0.5352702810285841
2023-03-10,0.6353462702854745,0.3281134082146427,3.675334057828254,0.40472352454887417,0.753993805189746
2023-03-11,0.3995017083263615,0.17673189631197667,3.652695149833407,0.10127122691974312,0.4543208930205454
2023-03-12,0.45785012378631945,0.22305056857925104,5.052972143917912,0.19168862317671637,0.5826269793595193
2023-03-13,0.6425077369916523,0.3492435655478369,6.332220823142332,0.35431518095406783,0.6983570917863268
2023-03-14,0.6587604435055333,0.4221393560443198,4.853532923320206,0.2291705214487598,1.053960468380663
2023-03-15,0.48607696799466743,0.27200450526141534,3.6730269640880744,0.3381275771827546,0.9121170194264688
2023-03-16,0.2833842022524075,0.16494165511403114,1.4527182124948408,0.1026400700368162,0.5113205707211178
2023-03-17,0.4587234994663178,0.2824811891622499,6.62078168018736,0.3326305913223388,1.00604447474504
2023-03-18,0.2581256226700177,0.14299781248701923,2.5544037813863754,0.05311682875670045,0.5277524882261001
2023-03-19,0.24251021822805155,0.14241995150562223,2.07077980037757,0.06868037989844497,0.6112770983961662
2023-03-20,0.3043502652138547,0.16946316078743165,1.937094140257876,0.026264779907611807,0.5469229390205905
2023-03-21,0.2208785506882232,0.12660316511614367,2.0534560372424395,0.03374758928410115,0.3949798042153699
2023-03-22,0.3869934342392306,0.2173278270744386,2.7369430787572617,0.057164139743741606,0.48968191944720485
2023-03-23,0.27431629110042044,0.15884315374326743,1.5347118037918817,0.03682439790394569,0.5421743493816759
2023-03-24,0.258513035818168,0.1439364490423752,2.8625663122745526,0.04282507365273579,0.4223736383082843
2023-03-25,0.12578115771699158,0.07016699846838638,2.474546454501681,0.010212583160711679,0.26541178269168436
2023-03-26,0.13958548764128742,0.07298701831308785,2.1557935750199615,,0.23670370323835063
2023-03-27,0.23972061290328786,0.1204960813347826,2.3049191673009943,,0.4409004928540761
2023-03-28,0.20997096578159635,0.10752232041844155,1.2696738278696746,0.344182019905756,0.4845666737553293
2023-03-29,0.2114953364297594,0.12157223009564741,2.3505099604322677,0.03685054240175453,0.42547989361801575
2023-03-30,0.27001567378105895,0.15604658245574526,5.381418461975388,0.030705132148694816,0.5366773980561198
2023-03-31,0.19957730093477494,0.11426595109493187,2.395346144780847,0.013487438059408096,0.5995589850322772
2023-04-01,0.08511073079093899,0.0488775655396837,1.8453095655800784,0.0033435983856131223,0.4019037537822684
2023-04-02,0.10716759222494474,0.06274664307911053,2.911868238359488,0.06002145467420011,0.4338361206233527
2023-04-03,0.28296935597859074,0.13840770066436195,2.803185466303517,0.06567057187852109,0.5036802760859064
2023-04-04,0.15796731576840942,0.0841910459335694,2.9379055380252774,0.005018916132904982,0.4557763094483274
2023-04-05,0.20089878545509895,0.11156048510754414,2.551973719145782,0.010005259756620623,0.4365329959593953
2023-04-06,0.12884676372356016,0.069249812688786,1.5790729578171683,0.01827848971469921,0.34922945779982156
2023-04-07,0.07708829133162039,0.042120818997346016,1.3613461564688678,0.0028276561393437375,0.3545651921716463
2023-04-08,0.05597336942587283,0.030022318501425227,0.6215284939982332,0.009685338394060739,0.36513388770030325
2023-04-09,0.104201019563718,0.05265991257758937,0.6690685817222246,0.0167141056670206,0.26880381882122856
2023-04-10,0.1651230695001665,0.10437431088185732,2.1088500242838317,0.045780529911666555,0.7580632560098993
2023-04-11,0.18262982489454746,0.10380294468251178,2.1030809205877894,0.02608960863283948,0.6666614256516661
2023-04-12,0.165752990884095,0.09564431297139349,2.6166806311034563,0.015334121974993595,0.5315909153478925
2023-04-13,0.12819581703292213,0.0683386584961937,0.9841039700053144,0.005382715090379234,0.42825631924862
2023-04-14,0.19206752206150818,0.11124903057733748,2.1027613139169508,0.01551383734133128,0.35597959702587856
2023-04-15,0.05874647271920379,0.028858591440909607,0.2610802911532069,,0.36709233069851505
2023-04-16,0.06935779070719275,0.03758810348926799,0.41581651036376344,0.002854482628276881,0.3588400467440934
2023-04-17,0.15384940035179148,0.07782042968605009,1.2734442988322563,0.008104545226786762,0.206690696016077
2023-04-18,0.17720779308340354,0.09463937516797376,0.8208865736714664,0.14412776819936424,0.41722958425313217
2023-04-19,0.23187896519572213,0.1488659544715988,3.5649029039085613,0.12208332600763964,0.41766840793671167
2023-04-20,0.22847750885023552,0.12980207060483293,2.3836187500397283,0.10344149811842997,0.5219193227323816
2023-04-21,0.24648248256212357,0.13440700599462457,1.6927337624040657,0.12942112323791213,0.46311082683320026
2023-04-22,0.11861035349839415,0.05966954024422915,1.5770431733089456,0.04560270093212479,0.46761376632429796
2023-04-23,0.11643314460515275,0.06291177103136467,0.6656853516431969,0.2915851884407765,0.4597901206839849
2023-04-24,0.2060844817107891,0.11772495598475569,0.8808510417581438,0.0763869111099517,0.4852083611433271
2023-04-25,0.17637503970945773,0.09785880935750622,1.5240792976818407,0.14789968776020052,0.4427870186233341
2023-04-26,0.48897306593947676,0.30101775080575605,5.277655445587863,0.3985652352782089,0.8417134928815663
2023-04-27,0.3261576451596052,0.19588017328623514,7.682685486750832,0.2720555432506497,0.8003815324331944
2023-04-28,0.17278909967915934,0.0924099057374293,1.8492742486656304,0.08107684706459908,0.6533017403207799
2023-04-29,0.07438610087647496,0.036314123798060205,0.3888096695592941,0.02810950565533167,0.5231249209398421
2023-04-30,0.14515899404822402,0.08643134924912019,1.4953226206916215,0.09693130825549058,0.44964251948601214
2023-05-01,0.21850773483858868,0.15109135170953017,4.365459512519514,0.10539949858432515,0.5262177418803942
2023-05-02,0.17670478022871222,0.11288558790034123,1.204195328422259,0.07395839397980082,0.5384137605103084
2023-05-03,0.2403532479245182,0.13553586251580202,5.596540592240436,0.0980864097113521,0.5180811275187064
2023-05-04,0.14609190969803232,0.07962119420970253,1.140993443336844,0.038724311423608035,0.37282071784359144
2023-05-05,0.18219697647967628,0.10173813302912506,2.59191437448398,0.08025651544086077,0.5053066497373228
2023-05-06,0.16711257808701457,0.08829773574334633,1.2105852638058856,0.1315104292212838,0.3598624467645714
2023-05-07,0.1084939592330243,0.06278814679141206,0.8873556245196395,0.017860032462832545,0.5159939386206653
2023-05-08,0.2252401450046214,0.1257370106763505,2.6062701182684958,0.05946601854682384,0.75295457845683
2023-05-09,0.12271884795109013,0.06336290672089996,2.461126145919593,0.07612268617097036,0.389752162458597
2023-05-10,0.25660128871536614,0.1601474117659048,4.39659504685397,0.0876775488606699,0.5187740746413928
2023-05-11,0.18378757433702783,0.0999536354316986,2.72335015430315,0.049865198100120654,0.4334858414965414
2023-05-12,0.2148942996613982,0.12848948437558808,2.4134372381805265,0.03667783159973044,0.5148878317650192
2023-05-13,0.08432613000750182,0.04507318097425854,0.3516624865217603,0.011346583914598985,0.17362741037550797
2023-05-14,0.08536126924947293,0.04562449016636082,2.3663779639552662,0.01696948413972397,0.1729261266365821
2023-05-15,0.15462508531036245,0.08517729487460667,1.412065230425629,0.048938237033349874,0.5431645202040892
2023-05-16,0.12688808425307097,0.06383582313786046,1.9849085020447021,0.11988130995095526,0.38910229581836
2023-05-17,0.16590180630482632,0.09313928314829681,1.0360605364595599,0.02529706690668784,0.6174981080804157
2023-05-18,0.19376884308447243,0.09646503320730335,1.0891068188767494,0.06174206269364662,0.5452746500839527
2023-05-19,0.11581677512772888,0.057100476235428466,0.6682354936220681,0.03511104753487289,0.3377974071627277
2023-05-20,0.04843540349219209,0.03067164193909243,0.21656719899267154,0.013725486092699971,0.37442643321124675
2023-05-21,0.08420286950507261,0.047485499883031426,0.5519478574966069,0.01629146598831489,0.302973638276435
2023-05-22,0.1159716310241575,0.058873664118967335,0.37273667573956637,0.016532370739266347,0.322349875230601
2023-05-23,0.12920593546702752,0.06162659093998508,0.8045179205946923,0.021042658852652156,0.2604159446936989
2023-05-24,0.17689520746125528,0.09602025252350938,0.9923770502783082,0.07691712564559791,0.34699029328920444
2023-05-25,0.13305097588148052,0.06895708310849473,0.828312408127756,0.24948738687861588,0.4218879822449274
2023-05-26,0.11455424093778929,0.05813328668273153,0.6337260255865667,0.029908727753298333,0.4564040706780745
2023-05-27,0.0561488982523446,0.026150287132912405,0.1706568218821826,0.016165755270768484,0.4089066180894959
2023-05-28,0.14120225996152433,0.07393485337133023,3.3111232657110796,0.0502299202832244,0.5267021143138355
2023-05-29,0.13285182509781265,0.06715309772242423,2.1159951218783775,0.05529343365257841,0.3709924955461384
2023-05-30,0.1086551812437492,0.05811139737299014,0.7509511225389642,0.04557976162965845,0.4444322047146072
2023-05-31,0.15519756558651354,0.07868142684943247,1.6964520785688457,0.08880054903601216,0.566097854670991
2023-06-01,0.13300664276097252,0.07217734914199647,1.0062482672649913,0.12419389489419166,0.48094270040482673
2023-06-02,0.12750004388571604,0.06132920861112778,0.637707980925432,0.06213757313230062,0.4701050130593407
2023-06-03,0.058922923790605486,0.024883667677635345,0.2365903637814373,0.019228946533481495,0.4542081327075105
2023-06-04,0.07403297515780104,0.03448493759982548,0.3556154762421765,0.020571389088331855,0.5479616402456381
2023-06-05,0.22788827954223254,0.1321069571270544,1.7750029029376775,0.1368749433177785,0.5687299941736661
2023-06-06,0.24547633510791975,0.1350429365388525,5.998491879202751,0.126785421262663,0.18933887137817573
2023-06-07,0.2429730532826195,0.11593222353746539,1.7537235047581379,0.08122701525643372,0.6274916311606039
2023-06-08,0.1197660515451664,0.05798254009716452,1.156286448174985,0.09319913577074547,0.2893683514346698
2023-06-09,0.10445504289815948,0.048235970101398955,0.5449820088594276,0.05632635662380116,0.17709779643912382
2023-06-10,0.23137839595346196,0.11835699080662943,3.6802182949483573,0.24400579870207376,0.3043156940512378
2023-06-11,0.10855222149899978,0.04641767082598385,1.6620693544817775,0.023298318461535582,0.14698274986048288
2023-06-12,0.11271155596266864,0.05574680536903442,1.4720841380176566,0.10332381867636989,0.38037600169974134
2023-06-13,0.16225975260465453,0.07776675086401628,1.4913576362689611,0.09784686654883985,0.5724173647656974
2023-06-14,0.17845875651111873,0.09353305640508004,1.5088977651302968,0.12101346433303828,0.5776178506769937
2023-06-15,0.17795777880022412,0.08200060696081232,2.647863810240446,0.0493996310754659,0.32510872152740294
2023-06-16,0.19329642648377798,0.09789019349538489,1.7819604394935122,0.035808658302446415,0.46718755752382396
2023-06-17,0.11167123983250557,0.056452857246846226,0.9289556282883271,0.06934692305342842,0.33734550467097063
2023-06-18,0.08800895952895893,0.03887263594131996,3.099413952263934,0.02294541514177928,0.33965956190234214
2023-06-19,0.13690035144417165,0.07219357554026586,1.1954406233788257,0.016004033287331118,0.35987973733781625
2023-06-20,0.2206530836938815,0.1230870021834039,1.6095533750789361,0.07426615964341982,0.49081032410171793
2023-06-21,0.32026469503207183,0.19213321687022483,5.935755915704229,0.145194224914664,0.5421854371318885
2023-06-22,0.1592801906616811,0.0868774068578829,3.4226727778762163,0.08106602409836268,0.3299638818061036
2023-06-23,0.19824879892625794,0.11919860252484421,2.9684521658181926,0.0623861019986249,0.3374763480446035
2023-06-24,0.08069356675968788,0.04213457647613934,1.6149547364273273,0.01578221496491063,0.20222390188473865
2023-06-25,0.08693800378810902,0.04534438592712648,1.3830372278614793,0.042311720737263324,0.17377765394326422
2023-06-26,0.11929161645175604,0.06329864158365066,2.139768193385984,0.074560039388995,0.14460425904938787
2023-06-27,0.11403572822352871,0.0632141001806806,1.3067025395951444,0.03062140235226178,0.28936118434273983
2023-06-28,0.12351667792303185,0.06611719004810873,2.48512393761295,0.09068907738610746,0.14726147066519935
2023-06-29,0.10616056626362273,0.0551565337886333,0.9695709176902843,0.0970138479420132,0.14284661674164614
2023-06-30,0.25071645688431793,0.15979436499092817,4.569462988124733,0.48803138212238717,0.2424741990073264
2023-07-01,0.04055997490764247,0.020317143633879108,0.22646802420937845,,0.029210677452954567
2023-07-02,0.06976500982066602,0.03914365475550568,0.5768269341070089,0.011825007646438101,0.13539743118000674
2023-07-03,0.1007723426630719,0.05949271552661535,1.208710043140805,0.044290196886150206,0.13539334126825855
2023-07-04,0.08577483721976516,0.04593039098897158,0.4851777961083314,0.07811770236855663,0.12708525089156686
2023-07-05,0.0858900129007042,0.051248713406728166,1.0933255134741904,0.02682525938302122,0.06047776561381195
2023-07-06,0.23417677526490113,0.12082238298187968,2.044400471051579,0.1273433625122184,0.1407721732539503
2023-07-07,0.10757891503352567,0.05294626796249841,0.46069377778188725,0.028655373082434012,0.222330354885654
2023-07-08,0.044240738784108745,0.018364137047458054,0.2424578757830571,0.006417644640908433,0.20720254538177776
2023-07-09,0.052704531545518386,0.02219619129595588,0.2559722360249377,0.008547138918332678,0.12059149859967788
2023-07-10,0.13309678718923432,0.06572006732849402,1.3121530792859644,0.04771925864154292,0.12485821287521048
2023-07-11,0.09041820174647508,0.046827609831460594,0.6594324429869305,0.011349886263822637,0.23067595569711336
2023-07-12,0.12592954520550997,0.06147663277448362,1.6877234852516232,0.276242705889392,0.24731292432763835
2023-07-13,0.19874931248549135,0.10231791523310499,2.7193735607988283,0.17136305326815282,0.26332947247934996
2023-07-14,0.17559504857377994,0.08070478662995074,1.7558168798415728,0.26824114857881265,0.13939694163994976
2023-07-15,0.03682645516477669,0.011778271880021719,0.16947930401899428,0.010850947896664324,0.0636745179619322
2023-07-16,0.0569867030987047,0.022625391493645435,0.27021250985674117,0.021442420966499707,0.0850951889480894
2023-07-17,0.10898882866023654,0.0484848944854174,0.8168269995473062,0.18146811239843555,0.15043107131184213
2023-07-18,0.1058271209731578,0.04892097215321431,0.8887738401536268,0.11414863449756879,0.13500654554888822
2023-07-19,0.09522298990972862,0.03995301826739668,0.2993828297113754,0.17689916980044196,0.13547581704829195
2023-07-20,0.1255195935913049,0.06349230969423951,0.8583982614942093,0.11814837523933247,0.14903024373518867
2023-07-21,0.06937936737153219,0.027053066906106118,0.27800304729439224,0.04836811066342558,0.19385602467396879
2023-07-22,0.0455606787818654,0.016498442496710772,0.10506309156332523,0.02826117409359148,0.11967520445984448
2023-07-23,0.07446627563339579,0.03008486188927361,0.4020752855442419,0.0549438594271993,0.23982576844741216
2023-07-24,0.13313908927414295,0.05991447604272662,2.1427264719254944,0.043019064283114083,0.25455456506401364
2023-07-25,0.06207649663044656,0.02604703738304188,0.2975681197847677,0.04109786086706646,0.14216912324133954
2023-07-26,0.09938150565897162,0.04849900944970811,0.5797775940881008,0.030582321936302836,0.2713042029228965
2023-07-27,0.06957440115527945,0.0315503393381706,0.46612680815088386,0.020739424496382088,0.10737750053923234
2023-07-28,0.06996021632746786,0.03529749315562515,0.25278553715911656,0.006595934321172628,0.0682261150207147
2023-07-29,0.027424159540097248,0.01057667944766631,0.09967563708960366,0.0028204651353281036,0.0905232731411611
2023-07-30,0.054605123903428365,0.02705892288287935,0.24095484360471361,0.012254622012071134,0.05349799060018338
2023-07-31,0.0724073492339507,0.03483493514269725,0.36169573233921415,0.019597792440626555,0.1542325773536408
2023-08-01,0.13695946960931576,0.07403362620189186,1.2395291349522766,0.051568868912738035,0.2129550385267665
2023-08-02,0.15004037092968642,0.07696773399560132,2.408138227726305,0.030649125491397828,0.19904301776936179
2023-08-03,0.07737707381117116,0.04189315744421093,0.4069334243829407,0.013549943419218448,0.08660216218842365
2023-08-04,0.06872863412343094,0.035863579366010805,0.5228856267004969,0.017248785744980635,0.07459726295433657
2023-08-05,0.025206698399886707,0.010407039976993526,0.19786809814637735,0.022089798977688452,0.036071319345382595
2023-08-06,0.03189928493876928,0.012455718528561453,0.09686137197700137,0.005376265532125723,0.08129220473602353
2023-08-07,0.09114187964822881,0.04398678174176417,0.7154580804969409,0.018307811437160898,0.1395445870574823
2023-08-08,0.12433303971640626,0.07713528414125428,1.0065751799012548,0.029164263409211216,0.3064280830785997
2023-08-09,0.10383414214791527,0.060412583355934635,0.8316417443101344,0.013005415812067824,0.29506263979255304
2023-08-10,0.06714928795045018,0.035667371632952964,0.373527843113494,0.017738127551631556,0.14440097051220804
2023-08-11,0.051461696878753356,0.028982023627447777,0.22666761600718896,0.018339745168135767,0.2777892050971076
2023-08-12,0.014963975676942479,0.007130792532045722,0.0499988952512625,0.00805881364413138,0.17933784883507456
2023-08-13,0.025046889337358366,0.01199805721023803,0.05454727293957416,0.01760374044683781,0.0883949860320399
2023-08-14,0.09340744659237654,0.0443834396921388,0.19832448700161723,0.023813001631144224,0.1970228826490923
2023-08-15,0.05740334081629624,0.02768461912382874,0.2249618826187023,0.013852452671901005,0.12215606097293286
2023-08-16,0.08348203243297815,0.04529375181948365,0.45082970404734374,0.017821372581366637,0.18002732998626858
2023-08-17,0.3065046054063475,0.23194090495700384,2.4335939889376546,0.06968011961106634,0.4720068665678025
2023-08-18,0.2094374356556779,0.12773568815374084,1.1379013291502698,0.04818902134041931,0.38548332344591274
2023-08-19,0.08844199539700302,0.04420733284920674,0.09722590467061017,,0.1084041803762237
2023-08-20,0.060075603342298375,0.03332329790648473,0.07587961849187852,,0.07626960242418686
2023-08-21,0.0978176759311891,0.05427153255145257,0.12255801145408232,,0.1699043518217034
2023-08-22,0.13806371827444455,0.0815605082243771,0.1709941400922003,,0.30238633072746596
2023-08-23,0.18629603672129763,0.10076999840584262,0.5395128179182462,0.02117201625880193,0.3075871490345716
2023-08-24,0.1280186835939427,0.07137898579664122,0.7390327823458493,0.018716633772886317,0.14186228028543782
2023-08-25,0.1253773299885831,0.06973066788769747,0.5235596245368859,,0.12401158289986333
2023-08-26,0.02869926175467208,0.01616884284765836,0.08970947326658234,,0.11530721511913551
2023-08-27,0.038302103638994923,0.03581696730998982,0.07670652055380241,0.002795922484185663,0.13537741732183078
2023-08-28,0.09767282499495117,0.053468769398107,0.10605210163414924,0.004955879738848156,0.11609420750704712
2023-08-29,0.2740460788717544,0.16372434664956464,1.1208077332423296,0.04439224257504657,0.44877824220246826
2023-08-30,0.12949445490324424,0.07216659175079285,0.6037639773071497,0.039602719156056974,0.22099414754546517
2023-08-31,0.23523835824802045,0.1497540827271398,0.5235796572690757,0.09131000092651939,0.37693292636001346
2023-09-01,0.1673677865073853,0.09979070984054987,0.7735336279831703,0.1628805551343253,0.20758680802101834
2023-09-02,0.05161575532025037,0.02286744211190836,0.08625196386223835,0.0044074768117519465,0.030484189958184003
2023-09-03,0.06371561985192625,0.03170692174860834,0.045739884930444265,0.005205141063543801,0.07366371581981221
2023-09-04,0.08276984238922104,0.043838570346695346,0.2246163953298434,0.014826227271332384,0.11032771887935698
2023-09-05,0.08630128518465018,0.039252729923087745,0.07419981771032994,0.012368465599061051,0.11340855128194814
2023-09-06,0.11703430448941138,0.06164097320502579,0.0829989987834338,0.03504483416551392,0.16365647382269882
2023-09-07,0.1184292499348753,0.06522900166323937,0.19497716580404514,0.06674128527404624,0.19714875886253103
2023-09-08,0.11529285492886832,0.060662989838625676,0.3032932025228973,0.024993314643969415,0.24476248629748842
2023-09-09,0.031410458984593485,0.011233473016484793,0.027209841435291537,,0.051440638295048524
2023-09-10,0.07715891527360588,0.03627324350117441,0.24500470583401684,0.010134969021396798,0.08692622122328761
2023-09-11,0.18994545847397887,0.1076445118747055,0.577115044481849,0.027623535078599742,0.25565493245875215
2023-09-12,0.260480076604141,0.13540429026475376,0.39212139630722476,0.06554383295153614,0.48301764646456996
2023-09-13,0.14230971730448272,0.07869676390003646,0.18007596128460793,0.0311209866316282,0.19830065873872457
2023-09-14,0.15664209241649693,0.07654312584040569,0.2516154668213838,0.02395819137506542,0.32616191350332685
2023-09-15,0.10919917645734648,0.05907536605434429,0.3587474955419293,0.02188950993952761,0.17100218900772435
2023-09-16,0.061162170651649986,0.02633040550738788,0.1041731547806414,0.004395117920950777,0.08550856559648436
2023-09-17,0.050827703498350786,0.021327915556509723,0.091760909573075,0.010038085837684802,0.05274876724758522
2023-09-18,0.1974050239739515,0.11422727079085294,0.6402169189203966,0.02700881987028664,0.40161834626600645
2023-09-19,0.17190518319437512,0.09012735105084001,2.042330592621892,0.06264372140440648,0.3108261437696022
2023-09-20,0.14243941185948575,0.0786933700879762,1.1227406275840415,0.04170100971242812,0.24192199784309537
2023-09-21,0.12953427319323985,0.08235977940843324,0.3427877001773703,0.030955656535133866,0.2027518843623984
2023-09-22,0.07050470979865828,0.03507353535904885,0.321347928935072,0.011429793184659812,0.11236706151581746
2023-09-23,0.023830807152353407,0.009714008097915606,0.06171624589692009,0.005418383384451991,0.03627690589311492
2023-09-24,0.061828623129972164,0.03483420685340309,0.04480322922585649,0.012271257048947635,0.12275311901546827
2023-09-25,0.11375487406865012,0.06502173024875642,0.4710367956581892,0.032161544097991095,0.187446597713119
2023-09-26,0.07547249250379119,0.039915415138904765,0.23935536329409504,0.013672487459383674,0.021038770772397578
