,time,OpenInterest_long,OpenInterest_short,TradingVolume_usd,liquidate_short,liquidate_long,high,low,open,close
0,2021-11-27,11125.598734645495,64473.52830179181,359561.76953581243,0.0,0.0,55316.65,53668.95,53788.22,54805.03
1,2021-11-28,14810.86684738889,104537.39695183859,791294.3887078287,0.0,0.0,57475.26,53436.05,54805.03,57331.41
2,2021-11-29,14810.86684738889,163268.1124949534,408786.88111245487,0.0,11003.200438227099,58898.57,56752.37,57331.41,57839.55
3,2021-11-30,20533.17029156891,190993.27623454272,2315875.9698985736,0.0,0.0,59226.33,55931.33,57839.55,56975.35
4,2021-12-01,191569.75331921334,115162.05836998738,4283236.961648139,0.0,0.0,59096.53,56505.99,56975.35,57227.97
5,2021-12-02,499305.5651955713,116182.48398298073,4957205.856441361,0.0,0.0,57409.48,55850.4,57227.97,56522.76
6,2021-12-03,631083.4220033494,224395.26537625713,9742184.83105855,45777.88623418298,0.0,57639.15,52493.23,56522.76,53663.25
7,2021-12-04,464068.9703056839,547825.8695825136,14884924.730807576,30938.365257438345,0.0,53871.2,43563.07,53663.25,49243.39
8,2021-12-05,464068.9703056839,590706.8178578506,6870454.066695641,0.0,0.0,49764.31,47840.63,49243.39,49465.5
9,2021-12-06,685936.3792676828,1397637.2546957324,9139715.516344814,0.0,0.0,50986.02,47260.2,49465.5,50552.83
10,2021-12-07,1401559.8529810486,385438.8609549274,7510805.137892566,0.0,0.0,51953.27,50083.33,50552.83,50633.01
11,2021-12-08,1164325.55726466,460322.0117446029,6025908.311987315,0.0,0.0,51215.6,48711.85,50633.01,50513.04
12,2021-12-09,1400846.279299634,438808.1949082672,7667888.417460647,18453.78361999897,0.0,50829.41,47347.73,50513.04,47593.85
13,2021-12-10,1929158.439284385,447459.3153339104,7906892.102015278,0.0,0.0,50047.85,46989.42,47593.85,47191.14
14,2021-12-11,712110.0002540244,713569.3454315898,6206497.322007165,0.0,0.0,49504.07,46829.85,47191.14,49398.4
15,2021-12-12,642702.323345786,1241529.6977485348,5110646.108275817,0.0,0.0,50807.75,48689.25,49398.4,50109.99
16,2021-12-13,1050127.3620744715,761570.1849462476,12509605.043879604,2831.360995918737,0.0,50215.42,45800.52,50109.99,46731.03
17,2021-12-14,1122241.8680681265,704163.9621433379,10196370.883806383,0.0,0.0,48665.63,46320.4,46731.03,48387.69
18,2021-12-15,1053283.2061541076,998126.9258556459,12435247.662104324,0.0,0.0,49499.91,46562.1,48387.69,48885.05
19,2021-12-16,1538207.1951284208,767086.2495622896,7284027.063107451,0.0,0.0,49451.4,47546.15,48885.05,47635.92
20,2021-12-17,1465815.4342557183,1351593.3671772354,9585287.1382531,2831.4498962257926,0.0,48004.37,45505.02,47635.92,46164.14
21,2021-12-18,1404076.4323137482,1362299.6075569768,3004667.578425783,0.0,0.0,47356.67,45522.92,46164.14,46861.62
22,2021-12-19,1598171.3622508259,1399642.559189542,6583350.790562744,0.0,0.0,48286.29,46459.66,46861.62,46697.13
23,2021-12-20,1628438.5646606567,1722457.001017786,6655108.138519992,0.0,0.0,47495.72,45586.49,46697.13,46913.54
24,2021-12-21,1396787.0238914355,1576223.7962363178,6616068.321585967,0.0,0.0,49334.04,46661.88,46913.54,48917.48
25,2021-12-22,1562139.1503187385,1005648.9045226851,2815568.943693544,0.0,0.0,49581.41,48460.43,48917.48,48614.97
26,2021-12-23,1170015.2611993935,1493949.8626901428,2843976.7746548355,0.0,514.8401876360113,51382.88,48062.25,48614.97,50830.2
27,2021-12-24,1257325.7206109662,1628733.9188681303,2461493.691985559,0.0,105.83438928371328,51863.56,50449.36,50830.2,50840.36
28,2021-12-25,1196206.3571751667,1400356.3595913923,1382507.2125389867,0.0,0.0,51158.56,50199.56,50840.36,50431.63
29,2021-12-26,1133469.4337410622,1495262.8658082192,2215428.8346200907,0.0,0.0,51283.7,49485.62,50431.63,50790.88
30,2021-12-27,1271333.7014095702,1568438.501937622,2105611.4146388858,0.0,0.0,52079.46,50481.26,50790.88,50714.73
31,2021-12-28,2131717.263450096,1173527.395331665,4709333.385999972,7755.601351972529,0.0,50718.53,47317.78,50714.73,47536.39
32,2021-12-29,2826520.961371259,1208860.2496983767,5704635.308105228,11354.861983298988,0.0,48145.34,46107.79,47536.39,46471.7
33,2021-12-30,2307062.622747552,1278960.8185637626,4934627.072493234,0.0,0.0,47917.89,45964.28,46471.7,47129.66
34,2021-12-31,2771330.2954807263,1333682.2919783266,6350278.453498558,1938.127446319427,0.0,48573.22,45665.44,47129.66,46197.31
35,2022-01-01,2119594.8716563927,1325541.976043832,3941079.904537707,0.0,0.0,47950.29,46196.03,46197.31,47737.35
36,2022-01-02,2252778.0663525597,1300988.784786063,3383900.6851421073,0.0,0.0,47979.26,46666.18,47737.35,47306.41
37,2022-01-03,2687891.474394303,1358331.1483217215,4092906.9540867913,1354.8213550070595,0.0,47572.23,45707.55,47306.41,46450.79
38,2022-01-04,2899297.124364839,1422819.6562063708,5128841.787136534,0.0,0.0,47529.48,45587.91,46450.79,45824.54
39,2022-01-05,2128364.916921838,1335461.8146840762,13192556.83348218,18007.049687069724,0.0,47067.18,42510.86,45824.54,43432.51
40,2022-01-06,1961886.677347152,1413986.7261890736,6856050.564712168,1336.7399564093425,0.0,43779.23,42468.76,43432.51,43094.54
41,2022-01-07,2739461.259850117,1451364.4412605555,11838042.535301356,1953.221022631688,0.0,43138.79,40750.42,43094.54,41543.79
42,2022-01-08,2639722.9655509754,1451779.8441265142,7676960.671581093,1763.3708790163414,0.0,42306.77,40534.37,41543.79,41686.67
43,2022-01-09,2481627.2734718593,1441754.8706421545,3908819.8005040647,0.0,0.0,42800.66,41237.13,41686.67,41869.6
44,2022-01-10,2477415.073413519,1540053.3999786102,9798992.561916605,863.5623028263356,0.0,42251.07,39667.6,41869.6,41832.59
45,2022-01-11,2249937.081680298,1413663.4675138872,6721584.172640825,0.0,0.0,43122.32,41279.45,41832.59,42743.03
46,2022-01-12,2029802.0412442212,1741217.693796994,4886451.618004807,0.0,0.0,44293.83,42471.08,42743.03,43919.67
47,2022-01-13,2581693.925876015,1414976.8837517234,5259675.072242572,0.0,0.0,44442.67,42334.75,43919.67,42575.61
48,2022-01-14,1989158.338432797,1251816.5408345654,5989602.405975344,0.0,0.0,43467.05,41785.44,42575.61,43089.83
49,2022-01-15,2245507.4806285044,1431376.132632332,3473204.3856775295,0.0,0.0,43811.94,42589.82,43089.83,43088.74
50,2022-01-16,2199278.512939883,1398226.3716026936,2614235.500971535,0.0,0.0,43484.21,42617.07,43088.74,43100.36
51,2022-01-17,2342454.3333658483,1050765.7138418246,5195205.192625161,0.0,0.0,43198.05,41571.67,43100.36,42224.38
52,2022-01-18,2417790.8030364164,1165115.6526989532,4960940.237406637,288.4770048579618,0.0,42682.77,41301.01,42224.38,42372.75
53,2022-01-19,2599643.9721307177,1251549.1698512642,9384384.839304697,0.0,0.0,42575.28,41144.83,42372.75,41674.8
54,2022-01-20,2959890.18461292,1281439.4017279376,10867859.70553095,0.0,0.0,43513.14,40564.32,41674.8,40697.03
55,2022-01-21,2793174.474155002,1224474.752707301,22484868.073311485,39618.45606098595,0.0,41116.66,35494.42,40697.03,36469.3
56,2022-01-22,1692893.300364209,1361238.9241464734,20134282.303220846,527256.2844046722,0.0,36811.86,34130.35,36469.3,35075.92
57,2022-01-23,1444878.2144630982,1471674.729276205,9201144.030896425,0.0,0.0,36539.19,34648.38,35075.92,36288.15
58,2022-01-24,2080568.6502821532,2024507.9305908151,17928880.079844303,0.0,0.0,37469.19,32990.72,36288.15,36702.79
59,2022-01-25,1794255.907126389,1835126.0082597989,7450193.819249725,0.0,577.2797136334661,37555.35,35732.05,36702.79,36975.99
60,2022-01-26,1775633.6838141368,1616201.4335967633,8262675.03641796,0.0,0.0,38930.36,36275.92,36975.99,36829.37
61,2022-01-27,1743182.3450049353,1609082.0307978622,6513910.450636618,0.0,0.0,37242.79,35543.94,36829.37,37189.85
62,2022-01-28,1650086.4004537244,1640057.15672024,4681891.85774216,0.0,0.0,38021.06,36176.78,37189.85,37744.7
63,2022-01-29,1615747.4262969354,1743491.5694633652,2573034.635438475,0.0,0.0,38728.29,37343.45,37744.7,38184.86
64,2022-01-30,1718840.5488706878,1792027.2958148625,1772091.118171641,0.0,0.0,38364.51,37377.53,38184.86,37908.44
65,2022-01-31,1600229.4064230742,1899272.5128781158,3894117.8380378378,0.0,0.0,38769.81,36660.7,37908.44,38494.66
66,2022-02-01,1610388.8045573258,2080167.0874278161,5283560.661175779,0.0,0.0,39281.06,38033.98,38494.66,38721.49
67,2022-02-02,1935761.866326131,1894471.4645769345,3972772.1645837906,0.0,0.0,38883.19,36650.8,38721.49,36918.19
68,2022-02-03,1763282.2197522477,1945419.8821047898,4001128.115598921,0.0,0.0,37411.52,36270.47,36918.19,37328.64
69,2022-02-04,1646000.4833258898,2607397.3096467885,6360580.207814086,0.0,0.0,41737.83,37060.18,37328.64,41590.34
70,2022-02-05,1715925.4197720229,2710309.6671473514,5252569.243860187,0.0,624.2689103030125,41954.24,40963.47,41590.34,41418.21
71,2022-02-06,1732743.8927862511,2897128.420390202,4213130.865931577,0.0,0.0,42671.81,41152.05,41418.21,42412.41
72,2022-02-07,2237840.6343747424,1875823.840154731,7915398.334425025,0.0,0.0,44518.11,41689.77,42412.41,43861.07
73,2022-02-08,2174684.3802932263,1917655.1700151495,6573445.611432307,0.0,1797.7384179185078,45483.65,42704.39,43861.07,44080.12
74,2022-02-09,2105059.6380056385,1943950.165223675,3696670.9269515597,0.0,0.0,44849.9,43167.21,44080.12,44422.91
75,2022-02-10,2193481.153015077,1943898.0107653446,6388629.626600878,0.0,0.0,45837.02,43254.41,44422.91,43531.67
76,2022-02-11,2364293.9724943507,2017629.1663901913,5874641.398921857,0.0,0.0,43950.88,42010.61,43531.67,42398.98
77,2022-02-12,2362046.7858898323,2023431.8813332021,2485663.9700284936,0.0,0.0,43041.72,41775.79,42398.98,42239.01
78,2022-02-13,2385080.54131631,2044523.6149127022,1640227.6683687756,0.0,0.0,42773.35,41900.31,42239.01,42069.84
79,2022-02-14,2279630.2748016417,2064620.5229725756,3175957.6557375267,0.0,0.0,42857.15,41581.41,42069.84,42552.28
80,2022-02-15,2132216.4340676162,2130971.107575019,2431545.4357893914,0.0,2769.368203579127,44771.91,42452.02,42552.28,44576.33
81,2022-02-16,2196852.7669878523,2075070.8970767695,2323216.4825403383,0.0,0.0,44583.03,43361.09,44576.33,43896.34
82,2022-02-17,2605455.6971970606,2217809.981172651,5557136.359101364,5698.032374036935,0.0,44187.88,40104.04,43896.34,40545.09
83,2022-02-18,2367564.074682893,2298144.631620057,6514352.119824645,39836.56378541119,0.0,40980.65,39496.7,40545.09,39994.66
84,2022-02-19,2327900.2487547966,2268967.766283483,2764862.7192749106,0.0,0.0,40464.62,39664.71,39994.66,40107.12
85,2022-02-20,2649957.939650402,2244783.096860825,4706705.2120574135,0.0,0.0,40142.98,38019.97,40107.12,38397.25
86,2022-02-21,3028056.563463596,2287432.356761419,12644331.359567706,0.0,0.0,39495.33,36862.52,38397.25,37037.39
87,2022-02-22,2271982.3265810376,2377734.395120072,7640940.565136954,875.0151112670701,0.0,38458.26,36371.68,37037.39,38267.75
88,2022-02-23,2486756.632607316,2373762.849006746,2847262.8275552653,0.0,0.0,39260.51,37083.83,38267.75,37270.85
89,2022-02-24,2077084.2486357023,2343099.0038526747,16356546.278631534,15955.842556066376,11041.260047385736,39182.44,34349.58,37270.85,38353.62
90,2022-02-25,2393942.8945370126,2832957.1216945867,7140356.746753211,0.0,0.0,39710.26,38043.51,38353.62,39239.77
91,2022-02-26,2352843.65671941,2367596.827189338,3087695.587170763,0.0,0.0,40228.13,38605.65,39239.77,39134.83
92,2022-02-27,2299712.423729838,2096657.5006004395,4499299.162661934,0.0,0.0,39861.91,37039.71,39134.83,37714.96
93,2022-02-28,1606570.8888750558,2284613.374355158,10537921.636988863,0.0,91121.38602478686,43953.92,37473.3,37714.96,43189.46
94,2022-03-01,1589888.1824533006,2214017.7603299264,3752735.171108773,0.0,1176.3735468424504,44883.1,42893.5,43189.46,44428.47
95,2022-03-02,1598174.6363099776,2155943.6368631055,3487888.416580088,0.0,0.0,45069.78,43387.92,44428.47,43935.37
96,2022-03-03,1638229.095343221,2002522.2519726707,2427565.954843007,0.0,0.0,44079.17,41852.46,43935.37,42474.37
97,2022-03-04,1845595.0516988873,1834906.5593732623,3677552.45121486,4022.183653810746,0.0,42520.95,38621.24,42474.37,39154.4
98,2022-03-05,1824133.2058977108,1848859.5848967521,1072935.719426218,322.12623132008474,0.0,39596.42,38652.98,39154.4,39407.02
99,2022-03-06,1974387.8466053715,1850276.3168615832,2878625.9630008196,0.0,0.0,39686.74,38133.84,39407.02,38428.92
100,2022-03-07,1978006.0927938754,1859616.385560494,5487731.588658052,2348.5055566723827,0.0,39536.14,37191.99,38428.92,38030.63
101,2022-03-08,1927236.6386731726,1884273.0692965803,3395505.488775102,0.0,0.0,39361.33,37905.43,38030.63,38748.52
102,2022-03-09,1705361.1431538307,2029238.6794396723,3130048.136045368,0.0,660.9968291342244,42557.95,38685.96,38748.52,41962.85
103,2022-03-10,1850580.4713266466,1886487.058406338,4335350.580027475,0.0,0.0,42043.56,38853.45,41962.85,39443.42
104,2022-03-11,1936110.1549732543,1907838.065129288,5006905.527301749,27216.737916633632,13.490893715421858,40221.93,38261.24,39443.42,38741.03
105,2022-03-12,1987516.163034725,1937936.4780352716,1652360.767144372,0.0,0.0,39414.02,38696.52,38741.03,38805.53
106,2022-03-13,2203867.3251332743,1831809.6047477862,2532493.400966226,149.89636479398786,0.0,39254.88,37633.11,38805.53,37796.31
107,2022-03-14,1944866.3805802912,2018062.7155161733,4493385.19269791,0.0,0.0,39802.89,37566.52,37796.31,39696.28
108,2022-03-15,1967193.2666309683,1949284.789857265,4000628.349304136,0.0,0.0,39863.78,38259.88,39696.28,39314.86
109,2022-03-16,1741439.0981103026,2195049.925141772,12596622.72946175,0.0,744.12448166683,41638.54,38933.24,39314.86,41133.64
110,2022-03-17,1846208.2871950583,2268067.3493247395,3416376.8918696204,0.0,0.0,41441.08,40581.36,41133.64,40956.79
111,2022-03-18,1852155.7150830678,2488634.2592796953,3745074.844836959,0.0,0.0,42250.94,40230.1,40956.79,41790.97
112,2022-03-19,1806957.4828022434,2559471.401684449,1923060.7385804872,0.0,0.0,42367.55,41549.61,41790.97,42235.02
113,2022-03-20,1890239.5392413472,2407913.3629819006,2094125.0643105055,0.0,0.0,42297.3,40979.25,42235.02,41243.16
114,2022-03-21,1883101.8195734555,2338738.1027546898,3190957.951379519,0.0,0.0,41510.03,40555.57,41243.16,41043.9
115,2022-03-22,1851849.2410680943,2644879.116522501,4799899.102762039,0.0,0.0,43287.39,40923.9,41043.9,42380.11
116,2022-03-23,1750530.8634542546,2763834.1659602937,3097168.778795178,0.0,0.0,43021.74,41806.4,42380.11,42904.1
117,2022-03-24,1812603.7560068178,3523325.903211034,5714312.911382239,0.0,1352.2579290675312,44230.66,42653.71,42904.1,44006.77
118,2022-03-25,1827387.6736469911,3495447.328737321,3200009.6713755857,0.0,0.0,45112.71,43629.05,44006.77,44331.36
119,2022-03-26,1725429.9503590357,3493938.5246486287,1093298.7089213927,0.0,0.0,44811.3,44108.04,44331.36,44542.31
120,2022-03-27,1677273.3773015463,4039993.9067437984,2376748.707880348,0.0,3325.221086113466,46896.6,44449.41,44542.31,46842.14
121,2022-03-28,1782065.1443519073,4124380.2834479334,4151779.1404328006,0.0,1686.2605495554653,48208.48,46669.19,46842.14,47128.71
122,2022-03-29,1970799.3486922372,4206221.502087679,3263743.511911613,0.0,0.0,48054.67,47018.87,47128.71,47445.3
123,2022-03-30,1947877.7341911143,4079650.1475340873,3033014.6369189518,0.0,0.0,47690.62,46606.97,47445.3,47056.41
124,2022-03-31,2000812.68137421,3605171.4959689127,4307837.749795578,0.0,0.0,47599.87,45220.41,47056.41,45522.65
125,2022-04-01,2287539.0689870277,3158048.919712318,6996318.675537518,1884.282783199603,0.0,46726.2,44256.66,45522.65,46299.75
126,2022-04-02,2371381.6055655815,3079497.096466236,3761924.304196718,0.0,27813.89865264979,47208.84,45655.15,46299.75,45822.28
127,2022-04-03,2356177.5392729323,3169107.2422499564,3396091.654373137,0.0,0.0,47432.6,45565.57,45822.28,46414.26
128,2022-04-04,2315732.8999956334,3178868.9283968005,3643952.511846244,0.0,0.0,46893.71,45136.03,46414.26,46609.36
129,2022-04-05,2382363.6623919085,3055891.381004363,2276891.850046391,0.0,0.0,47187.66,45382.83,46609.36,45501.58
130,2022-04-06,2537596.29017803,2694586.163697056,4995104.846454951,8025.866001285267,0.0,45518.32,43129.76,45501.58,43177.78
131,2022-04-07,2684880.896804139,2541779.531597425,3344749.6197559224,9041.237642295724,0.0,43894.7,42766.45,43177.78,43466.21
132,2022-04-08,2930928.6357059134,2547901.6978496797,3168065.5827410994,0.0,0.0,43982.39,42123.42,43466.21,42273.38
133,2022-04-09,2869573.6304770503,2547901.6978496797,769653.7664718026,0.0,0.0,42813.04,42136.04,42273.38,42768.61
134,2022-04-10,3045166.5910269264,2584441.517120623,1500841.6583912028,1765.572387770512,0.0,43442.48,41921.59,42768.61,42153.77
135,2022-04-11,3384576.6592367543,2612889.877968911,4062916.7342379177,9052.326004997394,0.0,42422.86,39229.4,42153.77,39536.71
136,2022-04-12,3257982.7345928205,2630599.4820863693,3132266.325186641,0.0,0.0,40673.93,39266.86,39536.71,40086.66
137,2022-04-13,2962728.417106451,2633289.693959532,3174046.9032190572,0.0,0.0,41538.17,39591.74,40086.66,41150.33
138,2022-04-14,3161807.408141536,2590108.5686298357,1603670.903025415,0.0,0.0,41503.56,39587.14,41150.33,39951.63
139,2022-04-15,3071596.8099587196,2630326.7523173466,1692909.748360268,0.0,0.0,40800.76,39779.2,39951.63,40563.69
140,2022-04-16,3076212.8489594962,2607633.388818556,944634.2477601129,0.0,0.0,40698.01,40019.08,40563.69,40392.55
141,2022-04-17,3230903.951731939,2584902.9848217946,1290787.1904932836,0.0,0.0,40602.63,39563.9,40392.55,39688.16
142,2022-04-18,3024449.773454638,2624904.6611161176,3959794.2709558974,1076.8190555037097,0.0,41096.46,38569.14,39688.16,40811.03
143,2022-04-19,2921894.8085134793,2693218.796959224,2008558.722846441,0.0,0.0,41755.93,40588.12,40811.03,41504.44
144,2022-04-20,2957417.067231795,2699562.6601469424,1927220.3403169906,0.0,8289.97329105465,42208.1,40919.04,41504.44,41375.35
145,2022-04-21,3290761.5653942935,2644599.5677340664,3953751.3725872315,0.0,0.0,42996.5,39864.73,41375.35,40490.97
146,2022-04-22,3536705.148701637,2633344.5588932396,3256096.586930652,2649.401774442992,0.0,40794.73,39190.22,40490.97,39716.04
147,2022-04-23,2994346.889891033,2782521.8533242308,4227516.961018006,0.0,0.0,39988.54,39305.67,39716.04,39445.97
148,2022-04-24,2926031.4462798587,2775583.0775472904,2240687.7288038665,1339.306982179647,0.0,39943.44,39044.29,39445.97,39466.26
149,2022-04-25,2849775.6174553744,3024471.824334729,5883923.026429711,4.4520672272289135,56.0164000963899,40590.8,38234.7,39466.26,40437.52
150,2022-04-26,3430744.4701136546,2595157.0840410274,5188658.670333938,13.132165060255907,0.0,40797.85,37726.59,40437.52,38117.39
151,2022-04-27,3080652.466317558,2630582.892901688,5172714.7380539905,7.673236474291691,0.0,39465.62,37900.6,38117.39,39252.04
152,2022-04-28,2972210.302268994,2758430.4673545035,7250407.979833021,0.0,0.0,40386.5,38892.1,39252.04,39749.75
153,2022-04-29,3415841.46891604,2717513.3036712282,4352094.167760531,0.0,0.0,39922.6,38179.15,39749.75,38594.22
154,2022-04-30,3865244.9153053565,2691679.717460597,2017804.3319885095,0.0,0.0,38788.01,37607.77,38594.22,37650.13
155,2022-05-01,3694962.9485665606,2805910.491512944,3223417.779040714,0.0,0.0,38668.0,37461.76,37650.13,38480.53
156,2022-05-02,3563523.2700061817,2759121.2179275462,6069346.471565208,0.0,0.0,39155.96,38057.31,38480.53,38513.01
157,2022-05-03,3956326.406296427,2701759.5460123643,2589026.406351268,196.49110136239253,0.0,38644.5,37519.23,38513.01,37725.38
158,2022-05-04,3371316.662099798,3037201.4870385667,5961136.403681313,0.0,0.0,40004.37,37665.8,37725.38,39680.21
159,2022-05-05,4476051.94984376,3271449.6661133943,6209102.894029761,4776.494809411488,0.0,39831.19,35616.74,39680.21,36546.86
160,2022-05-06,4179202.2621747945,3330307.0451292973,5302842.881682096,21651.589477621197,0.0,36654.02,35318.86,36546.86,36009.89
161,2022-05-07,4253495.894592107,3304391.9230308044,1710071.3861288796,30046.23866873645,0.0,36129.02,34837.06,36009.89,35469.21
162,2022-05-08,4498315.12798648,3303437.695349894,3907640.294995913,17124.66988932176,0.0,35503.12,33732.4,35469.21,34033.77
163,2022-05-09,5194324.628576816,3300572.922957059,9863940.082871454,82306.93971741453,0.0,34229.57,30068.1,34033.77,30076.9
164,2022-05-10,5027143.396169338,3368933.0738383313,10808126.932824314,4389.967727599267,3336.0003200866736,32625.41,29836.19,30076.9,31013.12
165,2022-05-11,5652886.9883999955,3417965.1221739617,16125907.652554879,59847.826198028306,0.0,32136.04,28087.41,31013.12,29017.21
166,2022-05-12,5060650.250830021,5708587.552355052,7997540.992389849,20073.63471689444,0.0,30085.67,25835.61,29017.21,28915.72
167,2022-05-13,3488658.5268739327,3935400.405818835,10631784.636251144,0.0,0.0,30964.26,28700.17,28915.72,29244.83
168,2022-05-14,3525725.798231525,3981570.3656378444,837781.7358596895,0.0,0.0,30274.18,28588.99,29244.83,30050.31
169,2022-05-15,3471689.720099763,3988167.7892529685,651799.3299276932,0.0,0.0,31406.35,29462.91,30050.31,31296.11
170,2022-05-16,3515415.2821814707,3988429.9019669797,923208.8291851948,0.0,0.0,31296.19,29104.45,31296.11,29838.5
171,2022-05-17,3489046.447898914,3977372.820029907,592866.8868570467,0.0,0.0,30744.47,29434.76,29838.5,30415.91
172,2022-05-18,3675212.8455298557,3930407.3376702997,2066533.6334491568,0.0,0.0,30673.66,28610.2,30415.91,28667.29
173,2022-05-19,3429527.184763267,3984374.8141487767,2729534.3443938047,0.0,0.0,30505.0,28653.17,28667.29,30282.48
174,2022-05-20,3478455.0533966385,4073232.621105873,2977375.3096490954,3449.3079208508966,0.0,30725.44,28698.31,30282.48,29166.15
175,2022-05-21,3395476.4447120354,4047730.9185696575,1177028.7508355915,0.0,0.0,29613.15,28924.28,29166.15,29410.72
176,2022-05-22,3242272.6207291987,4109073.163186724,2131656.219473137,0.0,0.0,30454.36,29219.51,29410.72,30264.29
177,2022-05-23,3607906.2164688604,4113112.7597723454,3598704.1567490343,122.2943169143432,0.0,30634.84,28861.27,30264.29,29075.68
178,2022-05-24,3637756.4920568364,4292453.236557745,3045408.324488814,0.0,0.0,29800.48,28629.55,29075.68,29630.05
179,2022-05-25,3603935.4584041564,4290996.5686995955,1930231.135149957,0.0,0.0,30189.17,29321.43,29630.05,29508.27
180,2022-05-26,3715146.569176472,4329524.9351544855,2990936.043742376,1369.9742289860621,0.0,29848.6,28060.72,29508.27,29188.71
181,2022-05-27,3940668.537820613,4348260.655920733,3972650.5958250468,9.54248599875468,0.0,29359.16,28251.91,29188.71,28597.33
182,2022-05-28,3799564.8943411643,4349054.836296774,1174662.9853802652,0.0,0.0,29234.85,28504.59,28597.33,29013.53
183,2022-05-29,3760690.3575959057,4422821.925626866,1033731.5295811836,0.0,0.0,29548.72,28820.15,29013.53,29452.23
184,2022-05-30,3289925.936481823,4469302.114067158,4219974.063535801,0.0,3316.941275731324,32161.5,29287.63,29452.23,31716.41
185,2022-05-31,3261504.3038960584,4479111.881623294,2516165.1083636736,0.0,0.0,32367.02,31203.31,31716.41,31782.16
186,2022-06-01,3249694.445113329,4485266.917988792,5111919.4234739095,2522.000460895718,0.0,31956.43,29324.1,31782.16,29789.58
187,2022-06-02,3148491.7369568776,4684660.870374965,2606032.9649521587,0.0,0.0,30647.18,29574.16,29789.58,30439.63
188,2022-06-03,3357469.011378562,4669616.907676014,1763969.866406377,0.0,0.0,30676.7,29249.37,30439.63,29680.3
189,2022-06-04,3333614.142493981,4672546.1491738055,722121.6976459867,0.0,0.0,29953.65,29466.57,29680.3,29845.48
190,2022-06-05,3350399.7927587153,4716246.831983432,1044154.1825298946,93.9791932904984,0.0,30151.31,29516.97,29845.48,29897.9
191,2022-06-06,3038829.721198859,4836914.255425238,2965002.6604229067,0.0,1105.6771879276744,31740.27,29876.22,29897.9,31353.78
192,2022-06-07,3121460.16906193,4828357.818538409,4500090.041051508,35.0481185076332,0.0,31551.28,29210.15,31353.78,31111.75
193,2022-06-08,3261814.3479873585,4767193.378183393,3823210.2129489677,0.0,0.0,31305.48,29839.64,31111.75,30189.27
194,2022-06-09,3288830.264714307,4764626.121765958,1788540.4475990008,0.0,0.0,30677.87,29924.47,30189.27,30082.94
195,2022-06-10,3276930.5980606843,4526345.580080713,3484236.6320300163,1242.045064912474,0.0,30336.9,28839.92,30082.94,29067.38
196,2022-06-11,3135299.5637951978,4529584.785514947,3243517.4641919592,319027.68887791265,168.74593857816373,29414.37,28105.18,29067.38,28389.49
197,2022-06-12,3564535.0085175363,4555882.107659179,5087913.392542394,967.6771054527933,0.0,28519.32,26570.67,28389.49,26587.35
198,2022-06-13,4086694.0841575246,4686228.3313025925,17454406.006952565,16261.83958474647,0.0,26871.6,21976.15,26587.35,22471.59
199,2022-06-14,4161862.4677551943,4667637.484986097,12837786.810115281,312.07734773867753,0.0,23214.28,20837.64,22471.59,22118.37
200,2022-06-15,4365316.115486935,6086254.141390985,4997512.5014573615,4683.060008039213,1640.6890989773492,22743.84,20083.9,22118.37,22566.73
201,2022-06-16,4445577.234854488,6140687.125730584,860014.607059996,0.0,0.0,22961.17,20209.17,22566.73,20372.85
202,2022-06-17,4504882.746496945,6199516.109366355,660305.2054616316,0.0,0.0,21330.5,20221.24,20372.85,20432.26
203,2022-06-18,4476406.018714577,6218394.706477439,1279994.923428742,17524.917116128974,0.0,20722.69,17600.75,20432.26,18954.25
204,2022-06-19,4504371.148444188,6233617.971231411,1939985.2136773039,0.0,150.901808215577,20776.87,17936.0,18954.25,20553.48
205,2022-06-20,4484936.274187588,6264284.987328614,1185741.9889059123,0.0,0.0,21016.02,19616.32,20553.48,20550.91
206,2022-06-21,4481416.506332892,6256988.532758889,1268082.6457902463,0.0,0.0,21694.7,20339.03,20550.91,20699.21
207,2022-06-22,3611147.286763062,5182851.985647467,3409782.3888691016,0.0,0.0,20862.67,19756.23,20699.21,19956.16
208,2022-06-23,3843195.13208468,5479114.16008396,1409817.9656126683,0.0,0.0,21195.95,19870.07,19956.16,21098.41
209,2022-06-24,3704398.471156473,5368050.837613961,1535507.5359522228,0.0,760.7841246599111,21528.86,20717.47,21098.41,21219.46
210,2022-06-25,3735370.8316312884,5357080.699954132,582348.2273147679,0.0,0.0,21587.06,20902.05,21219.46,21474.19
211,2022-06-26,3744998.7035883297,5314259.509142013,401244.37724277086,0.0,1312.9227766338686,21855.84,20968.82,21474.19,21031.85
212,2022-06-27,3711255.92898498,5260459.395433813,446155.46027955814,0.0,0.0,21505.42,20553.32,21031.85,20718.16
213,2022-06-28,3740899.9078107774,5261853.510255489,553706.1494487583,93.66687737907672,0.0,21184.16,20179.52,20718.16,20251.96
214,2022-06-29,3802309.535884603,5326090.276510091,616187.4731765344,0.0,0.0,20402.7,19844.86,20251.96,20094.16
215,2022-06-30,3805550.125655123,5295269.980446511,783513.9856053047,1701.93239347707,0.0,20138.96,18622.86,20094.16,19908.49
216,2022-07-01,3832774.280412227,5274254.139748122,750831.0950612248,0.0,9586.211033596404,20817.65,18952.12,19908.49,19249.33
217,2022-07-02,3883545.530491365,5308262.87234943,244613.71825619054,0.0,0.0,19419.25,18965.44,19249.33,19225.66
218,2022-07-03,3878100.241119783,5299026.376963393,216540.55733319875,0.0,0.0,19617.18,18768.2,19225.66,19294.21
219,2022-07-04,3877433.684238597,5344530.965004678,568967.6248668085,0.0,0.0,20313.34,19036.44,19294.21,20212.81
220,2022-07-05,3826728.046396724,5301734.128646557,560109.2330752081,0.0,0.0,20725.51,19284.32,20212.81,20158.69
221,2022-07-06,3790908.543285152,5292911.462346323,537346.3023086523,0.0,0.0,20637.99,19749.93,20158.69,20545.04
222,2022-07-07,3752168.565313361,5305371.076317604,495121.75042343704,0.0,1146.774334199034,21840.22,20242.62,20545.04,21611.8
223,2022-07-08,3669905.6822869144,5205512.396406437,1183851.623270137,0.0,0.0,22377.17,21183.19,21611.8,21592.65
224,2022-07-09,3622436.6764643406,5157827.748696977,338310.5654584236,0.0,557.4147750897606,21942.8,21328.96,21592.65,21582.17
225,2022-07-10,3636167.1909163874,5101469.382173066,346520.62580563634,0.0,0.0,21591.09,20671.26,21582.17,20846.53
226,2022-07-11,3669023.740160661,5088175.600758877,471220.51001356286,0.0,0.0,20852.04,19872.03,20846.53,19944.25
227,2022-07-12,3676998.357632892,5100920.580206058,760654.4702964004,0.0,0.0,20036.49,19230.29,19944.25,19309.71
228,2022-07-13,3747022.281143588,5220430.787864246,1347899.3888055633,0.0,0.0,20274.83,18919.1,19309.71,20230.81
229,2022-07-14,3776294.1709428364,5261237.589769221,1066620.5148737554,0.0,444.85990675365247,20869.51,19620.06,20230.81,20577.38
230,2022-07-15,3778305.2768395906,5287359.92168742,886955.2029899729,0.0,0.0,21185.15,20373.45,20577.38,20827.27
231,2022-07-16,3769358.3814803353,5293850.46300898,574193.8129234661,0.0,0.0,21574.75,20481.02,20827.27,21199.01
232,2022-07-17,3788104.0708142444,5271885.83986057,522118.21866115317,0.0,0.0,21658.47,20752.85,21199.01,20792.81
233,2022-07-18,3749396.1524813343,5310016.962648324,1616764.1247382627,0.0,4011.2399153678007,22749.06,20760.73,20792.81,22447.39
234,2022-07-19,3728150.0654367767,5273114.638800098,3290007.624784823,0.0,48556.53224480483,23790.89,21588.2,22447.39,23399.91
235,2022-07-20,3758734.4550000424,5297938.794173185,2152429.0162635534,0.0,53.92434558026216,24276.14,22923.14,23399.91,23222.77
236,2022-07-21,3624075.180044899,5171370.030193807,1434086.3467840313,0.0,0.0,23419.67,22348.64,23222.77,23153.54
237,2022-07-22,3663782.3950438015,5145253.901950528,899976.8317249818,0.0,122.04373771598176,23749.68,22513.01,23153.54,22686.32
238,2022-07-23,3697205.600561034,5141050.610048974,1261795.4032297167,0.0,0.0,22997.6,21953.76,22686.32,22452.14
239,2022-07-24,3686697.888573166,5156933.553788476,1655599.3990585222,0.0,0.0,23012.74,22270.07,22452.14,22585.4
240,2022-07-25,3849860.9138574665,5038255.265171854,2081611.5253291735,5.582444755298893,0.0,22660.92,21268.28,22585.4,21305.59
241,2022-07-26,4018963.2159288637,5080325.8872642545,2088444.7821244982,1567.2932687056532,0.0,21341.58,20733.24,21305.59,21258.08
242,2022-07-27,3903204.918930301,5398524.334612421,3182105.05717727,0.0,0.0,23101.9,21049.67,21258.08,22960.19
243,2022-07-28,3955128.5330766616,5567085.853791527,3862022.148444085,0.0,5029.391725074764,24196.42,22599.92,22960.19,23855.65
244,2022-07-29,4093410.6665820093,5637772.23858255,3348272.4625682877,16.201277569619727,0.0,24416.37,23444.29,23855.65,23769.15
245,2022-07-30,4192684.691318275,5729671.029495147,1918124.734075085,0.0,0.0502965124017249,24619.11,23521.46,23769.15,23646.03
246,2022-07-31,4178596.0019406993,5635828.414439047,1921450.6756762408,0.0,0.0,24187.18,23243.11,23646.03,23308.14
247,2022-08-01,4059789.6570677436,5481744.413115137,2110361.8171586893,0.0,0.0,23504.29,22866.94,23308.14,23271.57
248,2022-08-02,4029646.377323601,5403820.143439833,2157895.021951321,0.0,0.0,23451.58,22668.87,23271.57,22991.49
249,2022-08-03,4027442.9570419034,5375289.3018626375,1286768.166869385,0.0,0.0,23615.71,22695.67,22991.49,22825.25
250,2022-08-04,4057134.975897195,5343333.479728691,1320376.8282771884,0.0,0.0,23228.89,22418.27,22825.25,22622.99
251,2022-08-05,4005153.3915006025,5368942.654716939,1788998.6735661125,0.0,0.0,23473.92,22590.7,22622.99,23319.22
252,2022-08-06,4057280.958608321,5333437.34686174,451497.6216292133,0.0,0.0,23350.56,22922.93,23319.22,22956.4
253,2022-08-07,4006517.705627354,5342230.347561083,473648.0204299702,0.0,0.0,23400.38,22854.01,22956.4,23179.86
254,2022-08-08,3875359.2726166113,5340479.896783971,1322246.0770065375,0.0,0.0,24244.59,23162.43,23179.86,23817.72
255,2022-08-09,4030591.1296980893,5336334.934508368,886277.5874364936,0.0,0.0,23923.56,22881.18,23817.72,23156.66
256,2022-08-10,3796963.696335324,5360478.55636509,2316707.8711216208,197.5138639561888,194.0668913291454,24216.73,22674.6,23156.66,23959.67
257,2022-08-11,3802207.0997486417,5363541.791777614,2504770.2615891392,0.0,0.0,24895.61,23867.0,23959.67,23943.36
258,2022-08-12,3770765.414409641,5450101.252850765,1390355.2651927501,0.0,0.0,24458.75,23609.84,23943.36,24412.17
259,2022-08-13,3815484.6383494143,5497774.206872073,1315659.484391424,0.0,0.0,24892.27,24306.08,24412.17,24449.86
260,2022-08-14,3840944.0792043684,5479761.828063808,1040406.4096931218,0.0,0.0,25012.36,24160.64,24449.86,24313.71
261,2022-08-15,3863164.2832960016,5345253.725115622,2302916.1011673035,2537.986906360684,1253.311441954075,25203.38,23783.19,24313.71,24101.69
262,2022-08-16,3859968.0314390813,5303082.119232618,1694536.5194398593,0.0,0.0,24247.12,23673.2,24101.69,23858.64
263,2022-08-17,3949891.3348200386,5283005.057101507,2688447.205972154,0.0,0.0,24442.02,23185.14,23858.64,23338.03
264,2022-08-18,4006047.7467752844,5294716.997712206,1219037.1900025404,0.0,0.0,23595.74,23115.03,23338.03,23201.51
265,2022-08-19,4402565.964714858,5479850.280066935,4097582.63564561,11523.098211390541,6538.656363906058,23202.7,20801.31,23201.51,20833.43
266,2022-08-20,4316450.4904492935,5449599.388751327,1614887.4195838382,0.0,0.0,21361.45,20772.5,20833.43,21142.06
267,2022-08-21,4281209.584083334,5469156.262496233,1066234.2141317537,0.0,0.0,21744.02,21074.63,21142.06,21514.79
268,2022-08-22,4285926.793845097,5475836.663756797,1297460.0747609073,0.0,0.0,21524.9,20908.27,21514.79,21399.66
269,2022-08-23,4264260.340150211,5455357.809974114,790027.1662253421,0.0,0.0,21675.25,20896.83,21399.66,21520.62
270,2022-08-24,4170509.74044278,5469860.91805098,1183459.2270261704,0.0,0.0,21879.03,21154.75,21520.62,21369.05
271,2022-08-25,4115575.0115062413,5465021.217102551,711274.4435988457,0.0,0.0,21811.37,21314.81,21369.05,21565.47
272,2022-08-26,4436282.456381335,5465494.378679536,3210931.668393568,588.9317020079731,326.52769096228184,21856.85,20121.8,21565.47,20247.99
273,2022-08-27,4451707.701425782,5451558.678762184,1324562.1310870796,2875.2238036636363,1423.631591317177,20363.82,19828.05,20247.99,20038.42
274,2022-08-28,4572412.380733725,5466640.24831656,715674.1478643112,258.21436374957943,128.58352580021173,20155.59,19527.69,20038.42,19554.08
275,2022-08-29,4369522.430981498,5485696.220212584,1357390.0211710145,0.0,0.0,20415.53,19548.16,19554.08,20292.37
276,2022-08-30,4426768.207710815,5455193.9386051735,1851563.6719044978,0.0,0.0,20574.12,19548.55,20292.37,19813.51
277,2022-08-31,4402770.134193331,5460667.762106595,1583906.7020030722,0.0,0.0,20483.64,19804.19,19813.51,20050.28
278,2022-09-01,4381094.573216907,5463747.325858569,1438546.0773795368,2.2327347879446835,2.205170047624191,20204.51,19571.05,20050.28,20129.93
279,2022-09-02,4412685.92468178,5456746.609691651,1333982.2159187878,0.0,0.0,20439.1,19760.56,20129.93,19957.44
280,2022-09-03,4421954.878777941,5457818.809845816,484157.00141847285,0.0,0.0,20052.13,19659.2,19957.44,19834.79
281,2022-09-04,4388434.983488702,5455757.026489891,607516.6667740061,0.0,0.0,20022.47,19591.33,19834.79,20003.46
282,2022-09-05,4439230.057393787,5445469.938119013,535455.018121552,0.0,0.0,20051.73,19638.59,20003.46,19793.29
283,2022-09-06,4620753.129752683,5409704.9790818095,2299400.671039305,4856.287988602641,3279.534830473116,20177.38,18707.09,19793.29,18791.95
284,2022-09-07,4532866.6665766975,5453690.522805815,1275362.4351438202,332.7030659314263,167.68273448887257,19458.77,18559.15,18791.95,19287.52
285,2022-09-08,4479149.716491309,5421356.245772088,1208843.249516457,0.0,0.0,19452.91,19023.78,19287.52,19321.77
286,2022-09-09,4144835.6590070543,5520860.049223854,3681704.4286656464,65588.21384483266,129888.37417756542,21559.78,19299.24,19321.77,21369.73
287,2022-09-10,4185989.1375568896,5588803.612653755,1383803.9313321188,0.0,0.0,21807.62,21138.54,21369.73,21655.13
288,2022-09-11,4166530.6343090814,5566147.272841554,1202141.099985799,0.0,0.0,21850.77,21366.74,21655.13,21836.45
289,2022-09-12,4085757.705834808,5684879.660150386,2835262.196809454,0.6514873477442384,0.6434442940683837,22482.54,21567.71,21836.45,22400.52
290,2022-09-13,4545639.396549139,5643708.8380138045,5399881.572089791,8309.433047342516,4102.406693725357,22767.89,19914.37,22400.52,20173.77
291,2022-09-14,4532479.012545033,5657078.732355514,2324069.3091886756,0.0,0.0,20530.34,19652.44,20173.77,20233.68
292,2022-09-15,4650079.1365449345,5644640.852404561,2315240.600296909,0.0,0.0,20333.61,19529.68,20233.68,19700.15
293,2022-09-16,4597641.19079429,5632215.240056681,1262472.083354964,0.0,0.0,19889.64,19346.99,19700.15,19804.02
294,2022-09-17,4537241.747274297,5647604.395608097,720095.0530010113,0.0,0.0,20189.93,19756.39,19804.02,20118.35
295,2022-09-18,4690525.43802601,5610529.786500238,1245240.9558952474,2070.867775891064,2163.4452979839393,20120.58,19345.98,20118.35,19417.72
296,2022-09-19,4556661.181627888,5586327.648673604,2999445.653513491,45106.05594268549,34105.64473193383,19681.29,18292.38,19417.72,19541.28
297,2022-09-20,4688160.41976032,5577487.251682901,2350868.563532058,0.0,0.0,19634.28,18735.87,19541.28,18879.95
298,2022-09-21,4652948.121372292,5480789.913261326,4290420.250547067,1486.1706611504733,894.786528737266,19744.77,18189.92,18879.95,18468.05
299,2022-09-22,4478937.588163771,5501819.743105452,2458878.1562615195,0.0,0.0,19509.87,18366.46,18468.05,19405.96
300,2022-09-23,4469305.02174616,5458763.045260686,2046129.1294215308,0.0,0.0,19500.17,18540.64,19405.96,19291.13
301,2022-09-24,4559702.042973248,5466157.643882666,878034.3980396435,0.0,0.0,19308.47,18813.25,19291.13,18924.39
302,2022-09-25,4609320.832661785,5481362.994086404,947058.1026530575,0.0,0.0,19172.03,18652.6,18924.39,18809.94
303,2022-09-26,4525796.993073921,5485103.855275552,1858839.4487707333,0.0,0.0,19316.15,18689.2,18809.94,19230.96
304,2022-09-27,4575431.735262633,5483834.638118168,3423299.2872213274,7809.208230089867,13973.445837752175,20377.45,18832.07,19230.96,19081.4
305,2022-09-28,4511934.589326947,5498891.11908947,3241427.791909346,3.386510359659636,3.3441789801638904,19774.99,18494.71,19081.4,19412.67
306,2022-09-29,4336042.684569122,5658115.277023074,3405510.896093448,0.0,0.0,19641.07,18848.01,19412.67,19593.46
307,2022-09-30,4389532.741446668,5579801.869317759,3423625.2561601563,0.0,0.0,20180.46,19201.02,19593.46,19425.63
308,2022-10-01,4371563.011246657,5535278.059036922,642660.7969947224,0.0,0.0,19482.38,19188.77,19425.63,19313.96
309,2022-10-02,4416045.723801237,5497582.195963437,883949.4766104355,0.0,0.0,19394.33,18929.91,19313.96,19058.15
310,2022-10-03,4297603.1647538915,5589729.778255215,1867011.2949675547,0.0,0.0,19697.23,18988.8,19058.15,19632.35
311,2022-10-04,4242285.677448027,5757400.915630125,2589943.4698341913,2601.514769451232,5139.159895040117,20459.26,19499.64,19632.35,20344.58
312,2022-10-05,4243043.501041869,5674641.3139913995,2471691.681524898,0.0,0.0,20366.34,19757.31,20344.58,20160.74
313,2022-10-06,4259000.362137168,5605708.440439761,2800614.3014900866,0.0,0.0,20449.46,19866.54,20160.74,19965.12
314,2022-10-07,4375559.720876882,5576252.987643217,2391295.7241157894,50.31639646739848,49.68744151155599,20058.36,19331.73,19965.12,19532.81
315,2022-10-08,4407496.72181404,5588574.20455634,535537.4194534943,115.76809807748982,57.160593427608205,19625.41,19273.73,19532.81,19419.32
316,2022-10-09,4368144.487591963,5552173.399468453,494330.5123941509,0.0,0.0,19558.67,19325.6,19419.32,19442.41
317,2022-10-10,4449748.291870219,5545222.885820065,965485.2635104568,507.34296128156086,250.9578677706924,19526.12,19052.64,19442.41,19131.36
318,2022-10-11,4407180.366688584,5531462.523601644,1240111.765117864,0.0,0.0,19263.78,18858.74,19131.36,19058.29
319,2022-10-12,4354159.159602791,5520004.860280818,638516.1206128953,0.0,0.0,19231.72,18977.33,19058.29,19154.85
320,2022-10-13,4271104.476706566,5578742.179744083,3080425.9872474372,2220.0109969809528,1126.472544539252,19504.63,18229.27,19154.85,19378.91
321,2022-10-14,4329970.444997438,5558725.313071396,2313443.3263483443,263.9795855527433,260.679840733334,19946.24,19085.87,19378.91,19182.01
322,2022-10-15,4344668.274175739,5532334.38760951,386302.83585063403,0.0,0.0,19226.15,18989.54,19182.01,19069.72
323,2022-10-16,4292095.002462508,5554541.007127088,624568.7539761079,0.0,0.0,19424.55,19065.87,19069.72,19264.26
324,2022-10-17,4244008.981693389,5605260.564238124,1070784.20726563,0.0,0.0,19676.02,19159.47,19264.26,19550.49
325,2022-10-18,4300698.33074149,5569925.626134887,1369892.17255193,0.0,0.0,19698.1,19095.12,19550.49,19330.29
326,2022-10-19,4358844.245192104,5550657.170013423,772048.754628012,0.0,0.0,19359.2,19075.49,19330.29,19123.89
327,2022-10-20,4392300.195803871,5552395.596657835,1038731.8366729246,0.0,0.0,19339.65,18927.42,19123.89,19043.54
328,2022-10-21,4352748.29279786,5563550.686799038,1313226.3736908848,0.0,0.0,19248.63,18696.2,19043.54,19166.4
329,2022-10-22,4349462.942622032,5575743.550726897,174931.31682736386,0.0,0.0,19254.68,19116.62,19166.4,19207.57
330,2022-10-23,4262408.397018891,5632123.6843334185,829775.0591977695,0.0,0.0,19687.8,19081.67,19207.57,19572.6
331,2022-10-24,4369553.288879352,5604430.003377701,1040776.3950308365,0.0,0.0,19593.09,19164.18,19572.6,19331.06
332,2022-10-25,4156349.999853395,5664561.10221844,2302215.5303329253,317.031080092505,628.2782468911489,20414.92,19243.03,19331.06,20087.18
333,2022-10-26,4028904.875811689,5660334.776762831,3350330.9687475013,1118.5475227790378,2147.968108320848,21013.26,20059.27,20087.18,20776.76
334,2022-10-27,4259367.191175264,5534538.127909081,2277995.138093947,0.0,0.0,20876.24,20207.09,20776.76,20295.28
335,2022-10-28,4106694.284578939,5499254.869977933,1446772.3965088355,0.0,0.0,20751.67,20031.32,20295.28,20599.89
336,2022-10-29,4082100.0988446325,5524889.396808074,1278997.7119461265,0.0,0.0,21064.84,20564.11,20599.89,20820.19
337,2022-10-30,4095420.3307679407,5484716.0192713775,735679.3509335928,0.0,0.0,20936.41,20523.41,20820.19,20630.65
338,2022-10-31,4089642.6346637476,5462232.205044809,1221753.2936656224,0.0,0.0,20833.31,20242.91,20630.65,20492.56
339,2022-11-01,4083770.55149201,5463010.713825217,684744.1917105553,0.0,0.0,20684.6,20336.33,20492.56,20480.27
340,2022-11-02,4177776.4616908063,5445832.601601568,1758763.7581257832,0.0,0.0,20801.56,20061.18,20480.27,20150.33
341,2022-11-03,4164563.309351429,5433823.2877324615,752811.8484042974,0.0,0.0,20385.92,20040.32,20150.33,20207.99
342,2022-11-04,4048042.9222050053,5596565.853868023,2072692.9483403023,1749.4206764275925,3464.4688450329113,21295.37,20182.9,20207.99,21150.6
343,2022-11-05,4034108.7011425816,5615432.016433604,777010.2232073408,152.8246119526086,301.8111683893461,21471.49,21085.76,21150.6,21301.57
344,2022-11-06,4093009.079400503,5584229.508830013,585874.1179301506,0.0,0.0,21363.27,20893.65,21301.57,20910.59
345,2022-11-07,4159453.7713239915,5559000.9342845585,1108304.9593229878,0.0,0.0,21066.63,20395.49,20910.59,20593.73
346,2022-11-08,4459656.061968368,5543282.343445871,13431131.928422278,10399.02194380696,8277.908999640627,20672.25,17452.87,20593.73,18544.7
347,2022-11-09,4497509.624813028,5577443.175732623,8398060.45634935,12533.339602500306,8688.868819475874,18581.64,15546.97,18544.7,15820.02
348,2022-11-10,4300225.1179086575,5478794.901441437,3475407.7028095084,7557.5396863410115,14144.185168730686,18113.28,15674.81,15820.02,17559.67
349,2022-11-11,4345170.664845905,5482005.090974539,2020040.027287099,0.0,0.0,17644.1,16383.43,17559.67,17007.72
350,2022-11-12,4333043.59789065,5472668.623460797,623505.5733522061,0.0,0.0,17067.53,16603.78,17007.72,16773.9
351,2022-11-13,4394261.3058005255,5477620.689548984,549360.7024469802,0.0,0.0,16921.72,16235.01,16773.9,16307.47
352,2022-11-14,4342902.217334616,5480944.645561816,1940707.6805753384,225.38595949648277,111.15892102937953,17157.81,15797.71,16307.47,16592.04
353,2022-11-15,4336405.244365196,5499731.346013523,1066939.946963247,0.0,0.0,17091.76,16509.15,16592.04,16879.14
354,2022-11-16,4387501.67216206,5537460.442385547,956309.340396948,0.0,0.0,16988.63,16373.11,16879.14,16648.05
355,2022-11-17,4319134.10954471,5703535.445481554,895529.5486265587,0.0,0.0,16731.41,16405.81,16648.05,16680.21
356,2022-11-18,4329674.155394506,5727879.507494433,514642.26141190453,0.0,0.0,16975.14,16531.77,16680.21,16677.95
357,2022-11-19,4343843.599727751,5749206.033731172,384275.2089793152,0.0,0.0,16798.75,16539.01,16677.95,16683.72
358,2022-11-20,4379525.001621435,5744297.367109379,657367.5923423328,19.64614711015913,19.40057027128215,16730.0,16169.2,16683.72,16253.6
359,2022-11-21,4423640.776386025,5761193.744391934,1278000.3687197077,1727.2353956131678,854.9500979761143,16272.47,15480.69,16253.6,15760.19
360,2022-11-22,4344003.310908935,5755077.647044128,943117.7233948695,0.0,0.0,16277.08,15600.3,15760.19,16198.25
361,2022-11-23,4358596.33233915,5858687.799283239,1015524.7015243359,6422.875764783211,6343.581002255024,16676.49,16144.79,16198.25,16590.98
362,2022-11-24,4362938.363865431,5957588.348213222,709542.3365300831,0.0,0.0,16787.9,16453.52,16590.98,16588.46
363,2022-11-25,4294150.913660018,6039708.467578532,850368.9602216156,0.0,0.0,16605.86,16336.71,16588.46,16508.33
364,2022-11-26,4329741.1298165005,6052452.083868651,597836.6447963349,0.0,0.0,16687.21,16382.61,16508.33,16451.53
365,2022-11-27,4350571.047896878,6070385.949954204,650770.340632891,0.0,0.0,16587.18,16401.91,16451.53,16420.87
366,2022-11-28,4400105.569710327,5981883.3883965695,1178737.8685976665,0.0,0.0,16477.82,16000.76,16420.87,16207.01
367,2022-11-29,4316222.497250902,6007717.257709617,767275.5955455598,0.0,0.0,16528.39,16096.7,16207.01,16431.79
368,2022-11-30,4214125.320405423,6312897.912748672,1419165.3619106791,78.06596316336663,154.18596944815638,17216.6,16424.76,16431.79,17162.35
369,2022-12-01,4220894.825941013,6224991.25208228,889229.262361363,0.0,0.0,17255.22,16865.92,17162.35,16978.64
370,2022-12-02,4227341.641129644,6279503.724219357,762259.257396219,0.0,0.0,17102.08,16827.01,16978.64,17094.49
371,2022-12-03,4278795.137901346,6274804.358159967,546025.4550220184,0.0,0.0,17152.49,16868.66,17094.49,16888.31
372,2022-12-04,4223427.68505849,6394822.6363363955,734769.7304556208,0.0,0.0,17194.4,16884.91,16888.31,17111.76
373,2022-12-05,4342504.16719301,6427174.849312914,1186019.9247272091,2109.944039918072,4164.2596226654005,17409.45,16879.12,17111.76,16966.84
374,2022-12-06,4297101.882272084,6466348.446376977,893282.2171083882,0.0,0.0,17101.02,16917.86,16966.84,17086.52
375,2022-12-07,4329531.114431417,6434849.020049739,630324.9212996647,0.0,0.0,17126.91,16713.28,17086.52,16837.85
376,2022-12-08,4274191.270718653,6602853.703932364,846390.4794986789,0.0,0.0,17286.64,16757.86,16837.85,17226.02
377,2022-12-09,4292591.960869656,6585300.243223678,615786.4744551497,0.0,0.0,17319.38,17077.4,17226.02,17126.85
378,2022-12-10,4289387.237647343,6597982.739965763,251379.34887972724,0.0,0.0,17221.25,17102.71,17126.85,17129.19
379,2022-12-11,4334319.854195289,6596341.692374257,349428.327240475,0.0,0.0,17259.64,17080.42,17129.19,17094.83
380,2022-12-12,4322116.621120279,6674088.752774681,806034.2338475449,0.0,0.0,17239.13,16881.75,17094.83,17208.66
381,2022-12-13,4224384.341528038,6812871.314394416,1694265.3315286585,426.50634636117076,651.1282585016548,17945.07,17096.23,17208.66,17775.32
382,2022-12-14,4318517.7122607455,7022089.3704998735,2236844.781345845,3725.4040163023365,7233.45710892971,18344.32,17684.33,17775.32,17801.37
383,2022-12-15,4380904.07403947,7005584.68989925,960598.2007654083,0.0,0.0,17853.72,17296.89,17801.37,17359.21
384,2022-12-16,4467136.496934293,6981483.765716969,1285001.3761408732,1349.783442180704,666.5708609596333,17520.63,16611.58,17359.21,16658.44
385,2022-12-17,4409767.539929661,7158539.58130543,920178.7995836873,0.0,0.0,16794.06,16593.68,16658.44,16780.55
386,2022-12-18,4410827.324425107,7257214.7058464335,668537.6133670757,0.0,0.0,16830.84,16673.02,16780.55,16742.74
387,2022-12-19,4464157.124903095,7332762.001440907,1015494.7148098602,303.97715982332085,150.0372732247924,16813.47,16350.32,16742.74,16442.79
388,2022-12-20,4375996.210534482,7401649.494594443,1309183.1688796282,0.0,0.0,17028.68,16404.94,16442.79,16901.12
389,2022-12-21,4406606.100231671,7342897.10436361,552232.4404990134,0.0,0.0,16922.92,16737.8,16901.12,16821.13
390,2022-12-22,4401059.85619551,7385840.672878302,750628.6169252914,0.0,0.0,16860.78,16571.31,16821.13,16816.01
391,2022-12-23,4391621.2782019805,7349181.607896684,714065.5189634553,0.0,0.0,16907.78,16763.01,16816.01,16780.97
392,2022-12-24,4389599.021240869,7455042.106634191,530811.7727517021,0.0,0.0,16857.81,16779.49,16780.97,16837.16
393,2022-12-25,4386319.765687996,7602102.54742335,738137.0588065009,0.0,0.0,16850.93,16736.37,16837.16,16829.1
394,2022-12-26,4373662.510463818,7704558.241022736,668270.9309367936,0.0,0.0,16926.73,16796.91,16829.1,16916.07
395,2022-12-27,4390023.779436625,7798134.0894106645,1068174.6184626617,0.0,0.0,16960.3,16606.04,16916.07,16700.54
396,2022-12-28,4453422.977001971,7958902.518163031,1327814.6239664753,0.0,0.0,16767.99,16471.35,16700.54,16540.47
397,2022-12-29,4418162.476786179,8090014.453642585,932014.449321454,0.0,0.0,16650.11,16487.13,16540.47,16631.24
398,2022-12-30,4405728.82107953,8153861.305010769,969233.9110536851,0.0,0.0,16637.25,16364.76,16631.24,16599.47
399,2022-12-31,4393701.036054612,8153532.164835371,461899.1981131038,0.0,0.0,16625.46,16487.05,16599.47,16531.31
400,2023-01-01,4394592.788214029,8214326.372040205,417513.7380973779,0.0,0.0,16619.82,16502.85,16531.31,16613.87
401,2023-01-02,4376516.434912661,8219436.88727472,546931.4663270832,0.0,0.0,16768.07,16544.15,16613.87,16670.08
402,2023-01-03,4387586.4586287225,8268643.743903157,697473.1983512234,0.0,0.0,16766.7,16605.01,16670.08,16670.16
403,2023-01-04,4355687.209325175,8314517.4218799425,984727.7361744764,0.0,0.0,16972.62,16651.02,16670.16,16846.82
404,2023-01-05,4368918.880746759,8400391.964269688,923212.4146067634,0.0,0.0,16869.84,16764.64,16846.82,16825.87
405,2023-01-06,4366660.435909732,8608662.490268618,1380091.432066443,0.0,0.0,17013.77,16687.42,16825.87,16946.16
406,2023-01-07,4375618.078122723,9067712.005947012,2193604.1648492455,0.0,0.0,16972.62,16905.39,16946.16,16942.73
407,2023-01-08,4338332.387306421,9259500.014794791,1051398.079967067,0.0,0.0,17132.21,16913.28,16942.73,17115.81
408,2023-01-09,4353823.632256377,9370613.396828707,2937618.899195525,2575.408739361166,5084.261337546995,17387.59,17103.2,17115.81,17179.03
409,2023-01-10,4352606.871161772,9473028.982099181,1042759.8846630009,0.0,0.0,17484.36,17148.57,17179.03,17442.44
410,2023-01-11,4354019.973980612,9678824.76107074,1641591.3205332228,1286.1419625427457,2547.150723579568,17986.45,17324.71,17442.44,17938.0
411,2023-01-12,4462284.258655279,9778113.35649784,4097998.8859665184,4814.055378832993,8857.751850004499,19092.31,17906.4,17938.0,18849.0
412,2023-01-13,4646453.73038554,9975565.063485932,3528648.3606883404,18503.414655081673,36557.00510974008,19992.23,18717.45,18849.0,19932.05
413,2023-01-14,4760909.165228678,9710671.274569258,4257457.754337691,131077.95300472184,138098.5109605044,21255.15,19895.77,19932.05,20954.52
414,2023-01-15,4803335.608356208,9742816.192408836,1370180.7670577858,0.0,0.0,21047.91,20575.44,20954.52,20878.94
415,2023-01-16,4811571.510801524,9874784.629143795,2270559.749712639,17262.536900028084,34226.78466527346,21438.83,20635.89,20878.94,21188.92
416,2023-01-17,4823175.763064748,9899581.826192468,1941107.3986780595,932.5898052877666,1764.666585781645,21555.18,20866.41,21188.92,21136.12
417,2023-01-18,4875342.088361588,9792428.332163787,2626171.614403413,30806.45954913638,61030.916661937474,21624.6,20411.68,21136.12,20678.47
418,2023-01-19,4789755.344528494,9798821.028788025,717822.400359661,0.0,0.0,21180.98,20670.44,20678.47,21082.28
419,2023-01-20,4777425.073224313,9725423.135624358,1586744.3718319181,80886.547663338,105892.23447243846,22724.89,20884.26,21082.28,22676.2
420,2023-01-21,4771101.482052552,9707193.061204663,1450485.3140492586,33368.164698064356,53116.99503630068,23327.14,22465.82,22676.2,22789.92
421,2023-01-22,4765419.924362631,9659627.578166548,1153351.9461761024,0.0,0.0,23072.22,22343.13,22789.92,22714.99
422,2023-01-23,4764151.608790128,9690056.57687666,1632183.0322211103,0.0,0.0,23154.59,22585.74,22714.99,22917.47
423,2023-01-24,4839072.981036482,9676473.35538247,1427843.9779590447,0.0,0.0,23159.62,22485.0,22917.47,22637.8
424,2023-01-25,4744482.903591233,9663227.47163369,1746985.3428394964,7130.240882408199,14157.093749276115,23801.04,22354.6,22637.8,23066.28
425,2023-01-26,4814113.736134037,9667407.129233047,1214700.084771727,0.0,0.0,23268.02,22870.4,23066.28,23009.15
426,2023-01-27,4784714.977459824,9624903.580633301,1809480.3069028428,0.0,0.0,23485.53,22594.06,23009.15,23077.75
427,2023-01-28,4788442.259612628,9634014.420414638,341052.54979683354,0.0,0.0,23181.57,22895.7,23077.75,23031.02
428,2023-01-29,4854219.4986346625,9767953.792591086,1699065.5623899838,7449.142084370528,14755.00779355359,23948.42,22981.04,23031.02,23747.26
429,2023-01-30,4850711.401967426,9772194.82448225,1811819.8504074207,0.0,0.0,23796.62,22577.01,23747.26,22833.34
430,2023-01-31,4792567.843213337,9771219.320354212,1185294.0173062016,5.023527883976e-06,4.961046824396e-06,23271.14,22725.41,22833.34,23129.7
431,2023-02-01,4780289.7223129505,9787351.449434895,908677.0412338149,19.303086916788388,38.17833669416283,23799.9,22792.33,23129.7,23730.52
432,2023-02-02,4978615.647973711,9729189.749123428,1779079.97594424,4219.280741861494,8278.893357309114,24229.18,23423.04,23730.52,23470.8
433,2023-02-03,4992638.845350902,9767132.947364405,1023691.0019161598,0.0,0.0,23709.93,23230.74,23470.8,23437.21
434,2023-02-04,5018602.09435148,9757218.316306982,426494.19649473723,0.0,0.0,23582.26,23268.8,23437.21,23332.1
435,2023-02-05,4980635.769286508,9782807.466265801,1192493.0740443454,0.05744360153966319,0.02837250361062445,23429.68,22796.98,23332.1,22940.79
436,2023-02-06,4973483.494544521,9780844.416450934,1601237.9277201344,153.0452790456524,75.76422975512382,23147.93,22655.5,22940.79,22761.44
437,2023-02-07,4905872.5772490995,9836077.269315582,1580229.365548395,0.0,0.0,23343.29,22752.6,22761.44,23252.78
438,2023-02-08,5001136.950290085,9853618.985348893,992124.8732769823,0.0,0.0,23407.79,22688.45,23252.78,22961.13
439,2023-02-09,5118702.704367167,9843414.243958004,1744735.360062981,1116.1909214681361,618.3779216268277,23000.67,21741.16,22961.13,21807.55
440,2023-02-10,5129038.8004959775,9833335.733264685,855798.5820161453,382.4858103157487,246.61223027912726,21940.0,21495.4,21807.55,21634.86
441,2023-02-11,5081468.710563053,9835119.873011906,236753.1042385332,0.0,0.0,21897.19,21611.54,21634.86,21862.19
442,2023-02-12,5117757.966864598,9845493.467490507,537388.8063616055,0.0,0.0,22081.41,21659.69,21862.19,21790.14
443,2023-02-13,5056361.782855949,9867293.87538261,1224589.1605783019,45.95538606913863,25.324281761663222,21895.37,21407.31,21790.14,21787.77
444,2023-02-14,5022745.599528179,9845069.298338572,1105362.1326543617,0.0,0.0,22308.02,21587.95,21787.77,22208.56
445,2023-02-15,5008825.896689379,9953995.17307543,1858362.254218551,31318.27744849809,62066.76815421897,24338.52,22059.91,22208.56,24332.21
446,2023-02-16,5016216.673369614,9896478.843224404,3144673.1344000427,101144.03775584773,200452.79347452702,25233.22,23522.57,24332.21,23533.22
447,2023-02-17,4847982.6890295455,9907674.833726294,2675821.2832494406,0.0,0.0,25012.32,23368.98,23533.22,24578.28
448,2023-02-18,4843555.41323873,9876159.198199792,699848.9502397612,0.0,0.0,24854.76,24454.5,24578.28,24638.27
449,2023-02-19,4799797.414839818,9815990.237586597,1177090.1167932008,0.0,0.0,25175.28,24253.13,24638.27,24287.53
450,2023-02-20,4817779.850375323,9921034.908793774,1977658.0582083554,0.0,0.0,25098.8,23873.19,24287.53,24838.09
451,2023-02-21,4911814.704462692,9911010.070832789,1951949.8625016618,0.0,0.0,25216.35,24168.6,24838.09,24450.5
452,2023-02-22,4876693.525616837,9961763.778273748,2261627.8051682063,135.5113490675979,67.48163821294095,24471.79,23597.76,24450.5,24186.92
453,2023-02-23,4892466.18837255,9907741.614935689,2338049.453505082,29.99964524888632,29.62927925815933,24595.08,23629.29,24186.92,23941.1
454,2023-02-24,4927424.949345683,9898522.467511576,1887706.1695058455,5.8597999334031865,5.786552434235647,24125.33,22830.91,23941.1,23189.78
455,2023-02-25,4956097.425546163,9938141.500288583,682070.173117246,128.91456291336334,63.776406016661774,23218.2,22809.19,23190.14,23168.68
456,2023-02-26,4866348.014748434,9968054.846822696,966009.1998090532,0.0,0.0,23671.2,23068.22,23168.68,23557.29
457,2023-02-27,4915882.773172809,9904848.495989865,1888638.3606602037,0.0,0.0,23884.1,23148.47,23557.29,23492.86
458,2023-02-28,4964234.878202097,9912443.957499098,1386475.6519037758,0.0,0.0,23595.27,23038.65,23492.86,23137.23
459,2023-03-01,4882587.730018381,9928841.368080959,1733393.282622201,0.0,0.0,23980.02,23036.22,23137.23,23642.8
460,2023-03-02,5017650.764524061,9919104.903478052,1103704.2619479091,0.0,0.0,23794.81,23210.39,23642.8,23467.23
461,2023-03-03,5058464.398243225,9923418.25055065,1672766.3781540138,2246.8992461789394,1116.4777335790793,23477.22,22134.9,23467.23,22360.92
462,2023-03-04,4988436.835618948,9875237.941813407,373793.65187137574,253.27594317732974,125.08841476365932,22410.68,22177.19,22360.92,22353.23
463,2023-03-05,4935610.630339241,9854016.584445693,847262.0644509535,0.0,0.0,22638.92,22243.05,22353.23,22434.09
464,2023-03-06,4922337.830712015,9840328.325937271,693684.0900466258,0.0,0.0,22595.33,22311.67,22434.09,22410.79
465,2023-03-07,4978574.148043655,9784707.121754043,1632247.1248790787,145.63855883658982,143.81807685113245,22540.85,21951.39,22410.79,22201.44
466,2023-03-08,5130084.404429675,9800690.025650669,3300806.530884652,1399.4337153823349,692.7456770333258,22262.91,21628.01,22201.44,21704.74
467,2023-03-09,5095649.120797844,9824704.93831512,2727549.536912519,86139.2342948596,43713.92897298574,21822.92,20113.96,21704.74,20370.48
468,2023-03-10,5059148.7195560215,9828262.288799955,3814566.794078876,23021.43019140279,11461.355042122252,20371.25,19599.47,20370.48,20206.71
469,2023-03-11,5088388.082817524,9966934.420386264,2311761.0178207583,4780.711013165326,9432.95101350544,20847.88,19895.33,20206.71,20613.6
470,2023-03-12,5085902.78554169,9977684.941011615,2963184.17725632,0.0,0.0,22224.01,20445.19,20613.6,22183.71
471,2023-03-13,5061040.874148433,10076150.276153574,3534413.7862820295,1567.4601349419318,3078.032253284526,24596.0,21896.85,22183.71,24207.1
472,2023-03-14,5011407.366406719,10025121.87209342,5281825.25514433,114941.90443359845,140584.96145547793,26522.41,24071.83,24207.1,24757.56
473,2023-03-15,5133557.913055031,10122026.473216906,4682405.542708918,0.0,0.0,25272.47,23946.02,24757.56,24372.11
474,2023-03-16,4967625.485100862,10061748.267800258,2540049.098170542,102.31161221717677,50.45600446746801,25211.23,24220.45,24372.11,25049.83
475,2023-03-17,4972810.84601618,10189569.101018261,5002868.875586786,48169.44058621071,95245.41760100628,27782.88,24945.9,25049.83,27441.41
476,2023-03-18,5028750.249465438,10149541.20577681,2653935.4568230063,0.0,0.0,27749.91,26655.22,27441.41,26973.46
477,2023-03-19,5065514.6003979985,10125464.092230542,3096433.0668147043,85880.72943681438,170079.0745089304,28441.41,26901.66,26973.46,28040.29
478,2023-03-20,5135145.002438769,10195570.644473,2808528.5970307095,467.7919342102821,924.1127082325472,28539.63,27228.03,28040.29,27807.05
479,2023-03-21,5087593.02905344,10207268.5257592,2009496.4985430085,85.57659258366884,169.0152176894243,28494.87,27416.8,27807.05,28188.11
480,2023-03-22,5228630.446324393,10316306.851647422,2560365.7930362243,58999.55119869194,40109.30143349242,28902.98,26676.69,28188.11,27316.18
481,2023-03-23,5474913.799799249,10328043.148924971,2968357.8273269157,0.0,0.0,28807.82,27190.13,27316.18,28345.7
482,2023-03-24,5361058.517017595,10250844.441891508,2264369.7910163365,1137.4457791054906,562.743609940739,28421.94,27054.76,28345.7,27493.01
483,2023-03-25,5286036.268501174,10218186.709559157,1402976.3093957957,0.0,0.0,27819.55,27186.95,27493.01,27492.83
484,2023-03-26,5188429.133999038,10250016.719985023,1228120.3900073208,0.0,0.0,28217.66,27448.83,27492.83,27995.16
485,2023-03-27,5289176.788295967,10190083.789477793,2332000.652752031,644.7503875161568,335.57596115281217,28045.33,26551.46,27995.16,27146.01
486,2023-03-28,5288088.656863949,10270382.962821513,2562431.530979851,0.0,0.0,27527.5,26638.39,27146.01,27266.08
487,2023-03-29,5294483.100132528,10309871.683930393,2252696.10620677,0.0,0.0,28643.21,27254.72,27266.08,28355.7
488,2023-03-30,5355696.767608835,10265466.898575615,2874281.4060178814,3273.6214488798623,6467.14047790729,29171.13,27735.19,28355.7,28040.71
489,2023-03-31,5234720.748006885,10307718.086636264,3138523.858602411,0.0,0.0,28651.82,27552.64,28040.71,28474.62
490,2023-04-01,5246359.234320898,10303580.143712746,2108531.4699638356,0.0,0.0,28816.74,28263.72,28474.62,28468.49
491,2023-04-02,5347451.184280756,10294877.107692853,2319917.4770111158,0.0,0.0,28537.18,27885.3,28468.49,28187.85
492,2023-04-03,5237814.93621872,10219628.149403445,2638184.073161529,0.0,0.0,28498.51,27292.3,28187.85,27809.04
493,2023-04-04,5240471.302998773,10276691.151784671,2388482.6702506477,4579.673805850952,5488.858485953641,28441.54,27671.89,27809.04,28177.23
494,2023-04-05,5300846.249115886,10171152.322458522,2313994.294246681,0.0,0.0,28766.02,27843.06,28177.23,28180.06
495,2023-04-06,5426848.219137356,10112872.280127943,1895215.2611312661,0.0,0.0,28191.21,27736.36,28180.06,28043.49
496,2023-04-07,5402447.282351602,10128305.969396843,1915519.758864184,0.0,0.0,28110.82,27786.82,28043.49,27927.8
497,2023-04-08,5247161.965088612,10142842.168543998,1915916.6477059682,0.0,0.0,28168.77,27879.51,27927.8,27953.93
498,2023-04-09,5134062.339698325,10162657.786522003,1380055.5629771613,0.0,0.0,28539.41,27825.42,27953.93,28340.68
499,2023-04-10,5162784.654475364,10235354.771599967,3913717.3452495374,484.8287580085383,948.9306791358995,29776.84,28179.73,28340.68,29655.75
500,2023-04-11,5254978.731895339,10333063.17509367,3503291.6131745307,23948.402400066807,47489.960499260276,30558.49,29612.35,29655.75,30226.45
501,2023-04-12,5284148.249072988,10260872.265113987,2809005.204558673,42273.709926265925,41751.81227285523,30499.62,29710.91,30226.45,29905.56
502,2023-04-13,5185830.0827728165,10336965.723236904,2220864.503497053,18.387628409177033,18.157976294083937,30603.93,29881.9,29905.56,30407.76
503,2023-04-14,5241024.489155494,10191963.388129832,1865697.7856523339,2201.57256427134,4116.91142220552,31020.32,30015.78,30407.76,30491.71
504,2023-04-15,5290769.588949674,10188228.746289061,1942200.9395963605,0.0,0.0,30615.21,30237.51,30491.71,30321.55
505,2023-04-16,5303698.647537485,10218442.786519017,1903179.470598936,3.494798399657597,3.4511134196618776,30562.42,30155.49,30321.55,30322.37
506,2023-04-17,5379303.777326025,10225872.755870761,1111852.0418174283,0.0,0.0,30331.32,29265.91,30322.37,29446.34
507,2023-04-18,5295370.727515261,10243659.270711213,2209385.3271073983,0.0,0.0,30485.26,29135.27,29446.34,30395.53
508,2023-04-19,5619156.606787619,10364897.807010293,2346944.19390404,0.0,0.0,30419.74,28615.79,30395.53,28821.91
509,2023-04-20,5476759.679225784,10163265.92534993,2858426.7025495367,234.95877874176676,116.02084809313972,29094.98,28007.09,28821.91,28248.11
510,2023-04-21,5591414.016283172,10227350.736246526,2589444.368247645,1014.2867396909087,500.8166370779561,28365.2,27173.44,28248.11,27261.17
511,2023-04-22,5361221.423719849,10231240.515322633,2506980.942044154,0.0,0.0,27883.77,27150.5,27261.17,27820.73
512,2023-04-23,5384654.063989879,10124483.476169506,2475810.741923416,0.0,0.0,27822.57,27352.28,27820.73,27596.85
513,2023-04-24,5414426.700515416,10127861.496916998,2627125.105887757,1284.193686804805,634.0867687432112,27988.76,26998.44,27596.85,27520.93
514,2023-04-25,5375954.555092079,10171954.348363958,2380402.889703754,0.0,0.0,28394.39,27200.99,27520.93,28308.07
515,2023-04-26,5416959.689124156,10163872.30963601,4559528.0607313365,481.66400915404967,475.6432090396241,30016.54,27261.2,28308.07,28432.89
516,2023-04-27,5375234.537438603,10166713.987431623,4302238.456262942,0.0,0.0,29890.36,28397.94,28432.89,29483.94
517,2023-04-28,5382443.446897323,10184878.453404188,3516359.6710361987,0.0,0.0,29600.91,28920.19,29483.94,29339.99
518,2023-04-29,5444379.961237291,10196477.022499567,2848090.836788718,0.0,0.0,29457.51,29078.4,29339.99,29251.2
519,2023-04-30,5510042.922496725,10188575.209250633,2477549.5821474968,0.0,0.0,29958.96,29113.64,29251.2,29236.81
520,2023-05-01,5530939.282507161,10231204.187703952,2910478.3797184858,0.0,0.0,29340.45,27680.56,29236.81,28086.77
521,2023-05-02,5480962.832644012,10246928.387300722,2951025.809941095,0.0,0.0,28895.93,27899.16,28086.77,28694.7
522,2023-05-03,5453146.527014869,10244457.45936015,2825172.3012405816,0.0,0.0,29278.11,28151.97,28694.7,29041.65
523,2023-05-04,5444453.238440073,10182499.175564367,2029804.964621094,0.0,0.0,29376.48,28702.7,29041.65,28865.72
524,2023-05-05,5312204.530483367,10203753.414958313,2684292.274017978,0.0,0.0,29701.05,28852.44,28865.72,29548.51
525,2023-05-06,5424013.12321624,10330688.257431353,1951898.6338037408,0.0,0.0,29853.13,28449.95,29548.51,28943.98
526,2023-05-07,5558894.631263124,10331244.033110473,2868355.9351627305,0.0,0.0,29212.06,28547.22,28943.98,28572.81
527,2023-05-08,5685975.545314428,10254393.542420052,4281281.319838069,0.0436390412591579,0.0430935532434184,28786.01,27396.42,28572.81,27783.42
528,2023-05-09,5613924.651925386,10181669.4967864,2188039.272967546,0.0,0.0,27963.87,27510.12,27783.42,27680.21
529,2023-05-10,5688803.900368294,10245503.248807546,2951203.979229908,1667.9489995521258,862.1086444546529,28330.36,26840.62,27680.21,27628.73
530,2023-05-11,5600728.724498927,10186383.850376092,2427836.6041332684,51904.91294175369,25653.68107911967,27642.56,26731.83,27628.73,26991.62
531,2023-05-12,5596226.154421875,10234193.04531849,2881428.750716971,1384.93887680064,1025.6473359253644,27092.93,25833.3,26991.62,26807.09
532,2023-05-13,5566604.3026505895,10199137.04830177,966515.0896543822,0.0,0.0,27043.5,26705.45,26807.09,26788.88
533,2023-05-14,5645870.837134608,10194105.03187865,976318.575356125,0.0,0.0,27189.55,26611.92,26788.88,26931.44
534,2023-05-15,5644396.880236823,10221276.742547726,3065836.1232952923,81.20261983690591,72.08196161982168,27668.19,26759.29,26931.44,27176.27
535,2023-05-16,5617237.254534662,10189739.666325988,2185679.911895858,0.0,0.0,27304.97,26869.45,27176.27,27036.57
536,2023-05-17,5559936.207265463,10246886.237720953,3433250.0890342253,0.0,0.0,27488.05,26565.39,27036.57,27406.21
537,2023-05-18,5676486.328980268,10195193.800186776,3095244.096741057,0.0,0.0,27476.67,26379.63,27406.21,26823.31
538,2023-05-19,5616190.377804377,10180662.136715453,1897134.5477545788,0.0,0.0,27178.6,26668.92,26823.31,26888.42
539,2023-05-20,5577190.660774093,10176287.612606779,2088247.6064527198,0.0,0.0,27164.5,26840.23,26888.42,27118.54
540,2023-05-21,5672067.29378483,10162031.86829677,1718486.8645467623,0.0,0.0,27280.07,26691.06,27118.54,26755.17
541,2023-05-22,5624807.688439215,10163549.89030427,1813156.0565645061,0.0,0.0,27084.08,26548.27,26755.17,26855.4
542,2023-05-23,5667679.795908123,10201189.49597796,1475954.1882728043,0.0,0.0,27480.33,26808.03,26855.4,27224.7
543,2023-05-24,5808716.972944688,10200370.432688482,2015568.4060760573,0.0,0.0,27225.89,26092.06,27224.7,26326.17
544,2023-05-25,5818609.897409395,10287443.892146772,2454801.589088414,19.85272941595977,19.604570298260278,26605.5,25882.27,26326.17,26480.21
545,2023-05-26,5724172.380858773,10287734.4986307,2612535.5758869494,0.0,0.0,26940.67,26338.96,26480.21,26719.7
546,2023-05-27,5675599.2778065335,10279083.691074764,2320790.106319055,0.0,0.0,26902.14,26585.34,26719.7,26872.59
547,2023-05-28,5583099.443325836,10355861.635051224,2940630.2812241153,0.0,0.0,28249.51,26789.58,26872.59,28077.57
548,2023-05-29,5603944.021542989,10204755.026110739,2079021.177453096,0.0,0.0,28450.88,27546.65,28077.57,27746.07
549,2023-05-30,5641010.488395376,10189007.746097803,2507046.7281757803,0.0,0.0,28052.68,27568.98,27746.07,27703.56
550,2023-05-31,5644291.964663528,10230172.992222931,3195221.5723327366,0.2212399835986086,0.218474483803626,27836.82,26853.57,27703.56,27220.17
551,2023-06-01,5811167.173808617,10266774.185906418,2794838.433075401,45.27559294383059,44.70964803203271,27347.94,26628.22,27220.17,26825.73
552,2023-06-02,5709170.012599694,10268385.207642445,2683909.4433311755,0.0,0.0,27305.0,26519.23,26825.73,27251.14
553,2023-06-03,5733392.448778026,10221221.48836943,2604153.478238808,0.0,0.0,27330.86,26946.35,27251.14,27078.3
554,2023-06-04,5707912.469723701,10223772.262373608,3127717.07928833,0.0,0.0,27451.16,26964.17,27078.3,27125.24
555,2023-06-05,5798859.198233347,10209561.723017022,3297985.158025162,3632.2051684189473,1863.7052302731709,27135.1,25411.77,27125.24,25740.46
556,2023-06-06,5832042.91595705,10193905.180369595,1104232.4235363929,0.0,0.0,27379.88,25380.61,25740.46,27269.02
557,2023-06-07,5853732.302170768,10219665.049324881,3673168.0306666526,1148.2421450096617,1364.340055749886,27423.02,26132.38,27269.02,26348.91
558,2023-06-08,5827124.126904308,10222174.516197186,1686185.3022074893,0.0,0.0,26816.33,26225.25,26348.91,26509.09
559,2023-06-09,5831730.232314229,10223446.356368184,1032786.5735702695,0.0,0.0,26777.91,26290.32,26509.09,26483.81
560,2023-06-10,5816442.964125149,10270104.362534523,1770034.8775371835,3180.7958072590927,3141.035877338828,26533.58,25424.05,26483.81,25856.18
561,2023-06-11,5797961.974125632,10276231.549510702,852200.3945434993,0.0,0.0,26214.2,25655.94,25856.18,25937.58
562,2023-06-12,5658530.646495737,10307637.91191652,2152369.2628095015,0.0,0.0,26099.5,25629.48,25937.58,25905.64
563,2023-06-13,5684019.589247232,10285572.641330559,3253631.514553502,0.0,0.0,26425.22,25717.6,25905.64,25928.94
564,2023-06-14,5769695.299550238,10319155.356066918,3332678.9979873616,64503.25127936852,63696.98898284415,26074.14,24836.48,25928.94,25125.73
565,2023-06-15,5558585.16639996,10323411.072123393,1807144.5169494776,130.60380535177808,75.71153230428328,25740.96,24765.75,25125.73,25574.36
566,2023-06-16,5516892.997468699,10247830.52835026,2577423.7646076893,0.0,0.0,26479.27,25205.5,25574.36,26330.59
567,2023-06-17,5567982.744920394,10239053.350643976,1878333.9490844267,32.2082129706844,31.81058071178706,26780.79,26170.91,26330.59,26510.43
568,2023-06-18,5592744.068538734,10229324.621905783,1899629.0001517888,0.0,0.0,26686.77,26260.74,26510.43,26338.0
569,2023-06-19,5517486.608863815,10231184.056220997,1985631.6315628276,125.84970413220148,248.8424616468879,27036.32,26265.34,26338.0,26842.09
570,2023-06-20,5468919.763962916,10249327.637075847,2684202.2818369297,68.09156639847703,131.49356877319383,28407.13,26648.29,26842.09,28319.35
571,2023-06-21,5433667.868979752,10225595.851921845,2946055.588772284,42358.11964925659,83712.28334492512,30780.84,28276.59,28319.35,30000.55
572,2023-06-22,5551037.724388969,10243430.986934712,1831641.9555915042,86036.02129289575,170476.88384840262,30499.85,29611.53,30000.55,29892.81
573,2023-06-23,5515768.656096253,10232525.756930742,1861441.462718254,7597.472511265049,14964.639749767046,31416.26,29818.21,29892.81,30705.39
574,2023-06-24,5527092.052635718,10229506.27282723,1117710.1209601245,0.0,0.0,30811.37,30276.97,30705.39,30548.2
575,2023-06-25,5555558.88353681,10212878.164386986,965431.989124687,33828.45835294825,66968.11718304592,31051.66,30297.61,30548.2,30473.64
576,2023-06-26,5546359.242378653,10217659.460902138,802027.1686658894,0.0,0.0,30658.58,29930.89,30473.64,30271.91
577,2023-06-27,5441946.195059118,10221298.699007275,1574687.996131773,0.0,0.0,31013.13,30232.66,30271.91,30696.99
578,2023-06-28,5467159.398092551,10220765.787111811,805101.9333241751,0.0432164156255046,0.042682879630128,30714.46,29862.15,30696.99,30078.9
579,2023-06-29,5404503.415985475,10195249.374384008,772015.0281421945,0.0,0.0,30833.99,30043.07,30078.9,30447.17
580,2023-06-30,5445831.310241343,10225989.969046563,1320473.5848797886,0.0,0.0,31272.25,29465.7,30447.17,30471.06
581,2023-07-01,5428010.444361779,10225157.84440225,158555.8623015205,0.0,0.0,30653.27,30321.27,30471.06,30590.76
582,2023-07-02,5405844.948415659,10213159.823782476,731937.5193728964,0.0,0.0,30788.75,30181.34,30590.76,30617.66
583,2023-07-03,5376066.372410141,10171483.764587484,727883.589040535,0.0,0.0,31388.17,30575.7,30617.66,31160.24
584,2023-07-04,5511941.795341192,10278533.528906649,700486.5059606488,0.0,0.0,31331.3,30638.68,31160.24,30774.39
585,2023-07-05,5523100.212863559,10269185.037701817,334024.7601351572,0.0,0.0,30877.17,30201.06,30774.39,30503.07
586,2023-07-06,5550755.897845005,10263830.683191707,781391.9709418236,221.796381318628,438.3796724055434,31521.11,29869.18,30503.07,29907.98
587,2023-07-07,5526158.977929511,10267135.862671083,1228632.8867176112,0.0,0.0,30450.48,29725.12,29907.98,30349.69
588,2023-07-08,5533944.0398887005,10266356.9602936,1146647.291065257,0.0,0.0,30383.67,30056.18,30349.69,30294.36
589,2023-07-09,5535853.850621457,10276566.417104147,667576.9118752389,0.0,0.0,30441.0,30074.68,30294.36,30171.49
590,2023-07-10,5508279.765531887,10269804.743773473,687753.9675409949,0.0,0.0,31045.4,29964.03,30171.49,30421.04
591,2023-07-11,5493761.836672006,10261823.427052427,1267278.7620466438,0.0,0.0,30805.91,30314.1,30421.04,30626.62
592,2023-07-12,5527883.079818902,10277730.278108036,1367116.9298112844,0.0,0.0,30977.57,30214.19,30626.62,30385.22
593,2023-07-13,5475152.304042672,10287914.89511395,1441768.967967654,471.47819355136625,926.912191261769,31844.94,30259.09,30385.22,31475.78
594,2023-07-14,5536628.230621967,10308008.429072572,771789.0423461087,130.27820646943368,257.4331037989748,31636.78,29929.3,31475.78,30331.09
595,2023-07-15,5529749.741594253,10296724.623671524,352104.14924613317,0.0,0.0,30403.12,30258.91,30331.09,30298.45
596,2023-07-16,5545772.683120928,10299442.512090787,471918.5743333281,0.0,0.0,30450.66,30083.92,30298.45,30248.17
597,2023-07-17,5524372.584780624,10287760.060847867,831037.2862543197,0.0,0.0,30340.04,29675.15,30248.17,30147.68
598,2023-07-18,5588902.7534110425,10308776.197698971,754538.4541466947,0.0,0.0,30244.13,29538.16,30147.68,29863.79
599,2023-07-19,5567873.894913606,10292455.897769298,754312.2651352765,0.0,0.0,30193.82,29765.06,29863.79,29918.6
600,2023-07-20,5579274.568556049,10271745.46350425,831480.6488174476,0.0,0.0,30417.9,29577.88,29918.6,29809.61
601,2023-07-21,5535300.960136013,10269075.10353633,1073051.4395059699,0.0,0.0,30060.04,29737.09,29809.61,29911.46
602,2023-07-22,5547758.582734866,10255081.174416166,663929.1426826521,0.0,0.0,30000.3,29635.44,29911.46,29791.61
603,2023-07-23,5501973.880914578,10246255.150385194,1319515.1139679293,0.0,0.0,30345.9,29738.58,29791.61,30085.68
604,2023-07-24,5571052.0254848255,10250849.091754187,1418136.725296282,134.87906914995784,133.1930807855834,30097.78,28860.94,30085.68,29181.04
605,2023-07-25,5583686.030732839,10251126.578580828,793827.747444203,0.0,0.0,29367.59,29054.49,29181.04,29226.63
606,2023-07-26,5566142.672871215,10255131.661410598,1510117.9012184457,0.0,0.0,29682.98,29098.81,29226.63,29352.06
607,2023-07-27,5558765.50424674,10250241.244678063,596886.3459297204,0.0,0.0,29566.99,29082.04,29352.06,29217.05
608,2023-07-28,5571525.917237934,10252182.579862684,380123.56807036826,0.0,0.0,29528.45,29121.24,29217.05,29316.82
609,2023-07-29,5560788.008824659,10260276.817331946,503380.73180292785,0.0,0.0,29406.57,29258.14,29316.82,29358.76
610,2023-07-30,5582431.872236421,10235440.287530564,298648.88782706816,0.0,0.0,29449.84,29043.43,29358.76,29283.34
611,2023-07-31,5489806.139411888,10200509.016507998,846706.9500533362,0.0,0.0,29524.99,29108.82,29283.34,29231.47
612,2023-08-01,5493210.30877452,10254164.258878263,1169806.8129407088,707.2635317154633,377.7309217487218,29721.48,28564.09,29231.47,29699.74
613,2023-08-02,5544663.114463112,10228071.333956238,1103626.4788172059,0.0,0.0,30029.06,28914.46,29699.74,29163.69
614,2023-08-03,5548979.127591826,10236271.96822636,480553.59038788493,0.0,0.0,29397.03,28945.61,29163.69,29177.75
615,2023-08-04,5561081.362113502,10218357.026629148,414841.44868004107,0.0,0.0,29308.95,28794.51,29177.75,29078.51
616,2023-08-05,5567064.635549607,10185492.67056139,200811.36628529584,0.0,0.0,29111.36,28953.98,29078.51,29050.34
617,2023-08-06,5511572.061526504,10182742.79832321,448047.8444429599,0.0,0.0,29164.68,28962.89,29050.34,29046.16
618,2023-08-07,5492013.582061247,10193621.5805677,766380.7674228209,0.0,0.0,29245.27,28672.37,29046.16,29182.16
619,2023-08-08,5512656.4745020475,10299159.467777384,1689232.756152494,0.0,0.0,30210.36,29111.88,29182.16,29770.51
620,2023-08-09,5433799.164380562,10262001.089233588,1603311.1255446973,0.0,0.0,30120.86,29356.43,29770.51,29566.47
621,2023-08-10,5495594.7046825355,10238949.154742742,793569.2088979096,0.0,0.0,29707.55,29319.58,29566.47,29428.1
622,2023-08-11,5510691.369103819,10240767.488422232,1530810.5749588413,0.0,0.0,29535.4,29219.56,29428.1,29403.56
623,2023-08-12,5487113.804947133,10234856.395929465,984047.1860924598,0.0,0.0,29471.12,29356.08,29403.56,29417.08
624,2023-08-13,5482836.600092947,10200652.45226766,484655.26468117314,0.0,0.0,29447.27,29257.12,29417.08,29281.55
625,2023-08-14,5512573.265741801,10263273.499853177,1086103.0756307703,0.0,0.0,29664.61,29082.39,29281.55,29409.22
626,2023-08-15,5521155.937395278,10223728.435368486,674442.6613295279,0.0,0.0,29460.86,29056.77,29409.22,29171.23
627,2023-08-16,5634876.640743812,10232335.113538675,1014431.7964351029,0.0,0.0,29228.22,28696.21,29171.23,28702.8
628,2023-08-17,5789590.124598221,10290070.80614408,2732726.2934234994,65103.724072740624,41084.39134033233,28752.02,25328.06,28702.8,26629.67
629,2023-08-18,5704001.465976533,10339182.952356044,2198797.442044992,0.0,0.0,26823.13,25629.62,26629.67,26049.69
630,2023-08-19,5728915.168863459,10380918.696475634,621038.3533255584,0.0,0.0,26266.25,25797.39,26049.69,26095.8
631,2023-08-20,5696663.277810251,10384597.959459407,434482.24334305304,0.0,0.0,26291.33,25983.85,26095.8,26191.01
632,2023-08-21,5654087.276006854,10338854.956594119,960654.0337732851,0.0,0.0,26248.2,25819.92,26191.01,26126.18
633,2023-08-22,5615437.995447763,10317627.190042913,1698031.690871046,9301.29764497184,4678.463418674787,26137.6,25369.8,26126.18,26043.01
634,2023-08-23,5531742.307498155,10316014.528537087,1701492.8455572804,0.0,0.0,26807.82,25802.48,26043.01,26429.4
635,2023-08-24,5590134.243953581,10317574.582965668,793029.1909489669,0.0,0.0,26565.88,25859.32,26429.4,26166.22
636,2023-08-25,5620090.826344302,10317489.25302886,696956.3594159578,0.0,0.0,26291.13,25759.58,26166.22,26051.29
637,2023-08-26,5639146.437892274,10317902.248715576,650234.2714023512,0.0,0.0,26109.19,25979.58,26051.29,26010.35
638,2023-08-27,5617394.995233485,10316475.910247551,760468.4265312871,0.0,0.0,26168.79,25966.75,26010.35,26091.32
639,2023-08-28,5591403.902228109,10316967.620271139,649129.604880983,0.0,0.0,26233.53,25861.84,26091.32,26106.0
640,2023-08-29,5508221.268624723,10411266.502471548,2471969.8585956534,6.46281075089111,6.383022963843072,28154.08,25911.89,26106.0,27724.41
641,2023-08-30,5583902.941242541,10353680.537063748,1234009.870476511,0.0,0.0,27766.41,27036.49,27724.41,27305.41
642,2023-08-31,5719975.777533484,10331703.55351543,2156047.2085340894,40.30144711836436,39.79767902938481,27563.68,25683.18,27305.41,25937.29
643,2023-09-01,5694961.891289358,10333176.478853082,1182198.9608140995,218.3348910696759,110.2086446337188,26137.14,25323.44,25937.29,25798.79
644,2023-09-02,5667343.262169451,10334832.4245714,172764.36856220776,0.0,0.0,25980.31,25729.66,25798.79,25868.56
645,2023-09-03,5633886.36878889,10337121.52616833,415013.00443157845,0.0,0.0,26115.72,25805.82,25868.56,25971.37
646,2023-09-04,5678613.401245298,10334048.308285158,626508.4629571404,0.0,0.0,26089.36,25636.28,25971.37,25816.24
647,2023-09-05,5685705.731796218,10319055.668437311,644807.6500584779,0.0,0.0,25878.61,25567.56,25816.24,25785.01
648,2023-09-06,5692413.469014748,10322774.222293355,931600.3158797903,107.96482051585322,106.61526025940506,26019.64,25379.85,25785.01,25751.71
649,2023-09-07,5568020.013957189,10346666.87130971,1097728.2350733923,0.0,0.0,26426.41,25600.8,25751.71,26264.75
650,2023-09-08,5650295.3070363505,10315600.225262392,1382980.3276652482,0.0,0.0,26443.61,25650.9,26264.75,25907.13
651,2023-09-09,5650898.805234575,10315232.103671715,290685.84148199356,53.42697366239469,105.53918920276556,25936.62,25799.89,25907.13,25898.41
652,2023-09-10,5680711.123411959,10330330.81562604,493802.75181929866,0.0,0.0,26020.84,25589.02,25898.41,25833.67
653,2023-09-11,5780211.131388301,10328791.422355898,1477739.4863924035,152.7997746072503,150.88978441610254,25889.38,24911.78,25833.67,25157.07
654,2023-09-12,5676080.737823638,10329210.60968288,2741647.1591264536,0.0,0.0,26545.24,25128.37,25157.07,25840.34
655,2023-09-13,5587170.116167108,10344570.550665542,1107939.5145212538,0.0,0.0,26432.59,25768.65,25840.34,26227.49
656,2023-09-14,5536677.380098194,10375577.888305862,1805853.2887434133,0.0,0.0,26845.74,26136.39,26227.49,26533.66
657,2023-09-15,5532952.622034627,10359036.492259894,946147.0100439491,0.5880414917547356,0.5807817202515908,26879.57,26224.91,26533.66,26605.49
658,2023-09-16,5562818.222056974,10352995.72602987,475668.6068420772,0.0,0.0,26771.68,26459.99,26605.49,26569.13
659,2023-09-17,5565455.115682312,10358961.316586813,293570.8965240088,0.0,0.0,26621.93,26413.39,26569.13,26533.12
660,2023-09-18,5602360.05927658,10350807.65161866,2250010.582193386,0.1178634937945562,0.116408388932895,27425.7,26394.81,26533.12,26767.82
661,2023-09-19,5480848.963468445,10366542.815500474,1703591.1478985182,0.0603564297428621,0.0596112886349256,27493.85,26676.6,26767.82,27219.02
662,2023-09-20,5520096.416038047,10367025.546173422,1335432.7532544348,0.0,0.0,27389.22,26814.07,27219.02,27126.4
663,2023-09-21,5691918.426182007,10381842.55540263,1154047.186545459,0.0,0.0,27162.0,26373.55,27126.4,26567.47
664,2023-09-22,5706443.0588321425,10385030.945088198,641216.238228301,0.0,0.0,26738.04,26478.87,26567.47,26583.16
665,2023-09-23,5699253.747822607,10386130.35968506,206751.29187074324,0.0,0.0,26640.84,26522.49,26583.16,26585.41
666,2023-09-24,5816036.022049696,10383973.265142903,713936.562012917,0.0,0.0,26732.91,26146.79,26585.41,26261.44
667,2023-09-25,5713570.88589199,10397428.917801153,1070989.4233531847,2038.175166574328,1008.8701041099441,26439.02,25997.17,26261.44,26297.93
668,2023-09-26,5717590.332251929,10397695.74003892,120291.07237072485,0.0,0.0,26395.42,26090.75,26297.93,26212.59
