,time,high,low,open,close,liquidate_long,liquidate_short,TradingVolume_usd,OpenInterest_long,OpenInterest_short,leverage_long,leverage_short,Less than 1.1X,1.1X - 5X,5X - 10X,10X - 15X,15X - 20X,20X - 25X,25X - 30X,30X - 35X,35X - 40X,40X - 45X,45X - 50X,More than 50X
4549,2022-12-30,16637.25,16364.76,16631.24,16599.47,0.0,0.0,118800.0,22305630.86599785,32915764.943556808,150.0,0.0,0.0,0.0,0.0,0.0,0.0,0.0,0.0,0.0,0.0,0.0,0.0,6600.0
4550,2022-12-31,16625.46,16487.05,16599.47,16531.31,244080.0,39600.0,1767742.0,22993107.055769145,32668055.7303825,143.75213675213675,137.86206896551724,0.0,0.0,0.0,0.0,0.0,9840.0,0.0,0.0,7372.0,0.0,9408.0,6615.131474103586
4551,2023-01-01,16619.82,16502.85,16531.31,16613.87,0.0,0.0,395013.0,22873958.870328397,32866698.21903849,94.70588235294117,150.0,0.0,24900.0,24900.0,0.0,0.0,0.0,7371.0,0.0,0.0,0.0,55392.0,14865.78947368421
4552,2023-01-02,16768.07,16544.15,16613.87,16670.08,0.0,0.0,675949.0,23215993.591589563,32209214.462194912,84.29629629629629,36.15384615384615,0.0,10277.0,11548.666666666666,0.0,8381.0,38513.333333333336,7371.0,0.0,0.0,0.0,55392.0,16289.545454545454
4553,2023-01-03,16766.7,16605.01,16670.08,16670.16,0.0,0.0,662385.0,24286774.304447364,31199635.457151543,95.41666666666667,73.0,0.0,0.0,0.0,22920.0,0.0,20643.0,12250.0,0.0,0.0,0.0,0.0,53059.27272727273
4554,2023-01-04,16972.62,16651.02,16670.16,16846.82,19800.0,0.0,2281502.0,25217795.67162564,30583577.98332482,93.46428571428571,66.72,0.0,0.0,0.0,14137.714285714286,0.0,16055.0,12250.0,8146.0,0.0,0.0,0.0,59783.23529411765
4555,2023-01-05,16869.84,16764.64,16846.82,16825.87,0.0,0.0,595617.0,24224360.942895096,31058973.13715325,94.55,52.25,0.0,0.0,0.0,37654.0,0.0,18100.0,10192.0,0.0,0.0,7871.0,0.0,29340.8
4556,2023-01-06,17013.77,16687.42,16825.87,16946.16,0.0,0.0,966954.0,25708947.71515244,37462867.8996538,61.03846153846154,36.7,0.0,8635.0,59366.0,0.0,7410.0,7846.666666666667,22428.571428571428,22030.0,0.0,0.0,0.0,27531.764705882353
4557,2023-01-07,16972.62,16905.39,16946.16,16942.73,0.0,0.0,82457.0,26711904.367436223,37687998.13747215,70.8,51.0,0.0,0.0,7944.0,0.0,15714.0,7880.0,0.0,0.0,0.0,0.0,0.0,9108.333333333334
4558,2023-01-08,17132.21,16913.28,16942.73,17115.81,0.0,0.0,501802.0,27112822.08333163,33755298.61780667,50.27272727272727,125.0,0.0,0.0,120420.0,0.0,0.0,0.0,0.0,16470.0,0.0,7869.0,0.0,29577.875
4559,2023-01-09,17387.59,17103.2,17115.81,17179.03,0.0,0.0,341552.0,25050237.03529689,27969985.184336744,67.82352941176471,66.0,0.0,7470.0,7470.0,35628.0,17748.0,7880.0,24951.6,7458.0,0.0,0.0,0.0,12526.0
4560,2023-01-10,17484.36,17148.57,17179.03,17442.44,0.0,0.0,1063383.0,25349801.054185428,26757197.780725457,56.55555555555556,42.07142857142857,0.0,0.0,7658.0,7940.0,7410.0,9703.285714285714,10325.0,20490.0,0.0,0.0,0.0,114495.25
4561,2023-01-11,17986.45,17324.71,17442.44,17938.0,0.0,0.0,3528236.0,27047798.59063011,27690835.44165521,57.31578947368421,46.0,0.0,8430.0,8430.0,118848.0,8632.5,11004.0,12250.0,0.0,0.0,278786.6666666667,0.0,166573.33333333334
4562,2023-01-12,19092.31,17906.4,17938.0,18849.0,43630.0,0.0,5652318.0,28136765.739344638,30161057.29039924,70.33333333333333,73.52112676056338,0.0,20551.666666666668,20551.666666666668,54516.0,29729.85714285714,10251.875,12250.0,389416.0,7334.0,23240.0,34986.0,29916.2
4563,2023-01-13,19992.23,18717.45,18849.0,19932.05,26400.0,0.0,11235942.0,32138700.49303364,27921967.903386503,73.07843137254902,63.72727272727273,0.0,23001.5,24971.909090909092,185246.14285714287,78649.875,66512.69565217392,14190.833333333334,19856.0,7372.0,38720.0,7290.0,68234.32530120482
4564,2023-01-14,21255.15,19895.77,19932.05,20954.52,39600.0,66000.0,7567577.0,33559214.44692192,27532205.66417454,102.46601941747574,74.72368421052632,0.0,16289.333333333334,7772.285714285715,121440.58823529411,115597.5,163892.8,76691.42857142857,14465.142857142857,9270.666666666666,0.0,0.0,28734.787401574802
4565,2023-01-15,21047.91,20575.44,20954.52,20878.94,0.0,0.0,4941881.0,32489637.333564747,29692909.24198688,56.90625,102.0,0.0,27173.5,46865.0,25204.0,115794.7,0.0,346484.6666666667,24615.0,0.0,38720.0,0.0,81567.33333333333
4566,2023-01-16,21438.83,20635.89,20878.94,21188.92,40200.0,23516.0,4762960.0,33466006.48320455,27862814.22784696,94.74698795180723,64.86363636363636,0.0,0.0,29452.0,41619.4,45347.42857142857,299674.0,19101.333333333332,11530.0,0.0,27506.285714285714,7536.0,31786.54761904762
4567,2023-01-17,21555.18,20866.41,21188.92,21136.12,25760.0,24392.0,4904632.0,28809936.748456538,35317188.66255588,70.48351648351648,76.46938775510205,0.0,56393.6,92003.14285714286,54461.333333333336,125668.5,14140.285714285714,12250.0,7702.5,9594.0,10458.90909090909,14445.0,33427.260273972606
4568,2023-01-18,21624.6,20411.68,21136.12,20678.47,26400.0,14976.0,9923905.0,27023538.84074252,34711398.75158701,94.29126213592232,95.94366197183099,0.0,13230.666666666666,28781.333333333332,50382.75,47974.92857142857,15591.2,0.0,14016.0,594264.3333333334,14762.0,0.0,53448.181818181816
4569,2023-01-19,21180.98,20670.44,20678.47,21082.28,42450.0,2388600.0,9805144.0,27850473.999268223,25567763.25970591,69.16666666666667,79.13333333333334,0.0,0.0,0.0,26306.0,135824.0,11075.5,116431.2,7320.0,369629.5,7392.0,156604.0,101296.77192982456
4570,2023-01-20,22724.89,20884.26,21082.28,22676.2,278986.0,42946.0,8374958.0,33383492.016244054,29092568.171423748,76.04854368932038,69.30232558139535,0.0,22257.875,23380.8125,30602.555555555555,65656.71428571429,65866.22222222222,10418.0,8016.2,22037.25,7661.555555555556,7966.0,57526.31481481482
4571,2023-01-21,23327.14,22465.82,22676.2,22789.92,406499.0,67984.0,23676170.0,29463926.44710113,26804471.182881597,95.42796610169492,76.9054054054054,0.0,12216.0,14376.857142857143,20667.29411764706,242272.5,42564.444444444445,249642.66666666666,9760.0,25554.416666666668,7760.0,9408.0,87434.28761061947
4572,2023-01-22,23072.22,22343.13,22789.92,22714.99,32000.0,0.0,13165407.0,30663372.870580185,26229394.81183369,88.21379310344828,72.57777777777778,0.0,7476.0,7470.0,25657.6,360957.5,188110.2857142857,121166.0,21665.6875,9515.5,0.0,10029.0,58196.92622950819
4573,2023-01-23,23154.59,22585.74,22714.99,22917.47,81204.0,191700.0,13577146.0,28911511.105668917,34389746.0124534,81.20529801324503,82.74509803921569,0.0,48394.125,26662.85714285714,14070.5,26022.75,24294.0,75644.25,11367.307692307691,7372.0,102377.33333333333,0.0,86816.608
4574,2023-01-24,23159.62,22485.0,22917.47,22637.8,708258.0,34560.0,17400898.0,34074147.72649218,39332782.86392431,94.76282051282051,70.66666666666667,0.0,20157.5,57586.444444444445,109396.27272727272,788933.75,24887.0,15745.0,82892.72727272728,27306.0,38720.0,41787.2,54388.18571428571
4575,2023-01-25,23801.04,22354.6,22637.8,23066.28,778760.0,167208.0,27817979.0,33972413.93835067,30055524.291254304,76.77777777777777,88.95270270270271,0.0,36431.0,27595.68181818182,162519.58823529413,14343.0,116511.25925925926,184901.08333333334,25859.0,85414.66666666667,59240.22222222222,28082.363636363636,49941.97810218978
4576,2023-01-26,23268.02,22870.4,23066.28,23009.15,202680.0,187320.0,11266945.0,36806847.19623883,33292876.904525664,81.10322580645162,82.40243902439025,0.0,40291.375,23630.384615384617,21922.0,33018.75,89576.08333333333,49708.0,104235.28571428571,223613.66666666666,37047.333333333336,141488.0,36833.19463087248
4577,2023-01-27,23485.53,22594.06,23009.15,23077.75,259700.0,29549.0,46394944.0,33384105.74063848,35235748.47738305,64.2579185520362,74.85384615384615,0.0,18120.88888888889,35285.846153846156,125809.33333333333,28090.833333333332,364575.2571428571,15679.5,108938.875,118039.66666666667,231018.5,115333.0,124716.64367816092
4578,2023-01-28,23181.57,22895.7,23077.75,23031.02,0.0,10465.0,3118202.0,34329684.23455559,30650908.06470433,72.66666666666667,75.06896551724138,0.0,0.0,18878.444444444445,33756.42857142857,77341.5,45416.4,109743.33333333333,0.0,0.0,205861.0,11520.0,23311.3
4579,2023-01-29,23948.42,22981.04,23031.02,23747.26,420648.0,19084.0,22686587.0,35293769.66334178,30380497.983220976,81.3954802259887,76.390625,0.0,140818.33333333334,174678.1,347762.86666666664,11918.25,265502.3461538461,19636.45,15698.444444444445,42261.77777777778,24012.333333333332,10192.0,33561.177083333336
4580,2023-01-30,23796.62,22577.01,23747.26,22833.34,68446.0,26400.0,14703857.0,35863247.915297665,29268873.524749946,79.70491803278688,86.56603773584905,0.0,50111.42857142857,64319.04761904762,26692.85714285714,14601.272727272728,46497.63636363636,20921.466666666667,115004.0,459032.0,82899.83333333333,13132.0,32283.042105263157
4581,2023-01-31,23271.14,22725.41,22833.34,23129.7,55200.0,0.0,11093677.0,35887900.76194987,34781831.81803988,79.79824561403508,59.983193277310924,0.0,173436.4,71404.4,49845.6,9878.75,15780.31111111111,36917.416666666664,8056.0,8394.8,10749.4,138296.0,61769.824
4582,2023-02-01,23799.9,22792.33,23129.7,23730.52,49800.0,103960.0,13039749.0,41154941.53777016,30920420.50778383,77.87769784172662,69.1078431372549,0.0,44431.9375,132149.6923076923,32212.944444444445,21462.0,57422.07692307692,106557.36363636363,13095.4,9432.666666666666,21588.88888888889,45297.666666666664,56067.10447761194
4583,2023-02-02,24229.18,23423.04,23730.52,23470.8,167850.0,68710.0,21226513.0,39155552.067480974,40709374.35792264,74.26815642458101,65.96969696969697,0.0,35922.0,12989.714285714286,19174.947368421053,281624.8333333333,124158.76190476191,46177.125,19258.0,519227.9166666667,32113.5,13755.333333333334,43798.62893081761
4584,2023-02-03,23709.93,23230.74,23470.8,23437.21,0.0,52800.0,12744710.0,37571935.0737849,38243201.83569018,63.20238095238095,83.18823529411765,0.0,45873.7,74394.63636363637,90978.75,116377.42857142857,10735.25,37603.25,53443.6,7430.666666666667,13458.0,9368.0,86639.17821782178
4585,2023-02-04,23582.26,23268.8,23437.21,23332.1,23040.0,0.0,2345030.0,37049260.979151815,29719136.69147396,77.90697674418605,58.80952380952381,0.0,9968.0,34456.8,15860.0,9730.0,8392.0,45998.0,11077.0,0.0,0.0,0.0,44044.15
4586,2023-02-05,23429.68,22796.98,23332.1,22940.79,46004.0,0.0,2684410.0,40226708.21762568,29208487.582008667,94.1978021978022,74.35483870967742,0.0,13275.6,54954.0,32259.6,68667.6,24561.14285714286,11220.0,42090.0,14391.666666666666,15480.0,8433.0,18333.083333333332
4587,2023-02-06,23147.93,22655.5,22940.79,22761.44,973864.0,0.0,17640361.0,43475033.59001997,32307299.894086547,94.4,54.69642857142857,0.0,20545.0,58193.0,18512.533333333333,35595.0,255068.11764705883,362927.22222222225,7699.0,0.0,18120.0,0.0,59614.31
4588,2023-02-07,23343.29,22752.6,22761.44,23252.78,37200.0,331460.0,19017720.0,44121432.05271125,31703220.37650052,83.1358024691358,71.36666666666666,0.0,18827.6,179023.5,73016.66666666667,24103.714285714286,34954.57142857143,504669.6666666667,7550.0,0.0,190061.8,0.0,117205.08
4589,2023-02-08,23407.79,22688.45,23252.78,22961.13,44504.0,331460.0,28017483.0,47824590.610375896,33245375.067397173,62.72093023255814,86.24137931034483,0.0,119219.625,157418.35714285713,205715.1,473124.14285714284,27932.714285714286,120866.66666666667,14775.0,7728.5,785109.0,7296.0,226708.1265822785
4590,2023-02-09,23000.67,21741.16,22961.13,21807.55,478224.0,13200.0,7131194.0,35188000.18346331,33941090.824906245,86.98666666666666,84.09574468085107,0.0,39459.5,43509.22222222222,149147.7142857143,10438.555555555555,56957.6,70233.33333333333,20501.555555555555,0.0,38992.5,18356.8,22178.090395480227
4591,2023-02-10,21940.0,21495.4,21807.55,21634.86,26400.0,56024.0,6260970.0,36484975.154186375,33527252.532196604,72.83544303797468,71.56338028169014,0.0,18969.222222222223,34638.0,168025.53846153847,15600.0,19680.0,9745.0,25097.14285714286,7748.0,17630.0,113082.0,34417.72222222222
4592,2023-02-11,21897.19,21611.54,21634.86,21862.19,0.0,0.0,2036263.0,36279091.68610861,28513284.80210616,82.0,74.09677419354838,0.0,9984.0,45109.333333333336,33222.5,126678.6,0.0,69741.66666666667,23793.0,0.0,0.0,0.0,29628.46875
4593,2023-02-12,22081.41,21659.69,21862.19,21790.14,140950.0,0.0,6799645.0,35698199.51667868,35366527.84716988,56.785714285714285,88.62962962962963,0.0,23095.0,17149.8,292599.0,592755.0,94133.33333333333,0.0,14640.0,7372.0,0.0,8004.0,74980.70731707317
4594,2023-02-13,21895.37,21407.31,21790.14,21787.77,0.0,0.0,6497932.0,38816179.21544396,31909909.668474674,77.62162162162163,93.78461538461538,0.0,26836.0,21189.5,61057.2,0.0,28080.0,27385.714285714286,12093.818181818182,29624.2,28262.666666666668,21690.0,57888.46590909091
4595,2023-02-14,22308.02,21587.95,21787.77,22208.56,29606.0,148900.0,17024933.0,35376682.242065065,35915305.888968974,61.070422535211264,78.70103092783505,0.0,129670.5,140908.0,461961.4285714286,14851.0,57209.63636363636,8818.75,18209.85714285714,1091239.25,18084.0,113082.0,23906.268041237112
4596,2023-02-15,24338.52,22059.91,22208.56,24332.21,0.0,174874.0,22416016.0,39334909.69391923,29278909.482247,81.9090909090909,70.10416666666667,0.0,23654.85714285714,27808.444444444445,505710.55555555556,448276.0,26762.727272727272,26396.222222222223,36924.57142857143,8844.70588235294,10148.4,52409.0,53216.07407407407
4597,2023-02-16,25233.22,23522.57,24332.21,23533.22,168800.0,1931018.0,75819912.0,34306857.00609243,30483675.80422918,94.52791878172589,72.33980582524272,0.0,72024.48,174022.53333333333,52134.666666666664,105491.76923076923,173525.0,157352.15789473685,20077.4,442048.14285714284,32888.4,894477.1538461539,176846.5406504065
4598,2023-02-17,25012.32,23368.98,23533.22,24578.28,125021.0,1905510.0,36633257.0,42987159.32411902,34935671.738500535,81.9090909090909,79.38812785388127,0.0,48224.444444444445,172795.3076923077,221431.91304347827,231410.21739130435,160973.0909090909,173657.42105263157,150112.5,40540.25,14988.0,221855.08695652173,31930.222222222223
4599,2023-02-18,24854.76,24454.5,24578.28,24638.27,128313.0,0.0,7954700.0,43505938.81572554,31402687.328374125,79.7090909090909,70.06818181818181,0.0,80655.0,124844.5,95584.33333333333,52029.6,15722.0,0.0,80520.0,7545.5,23756.0,1671488.0,37977.75362318841
4600,2023-02-19,25175.28,24253.13,24638.27,24287.53,9200.0,0.0,13003308.0,44558502.7263489,30207893.19216869,84.29113924050633,90.6195652173913,0.0,425322.6666666667,349682.75,410950.3333333333,64981.25,61680.0,63507.8,9172.5,15981.357142857143,12875.6,33053.92857142857,19619.408536585364
4601,2023-02-20,25098.8,23873.19,24287.53,24838.09,124853.0,0.0,9999903.0,48556570.72881701,29805607.715701163,80.08196721311475,93.05607476635514,0.0,30968.0,63981.25,194370.94736842104,66985.85714285714,20023.14285714286,55860.90909090909,13692.875,8985.666666666666,80400.90909090909,18748.166666666668,13364.043715846994
4602,2023-02-21,25216.35,24168.6,24838.09,24450.5,723387.0,267350.0,25234013.0,49077829.5874863,30545073.50584184,99.0626959247649,92.83116883116882,0.0,22255.0,44899.416666666664,68707.66666666667,46387.75,27578.133333333335,268791.75,70374.3,34049.6,55825.0,45379.57142857143,46934.44571428571
4603,2023-02-22,24471.79,23597.76,24450.5,24186.92,297315.0,3978420.0,58600950.0,46077056.1973037,33736755.554886885,97.6358024691358,84.40223463687151,0.0,26175.0,47144.25,204320.3,101027.44444444444,41033.6,71820.76923076923,144740.8,16449.571428571428,201517.14285714287,31036.5,125397.56052631579
4604,2023-02-23,24595.08,23629.29,24186.92,23941.1,1258394.0,2964616.0,29649108.0,48141285.02921397,29018757.752344094,85.96470588235294,76.16783216783217,0.0,115436.0,189660.25,170419.24,68860.8,95602.66666666667,102735.0,181775.75,560035.0,346534.4285714286,106846.75,51306.32978723404
4605,2023-02-24,24125.33,22830.91,23941.1,23189.78,481602.0,3437194.0,32841571.0,44326903.22979853,27287274.244431254,81.59487179487179,78.75,0.0,10750.0,288232.6666666667,70228.36842105263,473397.54545454547,414757.0909090909,45209.75,247576.7142857143,325999.1111111111,47943.083333333336,69534.0,21166.385057471263
4606,2023-02-25,23217.24,22809.89,23189.78,23167.45,0.0,896064.0,10781121.0,40773896.02046524,27332449.917772748,102.26666666666667,64.71428571428571,0.0,21364.0,11936.666666666666,44778.5,26005.2,40136.0,384481.25,317652.0,7372.0,588042.0,1323090.0,34899.03571428572
4607,2023-02-26,23673.78,23068.21,23167.45,23557.39,1887999.0,1139250.0,15664397.0,43144375.86515191,30053307.523507915,67.38235294117646,64.39344262295081,0.0,86764.44444444444,217804.0,344831.0,409619.8,100550.66666666667,275800.0,58734.857142857145,8060.0,59136.0,12880.0,68526.42424242424
4608,2023-02-27,23876.65,23144.28,23557.39,23490.07,994984.0,744252.0,30217010.0,48788400.79979046,37473279.13623086,57.94252873563219,76.87272727272727,0.0,63369.333333333336,453381.6,534754.5,556546.1818181818,366047.71428571426,259836.36363636365,18816.0,136080.0,8680.0,0.0,49882.83098591549
4609,2023-02-28,23596.23,23039.39,23490.07,23134.2,162288.0,586202.0,25483116.0,45054832.34978669,40014139.91155565,84.44444444444444,61.389830508474574,0.0,70078.64285714286,73563.41666666667,255504.0,744767.0,428658.44444444444,1036388.6666666666,317484.0,0.0,0.0,0.0,81192.0
4610,2023-03-01,23962.77,23037.24,23134.2,23641.2,25080.0,125100.0,24694147.0,42076309.98106428,42845965.22848722,87.56190476190476,65.15625,0.0,56444.77777777778,68755.0,877946.5,1237470.0,47509.454545454544,324517.7272727273,91300.4,88833.0,22780.0,0.0,46009.01960784314
4611,2023-03-02,23788.72,23212.33,23641.2,23467.22,7950.0,148800.0,11030267.0,45980625.63102223,44966004.92506265,91.1038961038961,88.19444444444444,0.0,0.0,993600.0,172030.0,890745.0,19063.0,0.0,33712.8,163310.0,0.0,0.0,51770.55952380953
4612,2023-03-03,23476.96,22147.42,23467.22,22361.45,66963.0,102687.0,16849316.0,39478382.735440746,37298278.1027407,61.751937984496124,64.16,0.0,44251.41176470588,107673.73913043478,90516.23076923077,163917.58823529413,18904.125,46727.0,26898.3,83111.85714285714,19122.2,12936.0,92994.91011235955
4613,2023-03-04,22410.72,22179.49,22361.45,22351.08,0.0,92537.0,3406111.0,42718175.539995365,37078478.19409842,56.05555555555556,65.19444444444444,0.0,84030.2,131844.16666666666,14880.0,245675.2,17386.571428571428,26250.0,24813.0,0.0,58080.0,0.0,39691.565217391304
4614,2023-03-05,22632.51,22240.41,22351.08,22433.65,13200.0,464998.0,5599025.0,37755343.97755292,39103624.85648815,76.7560975609756,72.85714285714286,0.0,54129.0,54129.0,24414.0,28070.571428571428,7568.0,21616.0,52460.0,50316.75,7267.0,60000.0,78038.8
4615,2023-03-06,22596.13,22304.69,22433.65,22410.34,39880.0,39400.0,4303254.0,36071411.65446029,40769967.3875796,86.8125,79.37931034482759,0.0,36711.5,41500.0,338573.3333333333,33660.0,46868.57142857143,0.0,95040.0,7372.0,38680.0,30060.0,41047.14893617021
4616,2023-03-07,22540.33,21965.95,22410.34,22200.87,509000.0,0.0,16664072.0,37719215.89873557,35473695.54997344,86.62162162162163,59.0,0.0,9080.0,44641.142857142855,111051.93333333333,131882.1,27506.666666666668,84408.33333333333,344129.14285714284,7884.0,22626.333333333332,12936.0,92637.08035714286
4617,2023-03-08,22261.89,21643.55,22200.87,21707.57,289424.0,0.0,14778150.0,37673009.01856112,39218865.77920672,89.78125,90.22666666666667,0.0,19392.5,90992.66666666667,204027.77777777778,28364.333333333332,59040.0,133262.5,270245.25,106067.5,8200.0,65070.0,76965.05555555556
4618,2023-03-09,21820.94,20120.77,21707.57,20369.38,209820.0,269070.0,21317457.0,38976184.54192832,38555962.82349584,68.70646766169155,77.35922330097087,0.0,22618.23076923077,100661.16666666667,116127.52173913043,112236.5,13111.136363636364,88398.0,132342.4,10172.857142857143,20480.6,39369.6,71858.27586206897
4619,2023-03-10,20370.96,19597.37,20369.38,20207.71,27692.0,398758.0,26462852.0,38242106.18162612,38926581.27532475,68.29533678756476,69.94685990338164,0.0,25594.05,44291.148148148146,51504.12903225807,174780.4814814815,32061.95,138108.9696969697,97875.73333333334,7566.0,66009.15384615384,78023.11111111111,49332.68372093023
4620,2023-03-11,20847.54,19898.92,20207.71,20610.5,263181.0,429940.0,24627370.0,45830006.61854503,35781665.662821986,73.53424657534246,77.5952380952381,0.0,48113.846153846156,67183.83333333333,183380.0,524121.35294117645,205934.5,23793.2,37619.333333333336,28703.333333333332,63287.11111111111,18656.0,45382.35172413793
4621,2023-03-12,22215.0,20448.6,20610.5,22180.75,135981.0,199120.0,30751743.0,41579854.18181111,36790902.81256093,71.18238993710692,81.4601226993865,0.0,45433.846153846156,182903.04761904763,167788.75,328543.5,91289.38461538461,38470.58823529412,15983.42857142857,32348.85714285714,7715.8,14900.444444444445,93418.96315789473
4622,2023-03-13,24575.29,21897.79,22180.75,24205.82,1765928.0,410408.0,60206752.0,49459585.538537234,39012154.13742327,57.42133333333334,55.136150234741784,0.0,87812.20512820513,163612.33333333334,69898.66666666667,43651.94736842105,86884.1,105532.97368421052,15703.714285714286,306309.75,74089.23076923077,183960.0,103062.86842105263
4623,2023-03-14,26507.17,24084.6,24205.82,24758.71,9404071.0,1920972.0,67889327.0,54425533.96986,35934864.6775103,66.37221269296741,64.22909090909091,0.0,102225.46153846153,150473.0,88040.97619047618,95462.925,181134.87179487178,51592.78723404255,41981.13333333333,17241.166666666668,49093.73684210526,78942.76190476191,72226.34255319148
4624,2023-03-15,25249.88,23950.43,24758.71,24369.16,1371054.0,482702.0,50613536.0,56229711.15935855,37296127.152756765,68.41463414634147,75.85981308411215,0.0,63372.16216216216,56306.604651162794,178056.2641509434,198575.4,298154.8181818182,78485.90384615384,11625.5,365284.6666666667,35743.818181818184,39676.666666666664,73067.6026058632
4625,2023-03-16,25210.61,24221.04,24369.16,25051.31,1226431.0,278854.0,24940070.0,60056447.71860495,40071095.63738024,90.30672268907563,64.19259259259259,0.0,90423.72727272728,112989.5,85660.26923076923,321176.8333333333,231851.7142857143,59720.1875,243021.83333333334,524001.3333333333,41704.0,34695.6,27147.12340425532
4626,2023-03-17,27784.36,24945.47,25051.31,27440.55,582102.0,1402288.0,37562500.0,60812256.98329672,30967416.41274122,69.12386706948641,76.69281045751634,0.0,52938.54285714286,17233.58823529412,53849.18,158916.24324324325,184313.89743589744,45205.27906976744,43841.23809523809,145573.27272727274,28288.833333333332,66545.23076923077,38389.20708446867
4627,2023-03-18,27746.59,26658.45,27440.55,26973.38,72512.0,437370.0,17777193.0,52792477.74456542,38482955.35743393,75.64646464646465,96.4921875,0.0,40469.333333333336,166049.625,12525.75,99259.0,26213.333333333332,99964.5,84434.18181818182,431520.3333333333,47920.4,18764.5,67069.45512820513
4628,2023-03-19,28448.08,26902.0,26973.38,28037.32,198650.0,804640.0,21005715.0,55054383.88068108,35826254.87893772,85.96062992125984,71.7560975609756,0.0,24713.454545454544,172950.8,142978.0,12914.214285714286,88200.9,33603.4,34740.0,806365.3333333334,173775.85714285713,706188.0,43323.152631578945
4629,2023-03-20,28534.79,27229.43,28037.32,27807.29,388401.0,798120.0,21352632.0,44788382.165695615,26282949.162193306,88.17050691244239,63.39267015706806,0.0,26699.140350877195,49752.9375,35577.142857142855,91511.0,175801.60714285713,63842.083333333336,38180.0,182858.66666666666,121000.0,210930.0,32603.276150627615
4630,2023-03-21,28498.09,27411.61,27807.29,28185.99,111750.0,254984.0,10863183.0,46473067.65520197,20801396.526512302,60.23972602739726,49.87850467289719,0.0,17527.125,32131.904761904763,23639.04761904762,19030.285714285714,20211.25,84150.08571428571,62036.0,20793.0,0.0,89345.42857142857,41034.44642857143
4631,2023-03-22,28877.16,26681.65,28185.99,27317.37,233288.0,361618.0,24287789.0,41435679.96681565,29824033.580651365,52.513011152416354,53.4320987654321,0.0,31429.722222222223,43467.64444444444,39845.53333333333,30272.03125,44610.07692307692,130386.02083333333,22733.894736842107,118888.31578947368,221149.4,40782.0,30449.82894736842
4632,2023-03-23,28810.23,27188.53,27317.37,28345.69,197912.0,238270.0,20466040.0,46773283.42184379,28585359.910141718,72.16279069767442,61.33613445378151,0.0,33635.25,28940.8,69535.05263157895,37859.833333333336,34166.0,172325.0,45230.22222222222,1048896.0,17217.6,688780.1666666666,46867.74757281553
4633,2023-03-24,28417.0,27047.96,28345.69,27491.73,833608.0,221700.0,12819113.0,45529145.28088487,27936469.42280865,77.41891891891892,63.520833333333336,0.0,67261.0,84707.33333333333,94144.36363636363,39758.1875,27475.69230769231,80623.66666666667,48742.5,136526.0,16733.5,7566.0,45173.0
4634,2023-03-25,27810.74,27188.56,27491.73,27493.43,79200.0,367500.0,4135431.0,45302935.870317005,28779708.28747208,68.6,69.14814814814815,0.0,34218.57142857143,105248.8,16931.666666666668,37496.0,8586.666666666666,144981.7142857143,39542.6,7665.0,13334.0,47089.0,24772.672727272726
4635,2023-03-26,28212.64,27447.43,27493.43,27996.81,16200.0,311000.0,7887473.0,45039632.876400806,31426018.02934756,67.96341463414635,65.19718309859155,0.0,46291.454545454544,113643.5,53126.5,80121.36363636363,53706.333333333336,175447.5,32100.923076923078,31376.0,17733.333333333332,0.0,29949.23076923077
4636,2023-03-27,28044.15,26565.75,27996.81,27145.09,54144.0,245000.0,28268112.0,53620476.97436217,33787784.159579284,54.12135922330097,54.71052631578947,0.0,16137.892857142857,29686.0,184583.19047619047,59452.458333333336,24425.32,475084.06666666665,42795.82608695652,41621.833333333336,18830.0,14129.5,41065.045454545456
4637,2023-03-28,27501.44,26660.19,27145.09,27274.9,0.0,498464.0,13410019.0,48774453.7166605,38699862.15511101,64.35135135135135,49.58490566037736,0.0,15444.0,28823.9,31359.764705882353,342104.3846153846,19894.4,203985.15,14735.636363636364,105781.66666666667,45480.0,15820.0,37435.44047619047
4638,2023-03-29,28640.99,27261.75,27274.9,28355.87,14700.0,3906822.0,33412923.0,44476685.9095666,41306585.766026765,71.31818181818181,49.11538461538461,0.0,19595.285714285714,36826.333333333336,71433.77142857143,65044.555555555555,20290.363636363636,405027.0,22506.85185185185,165652.33333333334,35100.0,1063530.4,131998.27551020408
4639,2023-03-30,29172.9,27731.64,28355.87,28037.46,588570.0,237020.0,29296210.0,47041224.020962216,30341838.94826548,71.42553191489361,55.74829931972789,0.0,136603.29411764705,129344.90909090909,90269.08333333333,55643.46153846154,109780.0,173698.16,31289.048780487807,224846.33333333334,26500.0,68125.0,84345.37572254335
4640,2023-03-31,28650.47,27541.23,28037.46,28477.29,302775.0,280860.0,15508803.0,51241162.10623997,29108222.90400825,82.15584415584415,71.03636363636363,0.0,32023.75,35837.583333333336,59723.0,276255.5,124784.57142857143,105303.57142857143,35816.25,18430.0,54690.0,16988.0,47500.91891891892
4641,2023-04-01,28810.95,28265.42,28477.29,28465.3,69225.0,30060.0,11269476.0,53613795.47595648,41151799.46364058,80.06756756756756,64.65454545454546,0.0,26472.5,25111.4,49858.75,9319.5,16578.666666666668,90266.66666666667,28110.0,340200.0,12580.0,4709390.0,47302.256097560974
4642,2023-04-02,28538.36,27880.95,28465.3,28186.76,39600.0,0.0,9489118.0,49117370.0471346,32728569.615737986,82.47297297297297,37.509433962264154,0.0,27009.0,29813.875,35874.5,43785.0,46752.0,69443.75,19728.333333333332,238536.0,13560.0,865025.8333333334,26968.424242424244
4643,2023-04-03,28494.64,27290.26,28186.76,27810.08,600138.0,165752.0,36755964.0,48244181.66877935,33059407.475824308,63.035714285714285,48.59615384615385,0.0,42714.84848484849,56306.96153846154,38077.565217391304,7815.0,193313.03225806452,121814.08333333333,77962.0,316412.1,167130.25,78240.5,82748.90123456791
4644,2023-04-04,28437.75,27674.33,27810.08,28178.13,64200.0,225158.0,13169130.0,56080235.761398986,37786462.779307336,81.01052631578948,59.068627450980394,0.0,27154.666666666668,62691.42857142857,25855.272727272728,199522.0,18444.444444444445,56395.58823529412,19448.0,1493842.0,46997.333333333336,12553.333333333334,44048.79816513762
4645,2023-04-05,28781.48,27841.22,28178.13,28181.03,82500.0,44280.0,16673698.0,60943845.02076665,31813962.692589432,79.28571428571429,67.88659793814433,0.0,62976.25,52278.4375,77790.44444444444,123597.1,20872.0,24895.916666666668,36245.529411764706,85050.0,165058.8,19212.666666666668,99209.34745762713
4646,2023-04-06,28190.92,27726.09,28181.03,28045.06,0.0,0.0,3430000.0,50173073.06645234,37107388.15331896,74.06896551724138,75.85714285714286,0.0,107268.125,87434.0,38782.181818181816,7527.142857142857,44710.61538461538,9800.0,22450.0,15678.0,0.0,12047.2,23958.618181818183
4647,2023-04-07,28110.71,27791.0,28045.06,27910.62,0.0,39600.0,3451401.0,52129393.65187831,31986186.27586315,95.91666666666667,108.86363636363636,0.0,11960.0,79488.0,121947.5,7410.0,60674.0,24500.0,481200.0,0.0,52626.0,24816.0,30393.69090909091
4648,2023-04-08,28160.84,27868.97,27910.62,27953.79,0.0,0.0,1068314.0,49798673.043346405,31603795.276904374,66.2,116.19047619047619,0.0,26415.5,0.0,0.0,8142.0,9408.0,22700.0,0.0,38756.0,0.0,0.0,34186.0
4649,2023-04-09,28540.31,27819.81,27953.79,28341.05,21980.0,58428.0,4791317.0,46406969.9840701,36331858.68386159,89.74626865671642,78.0,0.0,18531.5,17983.25,58634.0,9880.0,11124.0,20558.85714285714,0.0,48862.0,52626.0,0.0,40621.448979591834
4650,2023-04-10,29774.9,28185.87,28341.05,29654.81,24750.0,117360.0,33925094.0,52428314.059080936,31691413.08732372,91.86238532110092,76.17575757575757,0.0,23205.285714285714,33826.92307692308,31456.428571428572,16201.7,29491.214285714286,28690.0,37937.9375,147980.0,18960.571428571428,63972.0,167079.12365591398
4651,2023-04-11,30555.43,29610.52,29654.81,30226.1,687326.0,157330.0,15697828.0,54209705.4771371,30973791.74731908,99.71649484536083,83.7514450867052,0.0,23873.428571428572,25367.42105263158,19771.571428571428,10359.272727272728,22263.0,32562.0,54768.5625,78277.5,11318.0,7958.0,46913.76978417266
4652,2023-04-12,30501.9,29702.95,30226.1,29905.2,636664.0,282540.0,15259319.0,52321221.99812724,28491553.80588216,81.64864864864865,74.02877697841727,0.0,27466.4,27532.444444444445,31017.08,41095.53333333333,84664.0,48146.933333333334,27712.571428571428,9006.5,19360.0,23160.666666666668,53449.51960784314
4653,2023-04-13,30590.87,29881.39,29905.2,30404.37,67125.0,37536.0,6694301.0,51705318.84502769,38626744.34958598,84.78947368421052,83.02380952380952,0.0,20300.0,11205.25,42136.88888888889,16170.857142857143,32581.2,48432.28571428572,25362.0,76935.0,17410.0,11373.0,40486.41935483871
4654,2023-04-14,31023.78,30017.62,30404.37,30493.01,1697568.0,88620.0,26240623.0,56938975.223534174,31625534.53429263,86.08426966292134,66.28,0.0,84608.0,90147.33333333333,51478.565217391304,63389.416666666664,58103.25,62146.3,232135.61111111112,100362.0,72873.09090909091,43611.5,96957.77906976744
4655,2023-04-15,30611.18,30240.41,30493.01,30321.23,6900.0,0.0,2124889.0,58418998.55335053,31450526.04197617,90.76315789473684,72.08333333333333,0.0,12168.0,0.0,10700.0,0.0,0.0,55125.5,16525.333333333332,51030.0,74185.33333333333,0.0,44973.11111111111
4656,2023-04-16,30562.23,30152.86,30321.23,30322.77,23170.0,0.0,6884594.0,63711020.06312852,30217096.08654949,101.98333333333333,86.0909090909091,0.0,18810.0,9398.5,0.0,0.0,9840.0,60488.8,9964.5,0.0,30720.0,13630.0,97338.69696969698
4657,2023-04-17,30329.15,29260.88,30322.77,29446.77,350290.0,9900.0,13981420.0,52046226.92533698,30995016.571392097,73.0650406504065,85.02222222222223,0.0,23204.333333333332,28344.0,30780.25,25417.8,29287.5,61268.625,41978.454545454544,17575.428571428572,21213.333333333332,681000.0,93218.6530612245
4658,2023-04-18,30487.36,29141.12,29446.77,30396.77,841660.0,42018.0,11043645.0,55410654.72514016,31263444.30141144,70.00735294117646,65.10909090909091,0.0,19512.833333333332,19169.8,60239.28571428572,10863.285714285714,53497.0,10958.857142857143,38490.692307692305,22349.75,69942.85714285714,16229.454545454546,83625.74725274726
4659,2023-04-19,30418.14,28613.35,30396.77,28828.2,1099882.0,134542.0,19045492.0,40723849.54263856,31918266.77417044,75.40086206896552,68.35555555555555,0.0,17165.0,17574.666666666668,22079.8,10478.333333333334,28997.933333333334,24184.5,28619.571428571428,10932.5,60722.666666666664,53519.666666666664,79787.81818181818
4660,2023-04-20,29094.52,28009.24,28828.2,28245.06,25432.0,856360.0,8223373.0,40755190.87294512,36000823.78305633,75.23448275862069,88.43373493975903,0.0,32067.0,21812.75,14171.882352941177,11607.09090909091,32803.71428571428,24356.266666666666,25246.571428571428,28089.0,11018.222222222223,53208.0,43995.39189189189
4661,2023-04-21,28360.43,27159.82,28245.06,27260.85,184000.0,159580.0,10197426.0,41235293.48597625,40597733.70038803,74.04861111111111,78.6,0.0,74473.4,56811.333333333336,16505.133333333335,24045.46153846154,41090.0,35066.2,28010.6,80801.2,11440.0,108110.0,47439.09027777778
4662,2023-04-22,27882.99,27149.05,27260.85,27818.87,434078.0,94656.0,12271309.0,42947741.25144669,45722499.19809379,80.9375,76.79591836734694,0.0,51807.5,61865.0,31183.4,137559.5,58280.444444444445,41234.0,13381.193548387097,43506.0,21254.75,32993.5,102495.66315789474
4663,2023-04-23,27822.64,27356.31,27818.87,27596.71,144230.0,54288.0,2183377.0,40686500.79052151,46231038.74603866,46.583333333333336,70.11864406779661,0.0,10040.0,20623.14285714286,41824.4,7575.0,12661.5,12250.0,9128.0,0.0,7760.0,11437.5,25788.134615384617
4664,2023-04-24,27989.5,27015.4,27596.71,27520.33,71984.0,60100.0,16360141.0,46573829.83950134,44734139.984043874,97.3913043478261,89.69090909090909,0.0,7470.0,34363.5,18181.2,49259.25,14175.857142857143,16111.57142857143,11366.4375,14934.0,7760.0,8477.0,85233.60227272728
4665,2023-04-25,28396.41,27202.16,27520.33,28308.39,228472.0,150520.0,20846071.0,49731389.642455295,46680549.85732116,89.83333333333333,94.4551282051282,0.0,7525.0,21405.25,47105.166666666664,431887.75,41066.5,163095.125,52532.291666666664,55856.0,11373.333333333334,95420.66666666667,78998.97159090909
4666,2023-04-26,30017.37,27262.37,28308.39,28433.41,375844.0,1437236.0,33872319.0,45889391.19899202,35548744.4808758,78.08088235294117,97.97602739726027,0.0,8971.2,28062.7,40734.604166666664,81369.84210526316,28667.911111111112,32964.80952380953,27017.375,22460.0,149882.66666666666,47846.0,68384.93539325842
4667,2023-04-27,29891.79,28395.94,28433.41,29485.09,136700.0,232188.0,11737556.0,43832207.41440099,32997596.42050396,76.81318681318682,100.58974358974359,0.0,20294.428571428572,22695.85714285714,20141.533333333333,29426.666666666668,25849.333333333332,14875.0,21902.5,41677.5,513589.0,13488.0,44361.96503496503
4668,2023-04-28,29604.84,28922.6,29485.09,29339.91,0.0,15900.0,5117702.0,43186743.525068015,30797501.22222648,89.87142857142857,76.63513513513513,0.0,27411.166666666668,34843.6,31888.75,7410.0,13783.5,27384.0,82502.57142857143,83012.75,14582.0,13530.333333333334,30777.782608695652
4669,2023-04-29,29463.49,29090.83,29339.91,29250.94,7976.0,0.0,6236834.0,47781701.19634406,30866004.003203426,82.16279069767442,84.3157894736842,0.0,21944.14285714286,32738.333333333332,12160.0,7410.0,9384.0,0.0,1917390.0,73799.5,0.0,23298.333333333332,48222.0
4670,2023-04-30,29963.23,29110.79,29250.94,29234.41,1949514.0,0.0,8166906.0,49419048.253985226,30504235.84383768,72.22857142857143,95.1304347826087,0.0,18996.666666666668,27965.333333333332,21490.5,12671.25,667207.3333333334,0.0,133477.75,80916.25,69970.0,55569.25,97601.0
4671,2023-05-01,29340.17,27679.83,29234.41,28086.19,8359410.0,256600.0,47281721.0,46894122.51848287,36154505.87913251,68.9205298013245,85.8641975308642,0.0,14861.666666666666,27061.5,44257.27272727273,102256.38888888889,107618.76,87045.0,259263.8125,354603.8333333333,13948.0,33442.0,270329.11627906974
4672,2023-05-02,28896.62,27897.95,28086.19,28694.85,1182326.0,0.0,11320184.0,46638938.6570789,33420481.513172977,72.97222222222223,77.56363636363636,0.0,132725.33333333334,104546.0,503311.3333333333,7790.666666666667,12676.692307692309,14340.0,26265.0,57951.5,40792.666666666664,50848.666666666664,87315.12162162163
4673,2023-05-03,29274.35,28155.84,28694.85,29041.0,144098.0,0.0,8193323.0,46306690.32913258,30163896.46326713,57.75609756097561,59.794117647058826,0.0,22586.333333333332,22098.375,15704.0,17268.944444444445,50946.666666666664,19199.333333333332,44328.666666666664,86527.33333333333,69233.0,36809.42857142857,81590.5223880597
4674,2023-05-04,29370.41,28703.83,29041.0,28866.54,0.0,0.0,1985394.0,53242418.63066551,31428438.432011843,50.78048780487805,42.89655172413793,0.0,34464.5,22574.0,14150.0,18665.4,72160.0,33112.6,8780.0,39764.5,0.0,0.0,26402.869565217392
4675,2023-05-05,29697.23,28853.1,28866.54,29550.84,0.0,0.0,5474408.0,50806192.83807111,34156380.704420574,61.81666666666667,82.53061224489795,0.0,21345.85714285714,29396.125,63661.6,16869.8,89178.85714285714,134775.0,8172.0,180861.5,0.0,116865.0,45429.1746031746
4676,2023-05-06,29857.86,28459.77,29550.84,28943.94,0.0,15900.0,7049362.0,49937355.07432401,32954660.99291827,69.51470588235294,83.77272727272727,0.0,11010.0,10398.4,21058.875,12470.222222222223,80304.6,80305.5,14138.4,11739.0,0.0,0.0,124022.55319148937
4677,2023-05-07,29207.72,28547.14,28943.94,28574.43,0.0,0.0,7363142.0,47443530.78659606,34065966.39148975,82.87179487179488,86.27272727272727,0.0,12292.0,107870.0,195964.4,7410.0,170649.81818181818,207682.4,9270.0,7566.0,0.0,0.0,97473.0
4678,2023-05-08,28785.25,27408.28,28574.43,27781.0,2899078.0,7950.0,19077936.0,45681097.64841643,39124649.31009288,59.8974358974359,61.916666666666664,0.0,29514.5,26069.0625,301641.28571428574,175889.88888888888,196824.375,467008.8333333333,25412.176470588234,23737.0,34585.5,0.0,100995.28048780488
4679,2023-05-09,27962.92,27516.13,27781.0,27679.75,1820150.0,39750.0,18930269.0,45809379.24560305,39328759.952142,59.483870967741936,75.35,0.0,8470.666666666666,8473.333333333334,42550.0,324279.6,368749.0,1513512.5,8496.0,25802.0,11382.0,0.0,177128.65454545454
4680,2023-05-10,28330.99,26849.01,27679.75,27628.13,63168.0,15900.0,62364511.0,50101583.09718104,33114863.067329094,69.01685393258427,56.88659793814433,0.0,7482.0,7721.0,26335.266666666666,34143.86666666667,14334.75,18082.684210526317,50524.04347826087,26582.25,32274.0,78923.5,431485.75373134325
4681,2023-05-11,27640.51,26732.91,27628.13,26992.24,48702.0,15900.0,31824418.0,37322743.53474391,57367394.75488643,59.51578947368421,81.32307692307693,0.0,20933.5,26687.2,15250.0,8121.428571428572,11646.666666666666,19310.0,15645.777777777777,30200.666666666668,8126.0,28994.0,405919.12
4682,2023-05-12,27080.81,25848.3,26992.24,26807.89,90466.0,0.0,33390015.0,53272642.21406048,36767681.1509458,63.288,74.21649484536083,0.0,21254.0,15293.6,55613.375,10555.333333333334,97213.64705882352,27929.4,11824.444444444445,7369.0,22843.176470588234,0.0,239598.5483870968
4683,2023-05-13,27048.87,26705.71,26807.89,26789.55,0.0,0.0,7342813.0,52174381.686659664,37243218.44314362,92.20689655172414,75.45454545454545,0.0,20100.666666666668,25595.0,202713.5,7486.0,9840.0,18375.0,16132.8,7566.0,8946.0,0.0,146778.11627906977
4684,2023-05-14,27201.48,26611.49,26789.55,26932.09,0.0,0.0,25515777.0,42852098.15528483,35849983.07693088,79.76190476190476,83.0,0.0,0.0,0.0,289777.0,11377.4,9740.0,11650.0,8055.0,0.0,0.0,0.0,824069.7857142857
4685,2023-05-15,27668.25,26757.84,26932.09,27175.06,18020.0,0.0,29065525.0,50668253.50308843,33550376.471895456,70.8125,93.6067415730337,0.0,8380.0,11128.0,165852.53846153847,12041.25,9490.0,12116.666666666666,17172.85714285714,651822.3333333334,8502.0,68344.0,226986.41836734695
4686,2023-05-16,27301.71,26873.63,27175.06,27036.63,0.0,26400.0,35696018.0,45335448.88876731,37384221.65766551,62.94736842105263,88.28571428571429,0.0,8248.0,0.0,11508.0,10140.0,440680.0,10708.333333333334,98797.2,25202.0,7304.0,258916.0,663167.8409090909
4687,2023-05-17,27492.13,26577.97,27036.63,27404.35,0.0,264000.0,15515779.0,51560839.23923886,32104053.74397141,68.63461538461539,79.45882352941176,0.0,8116.0,34167.333333333336,49600.0,168636.7142857143,19986.5,59023.833333333336,57330.46153846154,60348.8,0.0,9506.0,136771.4578313253
4688,2023-05-18,27473.95,26394.46,27404.35,26821.85,842796.0,7950.0,21034490.0,34893586.41433426,26445775.67446629,74.48051948051948,64.04545454545455,0.0,9979.0,25663.0,20736.666666666668,754020.0,569578.5,97350.0,8100.0,58757.25,0.0,20114.5,197505.5806451613
4689,2023-05-19,27176.23,26661.47,26821.85,26887.96,0.0,26845.0,3583314.0,33529048.05334408,27542823.45787866,72.0,74.90196078431373,0.0,0.0,17913.0,11480.0,7792.0,68381.25,10225.0,0.0,31185.0,11120.0,23088.0,50878.016949152545
4690,2023-05-20,27163.96,26839.84,26887.96,27117.18,0.0,0.0,1289894.0,33816142.96683155,27186678.96346845,65.2,64.34782608695652,0.0,0.0,8086.5,7903.5,7792.0,0.0,13642.0,8135.333333333333,0.0,8106.0,7285.0,54409.0
4691,2023-05-21,27273.52,26691.13,27117.18,26755.7,368000.0,26845.0,4927751.0,33921563.62087842,27196774.481340043,76.0,68.28571428571429,0.0,0.0,8829.333333333334,19840.0,7410.0,44645.42857142857,0.0,11712.0,39304.5,34080.0,199098.16666666666,75734.21428571429
4692,2023-05-22,27081.37,26547.27,26755.7,26855.83,0.0,0.0,3978152.0,38370903.36314048,29475162.30937951,70.3170731707317,90.125,0.0,0.0,11940.0,8460.0,80983.85714285714,109024.5,19084.0,7810.0,69912.0,152373.33333333334,9225.2,50665.97826086957
4693,2023-05-23,27475.27,26808.48,26855.83,27224.64,0.0,0.0,15057552.0,44710509.56953669,28255418.666561622,84.9795918367347,80.97435897435898,0.0,28876.0,14028.0,27780.0,110073.0,563674.8,12250.0,360262.0,40810.0,7728.0,8878.0,132129.49122807017
4694,2023-05-24,27225.94,26088.24,27224.64,26326.59,0.0,0.0,31259890.0,46979563.64944859,27027284.01221447,78.24489795918367,83.2439024390244,0.0,11750.285714285714,14433.714285714286,15794.0,18340.0,1199574.5555555555,43600.666666666664,163224.0,23334.125,9680.0,124785.0,208318.60869565216
4695,2023-05-25,26600.0,25879.36,26326.59,26480.31,302936.0,533272.0,16809195.0,41941470.99344558,28808544.29472893,83.40322580645162,89.17543859649123,0.0,0.0,13878.0,79565.6,28289.333333333332,498792.0,8575.0,104024.0,59926.666666666664,24200.0,7314.0,138505.8260869565
4696,2023-05-26,26938.84,26338.38,26480.31,26721.25,871496.0,29520.0,5080410.0,40670569.80937129,28643853.108837742,75.54166666666667,49.541666666666664,0.0,44832.0,25665.3,8428.0,42480.0,71762.2,50908.0,46860.0,70659.5,29040.0,7544.0,92639.04651162791
4697,2023-05-27,26899.17,26585.27,26721.25,26872.08,0.0,0.0,3458612.0,41212983.17590631,28631577.213355217,99.0,28.11111111111111,0.0,23240.0,23240.0,22486.666666666668,7486.0,76337.0,195925.0,0.0,0.0,0.0,0.0,213032.46153846153
4698,2023-05-28,28253.91,26790.38,26872.08,28077.15,672518.0,545755.0,8304762.0,40978046.31968394,25224486.21334037,61.54838709677419,62.69512195121951,0.0,9210.0,12901.333333333334,75487.25,8657.666666666666,110031.5,64318.71428571428,13172.1875,41584.0,30763.833333333332,130140.0,105930.58490566038
4699,2023-05-29,28456.94,27548.48,28077.15,27746.07,26625.0,142833.0,4396325.0,41662957.92868664,26021415.056858912,82.33928571428571,87.82608695652173,0.0,0.0,0.0,16120.0,7815.0,66942.375,46629.0,102108.75,41454.666666666664,29276.18181818182,0.0,40371.52857142857
4700,2023-05-30,28049.83,27567.55,27746.07,27702.14,167040.0,15900.0,3532978.0,42514153.88576971,29819345.270628706,102.38297872340425,83.57692307692308,0.0,7988.0,7812.0,8260.0,7612.5,12285.0,18165.666666666668,60450.0,0.0,16666.666666666668,0.0,59961.18518518518
4701,2023-05-31,27838.39,26855.32,27702.14,27220.7,181819.0,7950.0,11505355.0,50571950.83533543,29312526.364905454,55.901234567901234,83.1842105263158,0.0,26745.5,25962.0,43400.0,116312.0,40351.75,147518.5,59465.75,69209.25,460623.44444444444,86760.0,60428.61666666667
4702,2023-06-01,27343.78,26646.29,27220.7,26826.95,0.0,97740.0,13948660.0,43728647.08548561,29476836.69477981,76.48913043478261,84.04761904761905,0.0,18131.5,13450.0,91346.13333333333,0.0,140680.0,339867.46153846156,102959.0,7372.0,574932.5714285715,27700.6,40745.380952380954
4703,2023-06-02,27304.43,26521.49,26826.95,27251.31,23574.0,173247.0,10929803.0,37473961.12561674,27986310.04340666,41.125,54.15625,0.0,21205.5,14920.0,14784.8,59439.0,68392.66666666667,1217766.0,983513.6,42525.0,60000.0,130140.0,34636.846153846156
4704,2023-06-03,27332.14,26950.56,27251.31,27078.29,0.0,0.0,1216857.0,36755783.722699605,27943243.146620896,112.22727272727273,74.25,0.0,36946.0,0.0,13138.0,0.0,0.0,14000.0,0.0,0.0,0.0,0.0,46389.958333333336
4705,2023-06-04,27447.88,26963.31,27078.29,27126.86,0.0,107307.0,2353139.0,36493306.15334135,27570031.462572888,55.65217391304348,100.8,0.0,21869.0,17884.0,11560.0,20052.0,41317.666666666664,197416.66666666666,11853.0,0.0,0.0,0.0,49967.5
4706,2023-06-05,27134.81,25415.65,27126.86,25740.49,19360.0,440206.0,20806989.0,37624848.4577899,31337564.61868696,65.98581560283688,65.20202020202021,0.0,25235.5,114483.3448275862,313401.6666666667,22054.6,259337.57894736843,32833.142857142855,42974.77777777778,34946.0,10006.666666666666,15295.166666666666,60337.72173913044
4707,2023-06-06,27376.19,25378.79,25740.49,27264.0,18216.0,1187335.0,19388901.0,45374791.06593587,31964237.42544754,59.609756097560975,82.12765957446808,0.0,42815.416666666664,101576.9375,37706.76470588235,112258.46153846153,257485.9411764706,655289.7142857143,24073.0,8329.5,16984.0,8685.0,48900.80952380953
4708,2023-06-07,27420.01,26137.82,27264.0,26349.52,1021868.0,52032.0,20738990.0,34464346.512821846,35203644.797779456,69.6547619047619,90.29333333333334,0.0,41399.6,36933.75,110101.6,0.0,18956.1,178964.0,558498.0,64602.666666666664,18568.0,8592.0,138955.29
4709,2023-06-08,26811.0,26227.87,26349.52,26507.99,0.0,3205950.0,10210929.0,39482651.52427566,40308620.566748224,63.904761904761905,84.65217391304348,0.0,61455.0,43164.5,33573.0,16897.5,9840.0,30914.5,1017634.875,102060.0,0.0,498150.0,48885.739130434784
4710,2023-06-09,26776.13,26297.32,26507.99,26483.95,0.0,0.0,5435615.0,38751379.12040403,40150639.259082645,81.65789473684211,86.82608695652173,0.0,0.0,0.0,19871.0,53193.2,17610.0,19075.0,7320.0,136080.0,0.0,498150.0,115671.02702702703
4711,2023-06-10,26533.6,25460.6,26483.95,25856.35,46088.0,0.0,42292450.0,39181966.37479641,60401265.44485548,76.09756097560975,85.16666666666667,0.0,19936.0,16811.5,18061.714285714286,58353.818181818184,68408.0,1278516.6666666667,300120.0,50481.71428571428,14940.0,26018.4,569000.15625
4712,2023-06-11,26211.29,25656.98,25856.35,25936.78,0.0,77440.0,3411924.0,38778335.075622976,40782861.71320903,67.5,66.9090909090909,0.0,72501.0,74700.0,19824.0,187429.0,39275.0,13862.0,813681.0,0.0,116656.66666666667,0.0,40778.9
4713,2023-06-12,26096.89,25627.25,25936.78,25905.8,22240.0,0.0,8472764.0,40947644.54314149,40316187.32757475,63.53333333333333,106.9090909090909,0.0,71768.0,0.0,19840.0,0.0,435959.625,134750.0,44810.0,0.0,0.0,0.0,139858.03225806452
4714,2023-06-13,26426.14,25714.9,25905.8,25925.2,73500.0,578392.0,8001872.0,43899842.18713776,39538842.89015293,96.08108108108108,56.24324324324324,0.0,0.0,23104.0,23728.85714285714,11850.0,97960.42857142857,33060.25,15530.0,43669.5,237485.6,25756.0,63168.0
4715,2023-06-14,26073.49,24834.48,25925.2,25126.91,69634.0,172833.0,16635512.0,40562089.7397935,36824500.36095886,53.5125,75.3529411764706,0.0,0.0,381064.6666666667,47758.52173913043,101931.3,231998.2857142857,207989.14285714287,496669.6,43669.5,212624.0,24570.0,77507.56666666667
4716,2023-06-15,25743.71,24762.12,25126.91,25575.24,406300.0,98400.0,14464277.0,54925329.216629386,34197542.78059139,59.392857142857146,84.8695652173913,0.0,659440.0,280703.5,249153.16666666666,34810.0,145625.81818181818,153182.0,97065.0,0.0,229678.0,0.0,100247.42105263157
4717,2023-06-16,26478.23,25164.41,25575.24,26329.75,12000.0,7728.0,25240386.0,47082216.42263591,32378660.932733648,82.9090909090909,93.57692307692308,0.0,659440.0,231388.0,43118.0,25197.6,98424.0,96826.88888888889,0.0,352448.0,151731.6,13185.0,259930.9358974359
4718,2023-06-17,26356.76,26170.63,26329.75,26222.86,0.0,0.0,38306809.0,53529555.98534634,25418935.804583263,75.92307692307692,58.07692307692308,0.0,18206.333333333332,20375.333333333332,461147.2,557533.0,117175.0,116533.33333333333,724624.3333333334,8712.0,0.0,28665.0,827454.2058823529
